{"kernel": "linear", "reps": 1, "classification": {"mus": [0.021431633090441493], "accuracy": [[0.9695801199657241, 0.9695801196081983, 0.977272727477203, 0.9674378748928878, 0.9747215081405313, 0.9695540310792612, 0.9717223646810347, 0.967866323907455, 0.966552315813395, 0.9708654670094259, 0.9712939156664674, 0.9725557461406518, 0.9725792627101693, 0.9708654670094259, 0.9716981134120228, 0.9721508140531276, 0.967437874535362, 0.9656946828802904, 0.976006855184233, 0.9700085689802913, 0.9721269298785751, 0.9682947725644966, 0.974293059125964, 0.9734133790737565, 0.9725792630676949, 0.9717223650385605, 0.9678387652130519, 0.9665809768637532, 0.972150813695602, 0.9678387650085764, 0.9708654670094259, 0.9682947729220223, 0.9712692969454705, 0.9751499571550986, 0.9704370176373329, 0.9751286449399656, 0.9725792630676949, 0.9708654666519002, 0.9721269296740995, 0.9768637528558419, 0.9682947729220223, 0.9686963981461566, 0.9704370176373329, 0.9747215077830056, 0.9721269296740995, 0.9730077120822622, 0.967866323907455, 0.9755574616109937, 0.9670094255207947, 0.967866323907455, 0.9708404802744426, 0.9708654666519002, 0.9691516709511568, 0.9716981132075472, 0.972150813695602, 0.9712939160239932, 0.9695540308747856, 0.9717223646810347, 0.9721508140531276, 0.9682675816796043]], "mean_accuracy": [0.9709857156136803], "svc_accuracy": [[97.08654670094259, 97.08654670094259, 97.85591766723842, 97.30077120822622, 97.47215081405312, 97.12692967409949, 97.51499571550985, 97.08654670094259, 96.52658662092624, 97.4293059125964, 97.08654670094259, 97.16981132075472, 97.51499571550985, 97.30077120822622, 97.29845626072041, 97.6006855184233, 97.25792630676949, 96.69811320754717, 97.72922022279349, 97.4293059125964, 97.04116638078902, 97.08654670094259, 97.38646101113967, 97.59862778730704, 96.82947729220223, 97.30077120822622, 96.99828473413379, 96.91516709511568, 97.77206512425022, 96.95540308747856, 97.12939160239931, 96.74378748928878, 97.38421955403088, 97.68637532133675, 97.08654670094259, 97.5557461406518, 97.04370179948586, 97.30077120822622, 97.59862778730704, 97.72922022279349, 97.00085689802914, 97.12692967409949, 97.51499571550985, 97.34361610968294, 97.5557461406518, 97.4293059125964, 97.04370179948586, 97.72727272727273, 97.17223650385604, 96.95801199657241, 97.5557461406518, 97.21508140531277, 97.4293059125964, 97.46998284734134, 97.47215081405312, 97.38646101113967, 97.25557461406518, 97.55784061696659, 97.4293059125964, 96.91252144082333]], "mean_svc_accuracy": [97.28785220885189], "BA": [[0.9695801734924316, 0.9695801138877869, 0.9772727489471436, 0.9674378633499146, 0.9747214913368225, 0.96955406665802, 0.9717223644256592, 0.9678663015365601, 0.9665523171424866, 0.9708654880523682, 0.9712939262390137, 0.9725557565689087, 0.9725792407989502, 0.9708654880523682, 0.9716981053352356, 0.9721508026123047, 0.9674378633499146, 0.9656946659088135, 0.9760068655014038, 0.9700086116790771, 0.9721269607543945, 0.9682947397232056, 0.974293053150177, 0.973413348197937, 0.9725792407989502, 0.9717223644256592, 0.9678387641906738, 0.9665809869766235, 0.9721508026123047, 0.9678387641906738, 0.9708654880523682, 0.9682947397232056, 0.9712692499160767, 0.9751499891281128, 0.9704370498657227, 0.9751286506652832, 0.9725792407989502, 0.9708654880523682, 0.9721269607543945, 0.9768637418746948, 0.9682947397232056, 0.9686964154243469, 0.9704370498657227, 0.9747214913368225, 0.9721269607543945, 0.9730076789855957, 0.9678663015365601, 0.9755574464797974, 0.967009425163269, 0.9678663015365601, 0.9708404541015625, 0.9708654880523682, 0.9691516160964966, 0.9716981649398804, 0.9721508026123047, 0.9712939262390137, 0.96955406665802, 0.9717223644256592, 0.9721508026123047, 0.968267560005188]], "mean_BA": [0.9709857155879339], "mAP": [[0.9956069432091265, 0.9945215441910698, 0.9956582233500336, 0.995192894410331, 0.9959741099073991, 0.994044394005766, 0.9949646402885315, 0.9955139124473705, 0.9945577469981677, 0.9948082346516263, 0.9965237958845031, 0.995462873570107, 0.9950980171149082, 0.9938565724437229, 0.9960319168908955, 0.9945698995259593, 0.9950930293454615, 0.9955768700955394, 0.9964936260553242, 0.9950134562126096, 0.9959138704727382, 0.9957066774401537, 0.996246184136372, 0.9952960705025424, 0.9964538246589055, 0.9944207936452762, 0.9955446788510023, 0.9941362624333747, 0.9959981583225046, 0.9952344556575385, 0.9951719784927977, 0.9939843150797001, 0.9956040265665543, 0.9964231456384628, 0.9950215210172904, 0.9958797147813702, 0.9939753650595134, 0.9959476329214872, 0.9961621844037252, 0.9955756446750099, 0.9957802481309366, 0.9948158991434081, 0.9959468289345451, 0.9960970968006919, 0.9945735823782242, 0.9953854658589902, 0.9936163237338582, 0.9966028796403624, 0.9959418642185547, 0.9953112177818292, 0.9952012578836105, 0.9951650400273573, 0.9930137714432912, 0.9965130664229817, 0.9952576174237646, 0.9955760692621776, 0.9944067142092303, 0.9940746573011662, 0.9962140788256957, 0.9943111783200141]], "mean_mAP": [0.9952844010515911], "svc_BA": [[0.9708654880523682, 0.9708654880523682, 0.978559136390686, 0.9730076789855957, 0.9747214913368225, 0.9712692499160767, 0.9751499891281128, 0.9708654880523682, 0.9652658700942993, 0.974293053150177, 0.9708654880523682, 0.9716981053352356, 0.9751499891281128, 0.9730076789855957, 0.9729845523834229, 0.9760068655014038, 0.9725792407989502, 0.9669811129570007, 0.9772921800613403, 0.974293053150177, 0.9704116582870483, 0.9708654880523682, 0.9738646149635315, 0.9759863018989563, 0.9682947397232056, 0.9730076789855957, 0.9699828624725342, 0.9691516160964966, 0.9777206778526306, 0.96955406665802, 0.9712939262390137, 0.9674378633499146, 0.9738421440124512, 0.9768637418746948, 0.9708654880523682, 0.9755574464797974, 0.9704370498657227, 0.9730076789855957, 0.9759862422943115, 0.9772921800613403, 0.9700086116790771, 0.9712693095207214, 0.9751499891281128, 0.973436176776886, 0.9755574464797974, 0.974293053150177, 0.9704370498657227, 0.9772727489471436, 0.9717223644256592, 0.9695801138877869, 0.9755574464797974, 0.9721508026123047, 0.974293053150177, 0.974699854850769, 0.9747214913368225, 0.9738645553588867, 0.9725557565689087, 0.9755784273147583, 0.974293053150177, 0.9691252708435059]], "svc_mean_BA": [0.9728785206874212], "svc_mAP": [[0.9961688350522009, 0.9951094401822036, 0.996578784889457, 0.9958808606888375, 0.996757478153, 0.9947651252778246, 0.9957745276441687, 0.9956674713863743, 0.9950725876993535, 0.9953051306934809, 0.9967579234617648, 0.9962262957489051, 0.9953495515306209, 0.9946006278477952, 0.9967169206774404, 0.9948027086058213, 0.995975171179055, 0.995854454240588, 0.9967930491266239, 0.9956281135161111, 0.9962375691979888, 0.996193211536978, 0.9967010788344738, 0.995782283708287, 0.9956560972375765, 0.9949754272192479, 0.9958701227047483, 0.9949204366070192, 0.9967942139962414, 0.9955360450541137, 0.9957750522350495, 0.994195431190961, 0.9961644514898655, 0.9966738777376245, 0.9956379983593227, 0.9964193369994698, 0.9939737812346351, 0.9964238948403297, 0.9966870928273915, 0.9958020712173489, 0.9964770429583183, 0.9956967046650212, 0.9965633254713873, 0.9962612434431914, 0.9949265613412274, 0.9957664419425486, 0.9948576962378186, 0.996890828120909, 0.996320618400234, 0.9959269727793302, 0.9958178229888337, 0.9955735411015565, 0.9943442129574169, 0.9967179367149831, 0.9958705836359947, 0.996089594668344, 0.9947133187151922, 0.9950239623919175, 0.9966345528969391, 0.9948514768369452]], "svc_mean_mAP": [0.99579214950164], "fs_time": [[]]}}