{"reps": 1, "classification": {"regularization": [0.001, 0.001, 0.001, 0.001], "n_features": [5, 10, 15, 20], "accuracy": [[0.8777393102645874, 0.8892733454704285, 0.9064664840698242, 0.8627451062202454, 0.8950403928756714, 0.8810623288154602, 0.8835063576698303, 0.8846597671508789, 0.9099307060241699, 0.890426754951477, 0.8858131766319275, 0.8129330277442932, 0.8835063576698303, 0.8950403928756714, 0.8914549946784973, 0.9019607901573181, 0.8892733454704285, 0.8822171092033386, 0.9031141996383667, 0.8708189129829407, 0.8879907727241516, 0.9054210186004639, 0.9008073806762695, 0.8856812715530396, 0.890426754951477, 0.899653971195221, 0.8729792237281799, 0.8985005617141724, 0.8950403928756714, 0.8937644362449646, 0.8938869833946228, 0.8615916967391968, 0.898383378982544, 0.890426754951477, 0.8800461292266846, 0.9030023217201233, 0.8696655035018921, 0.8662053346633911, 0.8949191570281982, 0.8938869833946228, 0.8973471522331238, 0.886836051940918, 0.890426754951477, 0.8662053346633911, 0.8845265507698059, 0.8869665265083313, 0.8869665265083313, 0.8810623288154602, 0.8558247089385986, 0.8869665265083313, 0.8429561257362366, 0.8742791414260864, 0.9031141996383667, 0.8856812715530396, 0.9123414158821106, 0.8742791414260864, 0.8937644362449646, 0.8938869833946228, 0.7739331126213074, 0.8856812715530396], [0.8881199359893799, 0.8950403928756714, 0.9006928205490112, 0.890426754951477, 0.9065743684768677, 0.9030023217201233, 0.8915801644325256, 0.8985005617141724, 0.9087759852409363, 0.9019607901573181, 0.8811995387077332, 0.8972286581993103, 0.8985005617141724, 0.8938869833946228, 0.9030023217201233, 0.8985005617141724, 0.9054210186004639, 0.9006928205490112, 0.9008073806762695, 0.911188006401062, 0.8937644362449646, 0.9123414158821106, 0.8973471522331238, 0.8683602809906006, 0.8985005617141724, 0.8973471522331238, 0.8799076080322266, 0.8938869833946228, 0.9134948253631592, 0.8995380997657776, 0.9008073806762695, 0.8858131766319275, 0.898383378982544, 0.9019607901573181, 0.899653971195221, 0.9018476009368896, 0.8835063576698303, 0.8938869833946228, 0.9006928205490112, 0.8915801644325256, 0.9019607901573181, 0.8972286581993103, 0.8950403928756714, 0.8915801644325256, 0.898383378982544, 0.8961937427520752, 0.8823529481887817, 0.8937644362449646, 0.8869665265083313, 0.890426754951477, 0.898383378982544, 0.878892719745636, 0.9181084036827087, 0.898383378982544, 0.9065743684768677, 0.8800461292266846, 0.9087759852409363, 0.9100345969200134, 0.8985005617141724, 0.8845265507698059], [0.8915801644325256, 0.8731257319450378, 0.8822171092033386, 0.8811995387077332, 0.8685120940208435, 0.8856812715530396, 0.8696655035018921, 0.9054210186004639, 0.861431896686554, 0.8950403928756714, 0.8523644804954529, 0.8775981664657593, 0.8823529481887817, 0.8569780588150024, 0.8718245029449463, 0.8800461292266846, 0.875432550907135, 0.8856812715530396, 0.858131468296051, 0.8765859007835388, 0.8960738778114319, 0.9019607901573181, 0.8662053346633911, 0.8533487319946289, 0.8685120940208435, 0.8835063576698303, 0.8683602809906006, 0.8454440832138062, 0.8927335739135742, 0.8822171092033386, 0.8742791414260864, 0.8592848777770996, 0.8510392904281616, 0.8765859007835388, 0.8973471522331238, 0.8903002142906189, 0.8685120940208435, 0.8927335739135742, 0.8764434456825256, 0.8662053346633911, 0.8950403928756714, 0.8833718299865723, 0.8869665265083313, 0.8685120940208435, 0.8648960590362549, 0.8615916967391968, 0.8650519251823425, 0.8672055602073669, 0.8961937427520752, 0.878892719745636, 0.8879907727241516, 0.8731257319450378, 0.911188006401062, 0.8914549946784973, 0.8627451062202454, 0.8777393102645874, 0.8729792237281799, 0.8869665265083313, 0.8512110710144043, 0.8498845100402832], [0.8362168669700623, 0.8419838547706604, 0.8175519704818726, 0.8339100480079651, 0.8385236263275146, 0.8487297892570496, 0.8258362412452698, 0.8650519251823425, 0.8429561257362366, 0.8385236263275146, 0.8373702168464661, 0.8371824622154236, 0.8396770358085632, 0.8362168669700623, 0.8498845100402832, 0.8327566385269165, 0.8269895911216736, 0.8418014049530029, 0.8258362412452698, 0.85467129945755, 0.8545034527778625, 0.8569780588150024, 0.8385236263275146, 0.8256350755691528, 0.843137264251709, 0.858131468296051, 0.8371824622154236, 0.8419838547706604, 0.8615916967391968, 0.861431896686554, 0.8189157843589783, 0.8385236263275146, 0.8152424693107605, 0.8143022060394287, 0.8615916967391968, 0.8406466245651245, 0.8316032290458679, 0.858131468296051, 0.8429561257362366, 0.843137264251709, 0.8419838547706604, 0.8521940112113953, 0.8096885681152344, 0.8154556155204773, 0.8371824622154236, 0.8408304452896118, 0.8292964100837708, 0.8406466245651245, 0.8535178899765015, 0.8535178899765015, 0.8325635194778442, 0.843137264251709, 0.8742791414260864, 0.8314087986946106, 0.8027681708335876, 0.8200691938400269, 0.8475750684738159, 0.8385236263275146, 0.8327566385269165, 0.8302540183067322]], "mean_accuracy": [0.8840384741624197, 0.896730782588323, 0.8762495209773381, 0.8390578150749206],