{"reps": 1, "classification": {"regularization": [0.001, 0.001, 0.001, 0.001], "n_features": [5, 10, 15, 20], "accuracy": [[0.7474048733711243, 0.7035755515098572, 0.5889145731925964, 0.6078431606292725, 0.6355248093605042, 0.6189376711845398, 0.6136101484298706, 0.7450980544090271, 0.607390284538269, 0.7104959487915039, 0.6228373646736145, 0.7043879628181458, 0.7370242476463318, 0.7474048733711243, 0.6304849982261658, 0.665513277053833, 0.6574394702911377, 0.6212471127510071, 0.6170703768730164, 0.6459054350852966, 0.6963048577308655, 0.6113033294677734, 0.7058823704719543, 0.6709007024765015, 0.6182237863540649, 0.6251441836357117, 0.7159353494644165, 0.600922703742981, 0.612456738948822, 0.7217090129852295, 0.7128027677536011, 0.6309111714363098, 0.6062355637550354, 0.59746253490448, 0.6205305457115173, 0.6154734492301941, 0.6205305457115173, 0.6113033294677734, 0.6096997857093811, 0.6170703768730164, 0.6551326513290405, 0.5946882367134094, 0.6020761132240295, 0.6851211190223694, 0.7090069055557251, 0.7035755515098572, 0.6401383876800537, 0.581986129283905, 0.5986159443855286, 0.6355248093605042, 0.6189376711845398, 0.6297577619552612, 0.6136101484298706, 0.6293302774429321, 0.6562860608100891, 0.6055363416671753, 0.7147806286811829, 0.6528258323669434, 0.6136101484298706, 0.7032332420349121], [0.8500576615333557, 0.8062283992767334, 0.6558891534805298, 0.5501729846000671, 0.8569780588150024, 0.7159353494644165, 0.6712802648544312, 0.769319474697113, 0.8787528872489929, 0.863898515701294, 0.7808535099029541, 0.6859122514724731, 0.8016147613525391, 0.7116493582725525, 0.5900692939758301, 0.8016147613525391, 0.7797001004219055, 0.6778290867805481, 0.6839677095413208, 0.6182237863540649, 0.8568129539489746, 0.6055363416671753, 0.8039215803146362, 0.7829099297523499, 0.7935409545898438, 0.5940023064613342, 0.7702078819274902, 0.7670127153396606, 0.565167248249054, 0.6997690796852112, 0.7854671478271484, 0.7958477735519409, 0.7494226098060608, 0.6643598675727844, 0.5847750902175903, 0.7575057744979858, 0.6482122540473938, 0.6851211190223694, 0.8764434456825256, 0.786620557308197, 0.6055363416671753, 0.550808310508728, 0.6943483352661133, 0.6643598675727844, 0.7840646505355835, 0.7854671478271484, 0.7889273166656494, 0.8648960590362549, 0.6309111714363098, 0.7727797031402588, 0.6951501369476318, 0.6251441836357117, 0.5524798035621643, 0.7748267650604248, 0.6309111714363098, 0.6424452066421509, 0.7852193713188171, 0.769319474697113, 0.6678200960159302, 0.7794457077980042], [0.8696655035018921, 0.8408304452896118, 0.7274826765060425, 0.6666666865348816, 0.8316032290458679, 0.7309468984603882, 0.7508650422096252, 0.810841977596283, 0.8441108465194702, 0.875432550907135, 0.8535178899765015, 0.8013857007026672, 0.8858131766319275, 0.7151095867156982, 0.7055427432060242, 0.8650519251823425, 0.8627451062202454, 0.8429561257362366, 0.7185697555541992, 0.7312572002410889, 0.8256350755691528, 0.822376012802124, 0.8154556155204773, 0.7309468984603882, 0.8050749897956848, 0.5663206577301025, 0.8233256340026855, 0.7393310070037842, 0.6459054350852966, 0.7321016192436218, 0.8200691938400269, 0.8269895911216736, 0.8083140850067139, 0.7554786801338196, 0.697808563709259, 0.6974595785140991, 0.7393310070037842, 0.7358708381652832, 0.8672055602073669, 0.7762399315834045, 0.576701283454895, 0.6039261221885681, 0.7439446449279785, 0.7047289609909058, 0.8152424693107605, 0.8419838547706604, 0.875432550907135, 0.8290992975234985, 0.7208765745162964, 0.7658593058586121, 0.6801385879516602, 0.7208765745162964, 0.5340253710746765, 0.8648960590362549, 0.7554786801338196, 0.6228373646736145, 0.8475750684738159, 0.8708189129829407, 0.8119953870773315, 0.7448036670684814], [0.8281430006027222, 0.8016147613525391, 0.7090069055557251, 0.6643598675727844, 0.8408304452896118, 0.7482678890228271, 0.7324106097221375, 0.7785466909408569, 0.7863741517066956, 0.8500576615333557, 0.8373702168464661, 0.7563510537147522, 0.8235294222831726, 0.7243368029594421, 0.6939953565597534, 0.8523644804954529, 0.8200691938400269, 0.7794457077980042, 0.8304498195648193, 0.6989619135856628, 0.7944572567939758, 0.8454440832138062, 0.8339100480079651, 0.8290992975234985, 0.7681660652160645, 0.5697808265686035, 0.8083140850067139, 0.8039215803146362, 0.7001153230667114, 0.7713626027107239, 0.8327566385269165, 0.7704728841781616, 0.8302540183067322, 0.7623990774154663, 0.722029983997345, 0.7517321109771729, 0.7393310070037842, 0.7658593058586121, 0.8267898559570312, 0.7058823704719543, 0.6712802648544312, 0.607390284538269, 0.7854671478271484, 0.8350634574890137, 0.7563510537147522, 0.8177623748779297, 0.8535178899765015, 0.8152424693107605, 0.8131487965583801, 0.8235294222831726, 0.7459584474563599, 0.8362168669700623, 0.689734697341919, 0.8637413382530212, 0.769319474697113, 0.7935409545898438, 0.7586604952812195, 0.8316032290458679, 0.7670127153396606, 0.7990761995315552]], "mean_accuracy": [0.6482114543517431, 0.7231244136889775, 0.7682145963112513, 0.777036365866661],