{"reps": 1, "classification": {"regularization": 0.001, "n_features": [5, 10, 15, 20], "accuracy": [[0.4792626728110599, 0.5127020785219399, 0.5092378752886836, 0.5092165898617511, 0.45958429561200925, 0.5138568129330254, 0.5080645161290323, 0.5115473441108545, 0.4896073903002309, 0.5092165898617511, 0.49884526558891457, 0.49884526558891457, 0.511520737327189, 0.4665127020785219, 0.4618937644341801, 0.47465437788018433, 0.4942263279445728, 0.49653579676674364, 0.49193548387096775, 0.4838337182448037, 0.49191685912240185, 0.4700460829493088, 0.4561200923787529, 0.5, 0.49193548387096775, 0.4896073903002309, 0.4630484988452656, 0.5, 0.4942263279445728, 0.49191685912240185, 0.47580645161290325, 0.4942263279445728, 0.476905311778291, 0.4976958525345622, 0.4884526558891455, 0.4953810623556582, 0.46774193548387094, 0.49884526558891457, 0.48729792147806006, 0.5011520737327189, 0.4896073903002309, 0.4942263279445728, 0.4804147465437788, 0.48498845265588914, 0.4907621247113164, 0.49193548387096775, 0.48614318706697457, 0.5046189376443418, 0.47465437788018433, 0.535796766743649, 0.5115473441108545, 0.4965437788018433, 0.48614318706697457, 0.5150115473441108, 0.4827188940092166, 0.4665127020785219, 0.5138568129330254, 0.5092165898617511, 0.46997690531177827, 0.47575057736720555], [0.49193548387096775, 0.5115473441108545, 0.5, 0.5126728110599078, 0.48614318706697457, 0.5173210161662818, 0.4976958525345622, 0.5034642032332564, 0.5277136258660509, 0.511520737327189, 0.5288683602771362, 0.5265588914549654, 0.5299539170506913, 0.47344110854503463, 0.5161662817551963, 0.5069124423963134, 0.5023094688221709, 0.5184757505773672, 0.4838709677419355, 0.48267898383371827, 0.5173210161662818, 0.4539170506912442, 0.46997690531177827, 0.48498845265588914, 0.4735023041474654, 0.46420323325635104, 0.48729792147806006, 0.4815668202764977, 0.4665127020785219, 0.4907621247113164, 0.49078341013824883, 0.5057736720554272, 0.4884526558891455, 0.5207373271889401, 0.4838337182448037, 0.5150115473441108, 0.4873271889400922, 0.5069284064665127, 0.5011547344110855, 0.49539170506912444, 0.5127020785219399, 0.48267898383371827, 0.4792626728110599, 0.48614318706697457, 0.4976905311778291, 0.4965437788018433, 0.5127020785219399, 0.5034642032332564, 0.4861751152073733, 0.5, 0.4884526558891455, 0.5472350230414746, 0.4630484988452656, 0.4953810623556582, 0.5034562211981567, 0.5, 0.5265588914549654, 0.5046082949308756, 0.4792147806004619, 0.48498845265588914], [0.5, 0.5184757505773672, 0.48498845265588914, 0.5023041474654378, 0.4722863741339492, 0.4838337182448037, 0.5069124423963134, 0.5138568129330254, 0.5, 0.49193548387096775, 0.48498845265588914, 0.5046189376443418, 0.5057603686635944, 0.49884526558891457, 0.5127020785219399, 0.49078341013824883, 0.535796766743649, 0.5346420323325635, 0.5057603686635944, 0.4896073903002309, 0.5103926096997691, 0.5403225806451613, 0.5103926096997691, 0.5150115473441108, 0.4827188940092166, 0.5300230946882217, 0.48267898383371827, 0.4735023041474654, 0.5057736720554272, 0.49884526558891457, 0.5138248847926268, 0.5092378752886836, 0.48267898383371827, 0.46774193548387094, 0.5046189376443418, 0.5069284064665127, 0.5149769585253456, 0.5011547344110855, 0.49191685912240185, 0.5092165898617511, 0.48498845265588914, 0.5311778290993071, 0.4976958525345622, 0.48036951501154734, 0.5034642032332564, 0.5092165898617511, 0.5242494226327945, 0.4953810623556582, 0.47580645161290325, 0.47344110854503463, 0.4896073903002309, 0.5023041474654378, 0.4907621247113164, 0.5103926096997691, 0.5057603686635944, 0.5207852193995381, 0.5, 0.49078341013824883, 0.5207852193995381, 0.5023094688221709], [0.5483870967741935, 0.5496535796766744, 0.5612009237875288, 0.5518433179723502, 0.5612009237875288, 0.5311778290993071, 0.5506912442396313, 0.5531177829099307, 0.5600461893764435, 0.5576036866359447, 0.5508083140877598, 0.5808314087759815, 0.5622119815668203, 0.5392609699769053, 0.581986143187067, 0.5599078341013825, 0.5785219399538106, 0.5415704387990762, 0.5426267281105991, 0.558891454965358, 0.5334872979214781, 0.5161290322580645, 0.5473441108545035, 0.5369515011547344, 0.5403225806451613, 0.5404157043879908, 0.5369515011547344, 0.5414746543778802, 0.5450346420323325, 0.5519630484988453, 0.5587557603686636, 0.5531177829099307, 0.5311778290993071, 0.5783410138248848, 0.5404157043879908, 0.5127020785219399, 0.5472350230414746, 0.5669745958429562, 0.5496535796766744, 0.576036866359447, 0.5519630484988453, 0.5196304849884527, 0.543778801843318, 0.5242494226327945, 0.5265588914549654, 0.5633640552995391, 0.5796766743648961, 0.5669745958429562, 0.5345622119815668, 0.5427251732101617, 0.5565819861431871, 0.5783410138248848, 0.5484988452655889, 0.5323325635103926, 0.5368663594470046, 0.5381062355658198, 0.5254041570438799, 0.543778801843318, 0.5438799076212472, 0.5519630484988453]], "mean_accuracy": [0.49123080320558526, 0.4977499973393216, 0.5016556071135897, 0.5489210062330826],