{"kernel": "linear", "reps": 1, "regularization": 0.001, "classification": {"n_features": [5, 10, 15, 20], "accuracy": [[0.8963133640552995, 0.8706697459584296, 0.8903002309468823, 0.9066820276497696, 0.8903002309468823, 0.871824480369515, 0.8847926267281107, 0.9006928406466512, 0.8822170900692841, 0.8905529953917051, 0.8695150115473441, 0.9030023094688222, 0.8997695852534562, 0.8903002309468823, 0.8845265588914549, 0.8894009216589862, 0.8972286374133949, 0.8845265588914549, 0.8928571428571429, 0.8891454965357968, 0.9006928406466512, 0.8963133640552995, 0.8995381062355658, 0.8799076212471132, 0.8824884792626728, 0.9018475750577367, 0.8914549653579676, 0.8963133640552995, 0.8960739030023095, 0.8995381062355658, 0.8963133640552995, 0.8868360277136259, 0.8856812933025404, 0.8940092165898618, 0.8856812933025404, 0.8695150115473441, 0.9032258064516129, 0.8868360277136259, 0.9006928406466512, 0.8928571428571429, 0.9122401847575058, 0.8729792147806005, 0.8755760368663594, 0.8995381062355658, 0.9076212471131639, 0.8709677419354839, 0.789838337182448, 0.9053117782909931, 0.8824884792626728, 0.8926096997690531, 0.9099307159353349, 0.881336405529954, 0.8822170900692841, 0.8995381062355658, 0.9032258064516129, 0.8926096997690531, 0.8775981524249422, 0.902073732718894, 0.8833718244803695, 0.9064665127020786], [0.8629032258064516, 0.8337182448036952, 0.874133949191686, 0.8755760368663594, 0.8648960739030023, 0.8302540415704388, 0.8548387096774194, 0.8383371824480369, 0.8394919168591224, 0.8421658986175116, 0.8568129330254042, 0.851039260969977, 0.8375576036866359, 0.8568129330254042, 0.8556581986143187, 0.8571428571428571, 0.8729792147806005, 0.859122401847575, 0.8421658986175116, 0.8533487297921478, 0.8545034642032333, 0.8306451612903226, 0.8787528868360277, 0.8429561200923787, 0.8271889400921659, 0.851039260969977, 0.8556581986143187, 0.8559907834101382, 0.8348729792147807, 0.8672055427251733, 0.869815668202765, 0.8568129330254042, 0.8614318706697459, 0.8732718894009217, 0.8441108545034642, 0.8498845265588915, 0.8594470046082949, 0.8348729792147807, 0.8579676674364896, 0.8755760368663594, 0.8706697459584296, 0.851039260969977, 0.8559907834101382, 0.859122401847575, 0.8683602771362586, 0.8525345622119815, 0.836027713625866, 0.8406466512702079, 0.8629032258064516, 0.8383371824480369, 0.8695150115473441, 0.8456221198156681, 0.8244803695150116, 0.8394919168591224, 0.8456221198156681, 0.8625866050808314, 0.8475750577367206, 0.8663594470046083, 0.8267898383371824, 0.8775981524249422], [0.7995391705069125, 0.7852193995381063, 0.8117782909930716, 0.8329493087557603, 0.8314087759815243, 0.7875288683602771, 0.8294930875576036, 0.792147806004619, 0.8163972286374134, 0.8271889400921659, 0.8048498845265589, 0.8117782909930716, 0.7960829493087558, 0.8025404157043879, 0.8071593533487298, 0.8018433179723502, 0.8198614318706697, 0.7875288683602771, 0.8064516129032258, 0.7933025404157044, 0.8314087759815243, 0.7776497695852534, 0.8279445727482679, 0.8221709006928406, 0.7684331797235023, 0.8071593533487298, 0.8094688221709007, 0.8145161290322581, 0.7967667436489607, 0.836027713625866, 0.8145161290322581, 0.7909930715935335, 0.8279445727482679, 0.8168202764976958, 0.8198614318706697, 0.8175519630484989, 0.7972350230414746, 0.7967667436489607, 0.8048498845265589, 0.8168202764976958, 0.8048498845265589, 0.7944572748267898, 0.8052995391705069, 0.8060046189376443, 0.8221709006928406, 0.8145161290322581, 0.7990762124711316, 0.8071593533487298, 0.8076036866359447, 0.7875288683602771, 0.8233256351039261, 0.8029953917050692, 0.7933025404157044, 0.8187066974595842, 0.7776497695852534, 0.8418013856812933, 0.8071593533487298, 0.8237327188940092, 0.8071593533487298, 0.8545034642032333], [0.7764976958525346, 0.7702078521939953, 0.7771362586605081, 0.804147465437788, 0.7678983833718245, 0.745958429561201, 0.8076036866359447, 0.7713625866050808, 0.7644341801385681, 0.782258064516129, 0.7782909930715936, 0.7840646651270208, 0.7868663594470046, 0.7702078521939953, 0.7736720554272517, 0.7914746543778802, 0.7840646651270208, 0.75635103926097, 0.7914746543778802, 0.789838337182448, 0.7967667436489607, 0.7592165898617511, 0.815242494226328, 0.7632794457274826, 0.7488479262672811, 0.7632794457274826, 0.8002309468822171, 0.7764976958525346, 0.7806004618937644, 0.7967667436489607, 0.804147465437788, 0.7632794457274826, 0.7598152424942263, 0.7914746543778802, 0.7551963048498845, 0.7933025404157044, 0.7684331797235023, 0.7678983833718245, 0.7794457274826789, 0.7903225806451613, 0.7482678983833718, 0.7505773672055427, 0.7868663594470046, 0.7655889145496536, 0.7852193995381063, 0.7868663594470046, 0.76905311778291, 0.7632794457274826, 0.7707373271889401, 0.7609699769053118, 0.7875288683602771, 0.7868663594470046, 0.8013856812933026, 0.7886836027713626, 0.7557603686635944, 0.7909930715935335, 0.7886836027713626, 0.7649769585253456, 0.7528868360277137, 0.8187066974595842]], "mean_accuracy": [0.8896328884679107, 0.8530372087000635, 0.808982627544052, 0.777862535165299],