{"reps": 1, "classification": {"regularization": 0.001, "n_features": [5, 10, 15, 20], "accuracy": [[0.48502304147465436, 0.4780600461893764, 0.4942263279445728, 0.5299539170506913, 0.5161662817551963, 0.5092378752886836, 0.5311059907834101, 0.5138568129330254, 0.4815242494226328, 0.5092165898617511, 0.5254041570438799, 0.5150115473441108, 0.45161290322580644, 0.4792147806004619, 0.5242494226327945, 0.4988479262672811, 0.4907621247113164, 0.48614318706697457, 0.4930875576036866, 0.5080831408775982, 0.5103926096997691, 0.48847926267281105, 0.4942263279445728, 0.5207852193995381, 0.5057603686635944, 0.4745958429561201, 0.5219399538106235, 0.5126728110599078, 0.5115473441108545, 0.5300230946882217, 0.5126728110599078, 0.5115473441108545, 0.535796766743649, 0.5034562211981567, 0.48498845265588914, 0.5115473441108545, 0.4619815668202765, 0.48267898383371827, 0.48498845265588914, 0.4815668202764977, 0.5323325635103926, 0.4815242494226328, 0.5748847926267281, 0.4676674364896074, 0.5254041570438799, 0.48847926267281105, 0.4607390300230947, 0.5323325635103926, 0.5126728110599078, 0.5057736720554272, 0.4792147806004619, 0.4976958525345622, 0.49884526558891457, 0.5635103926096998, 0.5011520737327189, 0.49653579676674364, 0.49653579676674364, 0.48502304147465436, 0.5103926096997691, 0.49884526558891457], [0.5195852534562212, 0.4930715935334873, 0.5115473441108545, 0.5241935483870968, 0.476905311778291, 0.5150115473441108, 0.533410138248848, 0.5612009237875288, 0.5057736720554272, 0.5057603686635944, 0.5346420323325635, 0.5138568129330254, 0.47235023041474655, 0.5127020785219399, 0.5069284064665127, 0.4942396313364055, 0.49191685912240185, 0.47575057736720555, 0.5184331797235023, 0.5300230946882217, 0.4907621247113164, 0.5149769585253456, 0.5150115473441108, 0.5011547344110855, 0.511520737327189, 0.48729792147806006, 0.5184757505773672, 0.49539170506912444, 0.48498845265588914, 0.546189376443418, 0.46543778801843316, 0.45958429561200925, 0.5900692840646651, 0.4930875576036866, 0.5011547344110855, 0.5069284064665127, 0.4792626728110599, 0.5057736720554272, 0.4930715935334873, 0.5046082949308756, 0.5323325635103926, 0.5092378752886836, 0.565668202764977, 0.4976905311778291, 0.48729792147806006, 0.5241935483870968, 0.5150115473441108, 0.5127020785219399, 0.5264976958525346, 0.5184757505773672, 0.5184757505773672, 0.5138248847926268, 0.49884526558891457, 0.5554272517321016, 0.4873271889400922, 0.5369515011547344, 0.4896073903002309, 0.4619815668202765, 0.5438799076212472, 0.5577367205542725], [0.49539170506912444, 0.49884526558891457, 0.5773672055427251, 0.5253456221198156, 0.5023094688221709, 0.5, 0.4873271889400922, 0.5450346420323325, 0.4838337182448037, 0.5161290322580645, 0.5554272517321016, 0.5265588914549654, 0.5080645161290323, 0.5057736720554272, 0.5115473441108545, 0.5023041474654378, 0.476905311778291, 0.49191685912240185, 0.5046082949308756, 0.48729792147806006, 0.4607390300230947, 0.5264976958525346, 0.5103926096997691, 0.5034642032332564, 0.5241935483870968, 0.4838337182448037, 0.5080831408775982, 0.49193548387096775, 0.5219399538106235, 0.5300230946882217, 0.5069124423963134, 0.47575057736720555, 0.5323325635103926, 0.5023041474654378, 0.5173210161662818, 0.5254041570438799, 0.4873271889400922, 0.5127020785219399, 0.5219399538106235, 0.5034562211981567, 0.5554272517321016, 0.5161662817551963, 0.5311059907834101, 0.5092378752886836, 0.5092378752886836, 0.49193548387096775, 0.476905311778291, 0.5288683602771362, 0.5092165898617511, 0.5381062355658198, 0.5173210161662818, 0.4815668202764977, 0.5057736720554272, 0.5415704387990762, 0.4665898617511521, 0.5046189376443418, 0.5138568129330254, 0.49078341013824883, 0.5265588914549654, 0.6073903002309469], [0.4930875576036866, 0.5173210161662818, 0.569284064665127, 0.533410138248848, 0.4745958429561201, 0.5300230946882217, 0.5080645161290323, 0.5011547344110855, 0.5057736720554272, 0.4700460829493088, 0.49884526558891457, 0.523094688221709, 0.48502304147465436, 0.5046189376443418, 0.5, 0.48963133640552997, 0.49884526558891457, 0.5103926096997691, 0.4873271889400922, 0.4907621247113164, 0.4896073903002309, 0.521889400921659, 0.4653579676674365, 0.5484988452655889, 0.5380184331797235, 0.5011547344110855, 0.48498845265588914, 0.511520737327189, 0.5046189376443418, 0.5219399538106235, 0.5230414746543779, 0.5080831408775982, 0.5288683602771362, 0.48502304147465436, 0.49653579676674364, 0.49884526558891457, 0.5311059907834101, 0.5034642032332564, 0.5092378752886836, 0.5172811059907834, 0.5565819861431871, 0.5057736720554272, 0.5426267281105991, 0.5150115473441108, 0.5150115473441108, 0.5149769585253456, 0.5046189376443418, 0.5127020785219399, 0.5057603686635944, 0.5323325635103926, 0.4838337182448037, 0.48502304147465436, 0.5046189376443418, 0.5184757505773672, 0.5057603686635944, 0.49653579676674364, 0.5069284064665127, 0.5034562211981567, 0.5127020785219399, 0.5669745958429562]], "mean_accuracy": [0.5028666148721278, 0.5102535892551165, 0.5111796383605963, 0.5095014598255305],