{"reps": 1, "classification": {"regularization": 0.001, "n_features": [5, 10, 15, 20], "accuracy": [[0.6808755760368663, 0.7829099307159353, 0.5103926096997691, 0.521889400921659, 0.6697459584295612, 0.5369515011547344, 0.6451612903225806, 0.8048498845265589, 0.6108545034642032, 0.7235023041474654, 0.5173210161662818, 0.640877598152425, 0.8133640552995391, 0.6062355658198614, 0.6454965357967667, 0.6866359447004609, 0.7944572748267898, 0.6362586605080831, 0.7119815668202765, 0.6720554272517321, 0.6709006928406467, 0.6278801843317973, 0.6893764434180139, 0.7817551963048499, 0.6255760368663594, 0.6524249422632794, 0.6581986143187067, 0.6175115207373272, 0.6974595842956121, 0.5889145496535797, 0.7373271889400922, 0.5877598152424942, 0.8187066974595842, 0.5357142857142857, 0.6177829099307159, 0.6628175519630485, 0.7845622119815668, 0.5889145496535797, 0.8083140877598153, 0.8225806451612904, 0.7159353348729792, 0.558891454965358, 0.5529953917050692, 0.7263279445727483, 0.7090069284064665, 0.5276497695852534, 0.7136258660508084, 0.707852193995381, 0.8744239631336406, 0.5993071593533488, 0.5346420323325635, 0.5552995391705069, 0.8498845265588915, 0.7829099307159353, 0.5460829493087558, 0.6454965357967667, 0.684757505773672, 0.631336405529954, 0.5300230946882217, 0.8995381062355658], [0.847926267281106, 0.7748267898383372, 0.6374133949191686, 0.7327188940092166, 0.7990762124711316, 0.754041570438799, 0.8110599078341014, 0.894919168591224, 0.6397228637413395, 0.8836405529953917, 0.6709006928406467, 0.7471131639722863, 0.8986175115207373, 0.674364896073903, 0.8036951501154734, 0.7672811059907834, 0.8845265588914549, 0.6004618937644342, 0.782258064516129, 0.7517321016166282, 0.7448036951501155, 0.6267281105990783, 0.859122401847575, 0.8787528868360277, 0.8836405529953917, 0.6073903002309469, 0.6836027713625866, 0.7373271889400922, 0.871824480369515, 0.6616628175519631, 0.6244239631336406, 0.651270207852194, 0.8868360277136259, 0.8064516129032258, 0.815242494226328, 0.7367205542725174, 0.7511520737327189, 0.648960739030023, 0.8556581986143187, 0.8490783410138248, 0.6362586605080831, 0.6732101616628176, 0.6935483870967742, 0.8799076212471132, 0.7863741339491916, 0.6082949308755761, 0.7840646651270208, 0.7863741339491916, 0.8732718894009217, 0.8394919168591224, 0.7390300230946882, 0.7995391705069125, 0.8290993071593533, 0.8394919168591224, 0.6232718894009217, 0.7713625866050808, 0.8452655889145496, 0.6013824884792627, 0.6270207852193995, 0.8787528868360277], [0.8306451612903226, 0.8637413394919169, 0.6605080831408776, 0.8444700460829493, 0.8187066974595842, 0.7124711316397229, 0.738479262672811, 0.8498845265588915, 0.745958429561201, 0.8548387096774194, 0.8106235565819861, 0.8314087759815243, 0.8536866359447005, 0.5946882217090069, 0.859122401847575, 0.826036866359447, 0.8799076212471132, 0.5681293302540416, 0.6831797235023042, 0.859122401847575, 0.8441108545034642, 0.8433179723502304, 0.8441108545034642, 0.8602771362586605, 0.8502304147465438, 0.5704387990762124, 0.8140877598152425, 0.8110599078341014, 0.8371824480369515, 0.8221709006928406, 0.761520737327189, 0.6558891454965358, 0.8602771362586605, 0.7592165898617511, 0.7759815242494227, 0.8660508083140878, 0.8640552995391705, 0.7448036951501155, 0.8394919168591224, 0.8559907834101382, 0.5981524249422633, 0.7136258660508084, 0.7419354838709677, 0.8233256351039261, 0.8706697459584296, 0.7684331797235023, 0.687066974595843, 0.8729792147806005, 0.8306451612903226, 0.8106235565819861, 0.7725173210161663, 0.8513824884792627, 0.8002309468822171, 0.7875288683602771, 0.8352534562211982, 0.8337182448036952, 0.8290993071593533, 0.7811059907834101, 0.8383371824480369, 0.8498845265588915], [0.8052995391705069, 0.8429561200923787, 0.628175519630485, 0.8237327188940092, 0.7771362586605081, 0.76905311778291, 0.7327188940092166, 0.8498845265588915, 0.6893764434180139, 0.8133640552995391, 0.7655889145496536, 0.8083140877598153, 0.8456221198156681, 0.7378752886836027, 0.8117782909930716, 0.7926267281105991, 0.8244803695150116, 0.7863741339491916, 0.7200460829493087, 0.7886836027713626, 0.8094688221709007, 0.8052995391705069, 0.8002309468822171, 0.7944572748267898, 0.8490783410138248, 0.6778290993071594, 0.7286374133949192, 0.7096774193548387, 0.8418013856812933, 0.7494226327944573, 0.7304147465437788, 0.7471131639722863, 0.8660508083140878, 0.7096774193548387, 0.7598152424942263, 0.8198614318706697, 0.8191244239631337, 0.6651270207852193, 0.8221709006928406, 0.8214285714285714, 0.5969976905311778, 0.7586605080831409, 0.7442396313364056, 0.836027713625866, 0.8464203233256351, 0.7235023041474654, 0.6327944572748267, 0.8568129330254042, 0.8456221198156681, 0.7702078521939953, 0.7863741339491916, 0.7949308755760369, 0.7806004618937644, 0.8048498845265589, 0.815668202764977, 0.8418013856812933, 0.7863741339491916, 0.8076036866359447, 0.7956120092378753, 0.8314087759815243]], "mean_accuracy": [0.6688713491058349, 0.7608659887258188, 0.7943731530457672, 0.7799380416697709],