{"reps": 1, "classification": {"regularization": 0.001, "n_features": [5, 10, 15, 20], "accuracy": [[0.5852534562211982, 0.5854503464203233, 0.569284064665127, 0.5817972350230415, 0.5808314087759815, 0.558891454965358, 0.5771889400921659, 0.5923787528868361, 0.581986143187067, 0.5691244239631337, 0.5912240184757506, 0.5785219399538106, 0.5771889400921659, 0.5993071593533488, 0.5808314087759815, 0.5921658986175116, 0.5969976905311778, 0.5715935334872979, 0.5921658986175116, 0.6039260969976905, 0.5646651270207852, 0.5771889400921659, 0.5900692840646651, 0.5854503464203233, 0.6129032258064516, 0.5600461893764435, 0.5993071593533488, 0.586405529953917, 0.6016166281755196, 0.5912240184757506, 0.5875576036866359, 0.5785219399538106, 0.5842956120092379, 0.6036866359447005, 0.5900692840646651, 0.5889145496535797, 0.5910138248847926, 0.5669745958429562, 0.5923787528868361, 0.5898617511520737, 0.6027713625866051, 0.558891454965358, 0.5887096774193549, 0.5554272517321016, 0.5715935334872979, 0.5829493087557603, 0.5739030023094688, 0.5842956120092379, 0.5599078341013825, 0.5773672055427251, 0.5762124711316398, 0.6013824884792627, 0.5912240184757506, 0.5785219399538106, 0.5771889400921659, 0.6131639722863741, 0.5889145496535797, 0.5875576036866359, 0.5658198614318707, 0.5808314087759815], [0.5610599078341014, 0.5565819861431871, 0.7321016166281755, 0.5184331797235023, 0.5681293302540416, 0.6905311778290993, 0.5529953917050692, 0.6362586605080831, 0.6177829099307159, 0.6532258064516129, 0.663972286374134, 0.625866050808314, 0.5518433179723502, 0.6235565819861432, 0.710161662817552, 0.7027649769585254, 0.5265588914549654, 0.651270207852194, 0.6255760368663594, 0.5496535796766744, 0.5785219399538106, 0.6117511520737328, 0.648960739030023, 0.5600461893764435, 0.6981566820276498, 0.5946882217090069, 0.5450346420323325, 0.5414746543778802, 0.7586605080831409, 0.5842956120092379, 0.6555299539170507, 0.7875288683602771, 0.5427251732101617, 0.5506912442396313, 0.7055427251732102, 0.5565819861431871, 0.7396313364055299, 0.5277136258660509, 0.5796766743648961, 0.6820276497695853, 0.745958429561201, 0.535796766743649, 0.5829493087557603, 0.6524249422632794, 0.733256351039261, 0.5552995391705069, 0.7182448036951501, 0.6454965357967667, 0.6981566820276498, 0.5542725173210161, 0.5392609699769053, 0.6428571428571429, 0.6558891454965358, 0.5577367205542725, 0.5449308755760369, 0.6454965357967667, 0.6177829099307159, 0.7108294930875576, 0.5484988452655889, 0.7124711316397229], [0.6382488479262672, 0.7193995381062356, 0.6766743648960739, 0.673963133640553, 0.6535796766743649, 0.7367205542725174, 0.6716589861751152, 0.6478060046189377, 0.6501154734411085, 0.6693548387096774, 0.7528868360277137, 0.6316397228637414, 0.6221198156682027, 0.7378752886836027, 0.6720554272517321, 0.684331797235023, 0.6108545034642032, 0.6466512702078522, 0.6209677419354839, 0.6755196304849884, 0.7286374133949192, 0.652073732718894, 0.6812933025404158, 0.6200923787528868, 0.6612903225806451, 0.6893764434180139, 0.6755196304849884, 0.6347926267281107, 0.7344110854503464, 0.7032332563510393, 0.7223502304147466, 0.8187066974595842, 0.7009237875288684, 0.6566820276497696, 0.7471131639722863, 0.5981524249422633, 0.6900921658986175, 0.6501154734411085, 0.6605080831408776, 0.7108294930875576, 0.7147806004618937, 0.6535796766743649, 0.6877880184331797, 0.74364896073903, 0.684757505773672, 0.6866359447004609, 0.7136258660508084, 0.6766743648960739, 0.7338709677419355, 0.6651270207852193, 0.7228637413394919, 0.6808755760368663, 0.6963048498845266, 0.6732101616628176, 0.6797235023041475, 0.7170900692840647, 0.6454965357967667, 0.7465437788018433, 0.6651270207852193, 0.7482678983833718], [0.6693548387096774, 0.7829099307159353, 0.7009237875288684, 0.6900921658986175, 0.7482678983833718, 0.7621247113163973, 0.6728110599078341, 0.6916859122401847, 0.651270207852194, 0.7845622119815668, 0.7551963048498845, 0.73094688221709, 0.7258064516129032, 0.7471131639722863, 0.7113163972286374, 0.7419354838709677, 0.6951501154734411, 0.7505773672055427, 0.7039170506912442, 0.7655889145496536, 0.7471131639722863, 0.7442396313364056, 0.7702078521939953, 0.7713625866050808, 0.6728110599078341, 0.7794457274826789, 0.754041570438799, 0.7396313364055299, 0.73094688221709, 0.687066974595843, 0.782258064516129, 0.7240184757505773, 0.7113163972286374, 0.6774193548387096, 0.7598152424942263, 0.7390300230946882, 0.7142857142857143, 0.74364896073903, 0.6766743648960739, 0.7430875576036866, 0.7817551963048499, 0.7136258660508084, 0.7557603686635944, 0.7609699769053118, 0.710161662817552, 0.7569124423963134, 0.6789838337182448, 0.7240184757505773, 0.7811059907834101, 0.6789838337182448, 0.7782909930715936, 0.6981566820276498, 0.745958429561201, 0.8060046189376443, 0.706221198156682, 0.7575057736720554, 0.6709006928406467, 0.7684331797235023, 0.6443418013856813, 0.710161662817552]], "mean_accuracy": [0.5837482217799582, 0.6227528797408854, 0.6844101542129182, 0.7296370746018738],