{"reps": 1, "classification": {"regularization": [0.001, 0.001, 0.001, 0.001], "n_features": [5, 10, 15, 20], "accuracy": [[0.8811995387077332, 0.8892733454704285, 0.9006928205490112, 0.8823529481887817, 0.9065743684768677, 0.886836051940918, 0.7612456679344177, 0.8973471522331238, 0.9041570425033569, 0.8881199359893799, 0.8846597671508789, 0.892609715461731, 0.890426754951477, 0.8835063576698303, 0.8764434456825256, 0.899653971195221, 0.890426754951477, 0.8891454935073853, 0.9008073806762695, 0.8938869833946228, 0.8879907727241516, 0.8985005617141724, 0.8858131766319275, 0.8891454935073853, 0.8950403928756714, 0.8950403928756714, 0.8752886652946472, 0.8858131766319275, 0.7993079423904419, 0.892609715461731, 0.8973471522331238, 0.7993079423904419, 0.8972286581993103, 0.8869665265083313, 0.8835063576698303, 0.7829099297523499, 0.8846597671508789, 0.9019607901573181, 0.8937644362449646, 0.8927335739135742, 0.9088811874389648, 0.8741339445114136, 0.8858131766319275, 0.8823529481887817, 0.8949191570281982, 0.8858131766319275, 0.8835063576698303, 0.9030023217201233, 0.8869665265083313, 0.8765859007835388, 0.898383378982544, 0.8869665265083313, 0.9100345969200134, 0.7644341588020325, 0.9065743684768677, 0.890426754951477, 0.8937644362449646, 0.8938869833946228, 0.8881199359893799, 0.8822171092033386], [0.8408304452896118, 0.8535178899765015, 0.8637413382530212, 0.8477508425712585, 0.863898515701294, 0.8579676747322083, 0.8615916967391968, 0.8512110710144043, 0.8672055602073669, 0.8477508425712585, 0.8835063576698303, 0.8625866174697876, 0.8408304452896118, 0.8662053346633911, 0.8729792237281799, 0.8558247089385986, 0.8523644804954529, 0.8556581735610962, 0.8765859007835388, 0.8569780588150024, 0.8637413382530212, 0.8662053346633911, 0.8627451062202454, 0.8371824622154236, 0.8316032290458679, 0.8385236263275146, 0.8695150017738342, 0.84659743309021, 0.878892719745636, 0.8521940112113953, 0.8419838547706604, 0.8489042520523071, 0.8498845100402832, 0.8396770358085632, 0.84659743309021, 0.8718245029449463, 0.8650519251823425, 0.8350634574890137, 0.8487297892570496, 0.858131468296051, 0.8685120940208435, 0.8290992975234985, 0.8592848777770996, 0.8592848777770996, 0.8706697225570679, 0.858131468296051, 0.8350634574890137, 0.8775981664657593, 0.8292964100837708, 0.8512110710144043, 0.8683602809906006, 0.8800461292266846, 0.8835063576698303, 0.7309468984603882, 0.8685120940208435, 0.8569780588150024, 0.8683602809906006, 0.8742791414260864, 0.8592848777770996, 0.8545034527778625], [0.8131487965583801, 0.8362168669700623, 0.8348729610443115, 0.8292964100837708, 0.8246828317642212, 0.8198614120483398, 0.810841977596283, 0.7970011830329895, 0.8094688057899475, 0.8027681708335876, 0.8119953870773315, 0.8221709132194519, 0.8096885681152344, 0.8281430006027222, 0.8360277414321899, 0.8212226033210754, 0.8096885681152344, 0.8244803547859192, 0.8396770358085632, 0.8189157843589783, 0.8175519704818726, 0.8039215803146362, 0.8373702168464661, 0.8267898559570312, 0.8004613518714905, 0.8235294222831726, 0.8371824622154236, 0.8235294222831726, 0.8258362412452698, 0.8036951422691345, 0.8339100480079651, 0.810841977596283, 0.8210161924362183, 0.8131487965583801, 0.8166090250015259, 0.8418014049530029, 0.7970011830329895, 0.7935409545898438, 0.7817552089691162, 0.8177623748779297, 0.7935409545898438, 0.8210161924362183, 0.8327566385269165, 0.8235294222831726, 0.8036951422691345, 0.8200691938400269, 0.8039215803146362, 0.8371824622154236, 0.790080726146698, 0.8385236263275146, 0.8187066912651062, 0.8292964100837708, 0.8442906737327576, 0.7101616859436035, 0.8073817491531372, 0.8385236263275146, 0.8337182402610779, 0.8304498195648193, 0.8154556155204773, 0.8013857007026672], [0.7727797031402588, 0.8027681708335876, 0.8002309203147888, 0.8039215803146362, 0.8016147613525391, 0.7655889391899109, 0.7716262936592102, 0.7497116327285767, 0.8117783069610596, 0.775086522102356, 0.7970011830329895, 0.8233256340026855, 0.7831603288650513, 0.7958477735519409, 0.7852193713188171, 0.790080726146698, 0.7635524868965149, 0.8163972496986389, 0.8143022060394287, 0.7877739071846008, 0.7979214787483215, 0.7612456679344177, 0.8143022060394287, 0.7748267650604248, 0.7797001004219055, 0.7589388489723206, 0.8060046434402466, 0.7474048733711243, 0.7912341356277466, 0.7840646505355835, 0.7912341356277466, 0.8119953870773315, 0.7817552089691162, 0.769319474697113, 0.7635524868965149, 0.8094688057899475, 0.7970011830329895, 0.7554786801338196, 0.7678983807563782, 0.775086522102356, 0.7935409545898438, 0.7909930944442749, 0.810841977596283, 0.7797001004219055, 0.7563510537147522, 0.7946943640708923, 0.7647058963775635, 0.8140877485275269, 0.7508650422096252, 0.7912341356277466, 0.7771362662315369, 0.8200691938400269, 0.8212226033210754, 0.7621247172355652, 0.7935409545898438, 0.8016147613525391, 0.7921478152275085, 0.8039215803146362, 0.8131487965583801, 0.7806004881858826]], "mean_accuracy": [0.882018064459165, 0.8552493780851365, 0.8170185059309005, 0.7877123812834422],