{"regularization": 0.001, "reps": 1, "classification": {"n_features": [], "accuracy": [[0.6147635579109192], [0.5997692942619324], [0.5588914752006531], [0.6389849781990051], [0.5951557159423828], [0.5993071794509888], [0.6043829321861267], [0.6216839551925659], [0.6096997857093811], [0.6274510025978088], [0.6170703768730164], [0.6200923919677734], [0.5986159443855286], [0.6205305457115173], [0.6120092272758484], [0.5882353186607361], [0.5870819091796875], [0.613163948059082], [0.6216839551925659], [0.6239907741546631], [0.581986129283905], [0.6378316283226013], [0.6101499199867249], [0.5958429574966431], [0.5720876455307007], [0.5916954874992371], [0.6224018335342407], [0.6516724228858948], [0.5824682712554932], [0.5900692939758301], [0.612456738948822], [0.6262975931167603], [0.6327944397926331], [0.6170703768730164], [0.6043829321861267], [0.5866050720214844], [0.6389849781990051], [0.6032295227050781], [0.6258660554885864], [0.6055363416671753], [0.6136101484298706], [0.587759792804718], [0.6055363416671753], [0.6205305457115173], [0.6189376711845398], [0.580161452293396], [0.5836216807365417], [0.6143187284469604], [0.6170703768730164], [0.6043829321861267], [0.6189376711845398], [0.6101499199867249], [0.6170703768730164], [0.5727482438087463], [0.6043829321861267], [0.5859284996986389], [0.6351039409637451], [0.5951557159423828], [0.6066897511482239], [0.6039261221885681]], "mean_accuracy": [0.6147635579109192, 0.5997692942619324, 0.5588914752006531, 0.6389849781990051, 0.5951557159423828, 0.5993071794509888, 0.6043829321861267, 0.6216839551925659, 0.6096997857093811, 0.6274510025978088, 0.6170703768730164, 0.6200923919677734, 0.5986159443855286, 0.6205305457115173, 0.6120092272758484, 0.5882353186607361, 0.5870819091796875, 0.613163948059082, 0.6216839551925659, 0.6239907741546631, 0.581986129283905, 0.6378316283226013, 0.6101499199867249, 0.5958429574966431, 0.5720876455307007, 0.5916954874992371, 0.6224018335342407, 0.6516724228858948, 0.5824682712554932, 0.5900692939758301, 0.612456738948822, 0.6262975931167603, 0.6327944397926331, 0.6170703768730164, 0.6043829321861267, 0.5866050720214844, 0.6389849781990051, 0.6032295227050781, 0.6258660554885864, 0.6055363416671753, 0.6136101484298706, 0.587759792804718, 0.6055363416671753, 0.6205305457115173, 0.6189376711845398, 0.580161452293396, 0.5836216807365417, 0.6143187284469604, 0.6170703768730164, 0.6043829321861267, 0.6189376711845398, 0.6101499199867249, 0.6170703768730164, 0.5727482438087463, 0.6043829321861267, 0.5859284996986389, 0.6351039409637451, 0.5951557159423828, 0.6066897511482239, 0.6039261221885681], "BA": [[0.6147923469543457], [0.5997381806373596], [0.5588914752006531], [0.638980507850647], [0.5951831340789795], [0.5993071794509888], [0.6044661998748779], [0.6217047572135925], [0.6096997857093811], [0.627443790435791], [0.617091178894043], [0.6200923919677734], [0.5986366271972656], [0.6205154061317444], [0.6120092868804932], [0.5882281064987183], [0.5870972871780396], [0.613163948059082], [0.621670126914978], [0.62398761510849], [0.581986129283905], [0.6377672553062439], [0.610117495059967], [0.5958429574966431], [0.572059154510498], [0.5916683673858643], [0.6224018335342407], [0.6516107320785522], [0.5825023055076599], [0.5900692939758301], [0.6124322414398193], [0.6263130903244019], [0.6327944993972778], [0.6170538663864136], [0.6043545007705688], [0.5866050720214844], [0.6389672160148621], [0.6032183766365051], [0.6258660554885864], [0.6055437922477722], [0.6135125160217285], [0.587759792804718], [0.6055517792701721], [0.6204915046691895], [0.618937611579895], [0.5801156759262085], [0.5836038589477539], [0.6143187284469604], [0.6170458793640137], [0.6044262647628784], [0.618937611579895], [0.6101520657539368], [0.6170778274536133], [0.5727483034133911], [0.6044449210166931], [0.5859372615814209], [0.6351039409637451], [0.5951751470565796], [0.6067171096801758], [0.6039261221885681]], "mean_BA": [0.6147923469543457, 0.5997381806373596, 0.5588914752006531, 0.638980507850647, 0.5951831340789795, 0.5993071794509888, 0.6044661998748779, 0.6217047572135925, 0.6096997857093811, 0.627443790435791, 0.617091178894043, 0.6200923919677734, 0.5986366271972656, 0.6205154061317444, 0.6120092868804932, 0.5882281064987183, 0.5870972871780396, 0.613163948059082, 0.621670126914978, 0.62398761510849, 0.581986129283905, 0.6377672553062439, 0.610117495059967, 0.5958429574966431, 0.572059154510498, 0.5916683673858643, 0.6224018335342407, 0.6516107320785522, 0.5825023055076599, 0.5900692939758301, 0.6124322414398193, 0.6263130903244019, 0.6327944993972778, 0.6170538663864136, 0.6043545007705688, 0.5866050720214844, 0.6389672160148621, 0.6032183766365051, 0.6258660554885864, 0.6055437922477722, 0.6135125160217285, 0.587759792804718, 0.6055517792701721, 0.6204915046691895, 0.618937611579895, 0.5801156759262085, 0.5836038589477539, 0.6143187284469604, 0.6170458793640137, 0.6044262647628784, 0.618937611579895, 0.6101520657539368, 0.6170778274536133, 0.5727483034133911, 0.6044449210166931, 0.5859372615814209, 0.6351039409637451, 0.5951751470565796, 0.6067171096801758, 0.6039261221885681], "mAP": [[0.6238816215319964], [0.6260228654851316], [0.6201969447390219], [0.6656542843231855], [0.6035386864993662], [0.6089548197749354], [0.6368444028822237], [0.6361310612775177], [0.6543963508605005], [0.6811761656084981], [0.663813378016605], [0.6635043270740986], [0.6443380980391629], [0.6342791567186239], [0.6423211847051638], [0.6161581441296382], [0.6069459222810463], [0.6507591880344289], [0.6393318028677673], [0.6576640294418867], [0.6008750439426288], [0.6578201636840295], [0.6652429128352344], [0.6390991111631638], [0.6315862733649578], [0.6484949808849504], [0.6680389848910552], [0.6828354891276941], [0.6027203627345528], [0.5983933182390726], [0.6218792412610076], [0.6530944284227547], [0.6595638408365155], [0.6637017949586224], [0.6140965241173768], [0.625047196646253], [0.6652990486273284], [0.660810820895128], [0.6656167601808574], [0.6463630997195968], [0.6447101276196796], [0.6220332316220583], [0.616555982607643], [0.6895829797032936], [0.6594549254677669], [0.6121834945631845], [0.6314155084056019], [0.6514017158913887], [0.6499356481443253], [0.6544884595239145], [0.6159672370877828], [0.6143864934067086], [0.652531420498244], [0.6112012791808543], [0.6292966976139551], [0.6257097293044742], [0.6554443604378619], [0.607582318252545], [0.6455228266142196], [0.6149070308504377]], "mean_mAP": [0.6238816215319964, 0.6260228654851316, 0.6201969447390219, 0.6656542843231855, 0.6035386864993662, 0.6089548197749354, 0.6368444028822237, 0.6361310612775177, 0.6543963508605005, 0.6811761656084981, 0.663813378016605, 0.6635043270740986, 0.6443380980391629, 0.6342791567186239, 0.6423211847051638, 0.6161581441296382, 0.6069459222810463, 0.6507591880344289, 0.6393318028677673, 0.6576640294418867, 0.6008750439426288, 0.6578201636840295, 0.6652429128352344, 0.6390991111631638, 0.6315862733649578, 0.6484949808849504, 0.6680389848910552, 0.6828354891276941, 0.6027203627345528, 0.5983933182390726, 0.6218792412610076, 0.6530944284227547, 0.6595638408365155, 0.6637017949586224, 0.6140965241173768, 0.625047196646253, 0.6652990486273284, 0.660810820895128, 0.6656167601808574, 0.6463630997195968, 0.6447101276196796, 0.6220332316220583, 0.616555982607643, 0.6895829797032936, 0.6594549254677669, 0.6121834945631845, 0.6314155084056019, 0.6514017158913887, 0.6499356481443253, 0.6544884595239145, 0.6159672370877828, 0.6143864934067086, 0.652531420498244, 0.6112012791808543, 0.6292966976139551, 0.6257097293044742, 0.6554443604378619, 0.607582318252545, 0.6455228266142196, 0.6149070308504377], "fs_time": [[], [], [], [], [], [], [], [], [], [], [], [], [], [], [], [], [], [], [], [], [], [], [], [], [], [], [], [], [], [], [], [], [], [], [], [], [], [], [], [], [], [], [], [], [], [], [], [], [], [], [], [], [], [], [], [], [], [], [], []]}}