{"reps": 1, "classification": {"regularization": 0.001, "n_features": [5, 10, 15, 20], "accuracy": [[0.7476958525345622, 0.710161662817552, 0.7979214780600462, 0.8145161290322581, 0.7551963048498845, 0.7355658198614319, 0.8191244239631337, 0.7736720554272517, 0.7182448036951501, 0.8294930875576036, 0.7344110854503464, 0.74364896073903, 0.673963133640553, 0.7424942263279446, 0.7355658198614319, 0.7200460829493087, 0.7297921478060047, 0.8013856812933026, 0.7304147465437788, 0.75635103926097, 0.8106235565819861, 0.7430875576036866, 0.7043879907621247, 0.7494226327944573, 0.738479262672811, 0.7321016166281755, 0.8071593533487298, 0.7327188940092166, 0.7517321016166282, 0.733256351039261, 0.7592165898617511, 0.7355658198614319, 0.7066974595842956, 0.7108294930875576, 0.7990762124711316, 0.7355658198614319, 0.7269585253456221, 0.6859122401847575, 0.7471131639722863, 0.7131336405529954, 0.7528868360277137, 0.7321016166281755, 0.7442396313364056, 0.7586605080831409, 0.7528868360277137, 0.7983870967741935, 0.6605080831408776, 0.7586605080831409, 0.7557603686635944, 0.7528868360277137, 0.745958429561201, 0.7476958525345622, 0.7517321016166282, 0.7424942263279446, 0.7960829493087558, 0.75635103926097, 0.7378752886836027, 0.706221198156682, 0.75635103926097, 0.812933025404157], [0.8963133640552995, 0.8706697459584296, 0.8764434180138568, 0.8824884792626728, 0.8406466512702079, 0.8660508083140878, 0.880184331797235, 0.894919168591224, 0.8406466512702079, 0.902073732718894, 0.8556581986143187, 0.8660508083140878, 0.8824884792626728, 0.8625866050808314, 0.894919168591224, 0.8963133640552995, 0.8983833718244804, 0.8822170900692841, 0.881336405529954, 0.8879907621247113, 0.8914549653579676, 0.8294930875576036, 0.8914549653579676, 0.8799076212471132, 0.8652073732718893, 0.8822170900692841, 0.9018475750577367, 0.8859447004608295, 0.9018475750577367, 0.894919168591224, 0.8882488479262672, 0.871824480369515, 0.8879907621247113, 0.881336405529954, 0.8406466512702079, 0.8683602771362586, 0.8836405529953917, 0.8845265588914549, 0.8810623556581986, 0.8951612903225806, 0.9006928406466512, 0.8729792147806005, 0.869815668202765, 0.8914549653579676, 0.8856812933025404, 0.8525345622119815, 0.8903002309468823, 0.8406466512702079, 0.8790322580645161, 0.8787528868360277, 0.8960739030023095, 0.8490783410138248, 0.8752886836027713, 0.8914549653579676, 0.8928571428571429, 0.8498845265588915, 0.8648960739030023, 0.8997695852534562, 0.8879907621247113, 0.8926096997690531], [0.8940092165898618, 0.8706697459584296, 0.8822170900692841, 0.9112903225806451, 0.8845265588914549, 0.8475750577367206, 0.8940092165898618, 0.9018475750577367, 0.8764434180138568, 0.8894009216589862, 0.874133949191686, 0.8983833718244804, 0.9009216589861752, 0.8903002309468823, 0.8937644341801386, 0.880184331797235, 0.8983833718244804, 0.874133949191686, 0.8986175115207373, 0.9041570438799076, 0.9099307159353349, 0.8882488479262672, 0.9099307159353349, 0.8891454965357968, 0.8905529953917051, 0.8845265588914549, 0.9006928406466512, 0.8963133640552995, 0.9064665127020786, 0.8891454965357968, 0.9055299539170507, 0.8764434180138568, 0.894919168591224, 0.8986175115207373, 0.8856812933025404, 0.8822170900692841, 0.9009216589861752, 0.8914549653579676, 0.9076212471131639, 0.8974654377880185, 0.9122401847575058, 0.8775981524249422, 0.8709677419354839, 0.8856812933025404, 0.9099307159353349, 0.8721198156682027, 0.8868360277136259, 0.8972286374133949, 0.8859447004608295, 0.8856812933025404, 0.9076212471131639, 0.8997695852534562, 0.8903002309468823, 0.894919168591224, 0.9043778801843319, 0.8972286374133949, 0.8706697459584296, 0.9032258064516129, 0.8983833718244804, 0.8972286374133949], [0.8997695852534562, 0.8914549653579676, 0.8845265588914549, 0.9043778801843319, 0.8914549653579676, 0.8752886836027713, 0.8986175115207373, 0.8960739030023095, 0.8787528868360277, 0.8836405529953917, 0.8764434180138568, 0.9076212471131639, 0.9009216589861752, 0.8822170900692841, 0.8960739030023095, 0.8859447004608295, 0.8995381062355658, 0.9018475750577367, 0.8997695852534562, 0.8926096997690531, 0.8960739030023095, 0.8974654377880185, 0.8960739030023095, 0.8856812933025404, 0.8905529953917051, 0.9006928406466512, 0.9076212471131639, 0.8905529953917051, 0.8983833718244804, 0.8903002309468823, 0.8997695852534562, 0.8822170900692841, 0.894919168591224, 0.8917050691244239, 0.894919168591224, 0.8868360277136259, 0.8974654377880185, 0.894919168591224, 0.9006928406466512, 0.902073732718894, 0.9087759815242494, 0.8856812933025404, 0.8755760368663594, 0.9076212471131639, 0.9087759815242494, 0.8755760368663594, 0.8995381062355658, 0.9053117782909931, 0.902073732718894, 0.8810623556581986, 0.9110854503464203, 0.9032258064516129, 0.8833718244803695, 0.9006928406466512, 0.9089861751152074, 0.8856812933025404, 0.8602771362586605, 0.8928571428571429, 0.9041570438799076, 0.9018475750577367]], "mean_accuracy": [0.7485562715736671, 0.878787786067269, 0.8919791189961792, 0.8941339137159744],