{"reps": 1, "classification": {"mus": [], "n_features": [], "fs_time": [19.519878414000004, 19.653879411999924, 19.40741049600001, 19.647492148000083, 19.63115229899995, 19.47718732400017, 20.013458963000176, 19.55845562499985, 19.31085658699999, 18.95217539300006, 19.816416912000022, 18.914328375999958, 19.896108168000183, 19.417805987000065, 19.16610945000002, 19.88490779699987, 20.095659253999884, 19.003416376999894, 19.3508475929998, 18.763809215000038, 19.26087955999992, 19.1352846960001, 18.731124632000046, 18.972082394999916, 19.211998228999846, 19.259627589000047, 19.13514407599996, 18.573052063999967, 18.54798409199998, 18.681936984999993, 18.958923259999892, 19.203133510000043, 18.613052656000036, 19.011272094999867, 18.66304599299997, 18.873690475999865, 19.245059904999835, 19.385449596999933, 18.910105139000052, 19.357033065999985, 18.790437725000174, 18.5002207309999, 19.26128187900008, 18.809500471000092, 19.065172244999985, 19.191005830999984, 19.69515168800035, 18.95038813600013, 18.761802515, 18.491799427999922, 19.39295680699979, 18.939660370999718, 19.221761481000158, 19.24783516100024, 18.474260745000265, 19.28454867099981, 19.038470179999877, 19.015985162000106, 18.806856327000332, 18.718138377000287], "real_feats": [[0.25, 0.4, 0.3, 0.3, 0.3, 0.35, 0.3, 0.3, 0.25, 0.3, 0.25, 0.3, 0.35, 0.3, 0.3, 0.3, 0.3, 0.3, 0.25, 0.25, 0.3, 0.35, 0.35, 0.3, 0.35, 0.3, 0.25, 0.25, 0.3, 0.3, 0.3, 0.3, 0.25, 0.3, 0.25, 0.35, 0.3, 0.3, 0.25, 0.3, 0.3, 0.3, 0.3, 0.3, 0.25, 0.3, 0.4, 0.25, 0.25, 0.3, 0.35, 0.3, 0.35, 0.3, 0.3, 0.25, 0.35, 0.3, 0.35, 0.25], [0.4, 0.4, 0.4, 0.4, 0.35, 0.45, 0.4, 0.4, 0.4, 0.45, 0.45, 0.35, 0.4, 0.45, 0.35, 0.4, 0.45, 0.45, 0.4, 0.45, 0.4, 0.4, 0.35, 0.4, 0.4, 0.4, 0.35, 0.35, 0.45, 0.4, 0.4, 0.4, 0.45, 0.45, 0.4, 0.45, 0.45, 0.45, 0.35, 0.45, 0.4, 0.4, 0.45, 0.45, 0.4, 0.35, 0.5, 0.4, 0.4, 0.45, 0.45, 0.35, 0.45, 0.4, 0.4, 0.35, 0.45, 0.5, 0.4, 0.35], [0.5, 0.45, 0.45, 0.55, 0.4, 0.5, 0.4, 0.5, 0.55, 0.55, 0.5, 0.45, 0.45, 0.45, 0.35, 0.45, 0.5, 0.55, 0.4, 0.5, 0.5, 0.45, 0.45, 0.5, 0.45, 0.4, 0.4, 0.45, 0.45, 0.5, 0.5, 0.5, 0.45, 0.45, 0.45, 0.55, 0.45, 0.45, 0.45, 0.45, 0.4, 0.4, 0.5, 0.5, 0.5, 0.45, 0.5, 0.5, 0.55, 0.5, 0.45, 0.45, 0.5, 0.45, 0.5, 0.45, 0.5, 0.55, 0.45, 0.45], [0.6, 0.55, 0.55, 0.55, 0.5, 0.55, 0.5, 0.55, 0.6, 0.6, 0.55, 0.5, 0.5, 0.55, 0.4, 0.5, 0.6, 0.55, 0.45, 0.55, 0.55, 0.5, 0.5, 0.55, 0.55, 0.45, 0.55, 0.5, 0.55, 0.55, 0.55, 0.5, 0.5, 0.6, 0.5, 0.55, 0.6, 0.55, 0.5, 0.55, 0.55, 0.5, 0.6, 0.5, 0.55, 0.45, 0.6, 0.6, 0.6, 0.5, 0.55, 0.5, 0.5, 0.55, 0.55, 0.5, 0.5, 0.55, 0.55, 0.45], [0.6, 0.6, 0.55, 0.55, 0.6, 0.65, 0.55, 0.55, 0.65, 0.6, 0.55, 0.55, 0.5, 0.6, 0.55, 0.6, 0.65, 0.55, 0.45, 0.65, 0.65, 0.6, 0.55, 0.6, 0.55, 0.6, 0.6, 0.6, 0.6, 0.55, 0.6, 0.55, 0.55, 0.65, 0.55, 0.65, 0.65, 0.55, 0.5, 0.55, 0.6, 0.5, 0.7, 0.5, 0.55, 0.5, 0.6, 0.65, 0.65, 0.5, 0.6, 0.5, 0.55, 0.6, 0.55, 0.55, 0.55, 0.6, 0.6, 0.45]], "mean_real_feats": [0.2991666666666667, 0.4108333333333334, 0.4708333333333333, 0.5333333333333334, 0.5758333333333333], "redundant_feats": [[0.1375, 0.1, 0.1125, 0.125, 0.1625, 0.1625, 0.1125, 0.1625, 0.1375, 0.1625, 0.125, 0.1375, 0.1125, 0.1375, 0.1375, 0.1625, 0.1, 0.15, 0.125, 0.0875, 0.1125, 0.125, 0.1625, 0.15, 0.1375, 0.15, 0.1375, 0.125, 0.1625, 0.1625, 0.1625, 0.1625, 0.1125, 0.15, 0.0875, 0.125, 0.1375, 0.125, 0.1375, 0.125, 0.1625, 0.1625, 0.1375, 0.1375, 0.125, 0.15, 0.15, 0.1375, 0.1125, 0.1375, 0.125, 0.1125, 0.1375, 0.1625, 0.15, 0.1375, 0.15, 0.15, 0.1375, 0.1375], [0.2125, 0.2375, 0.2125, 0.2, 0.175, 0.2875, 0.2375, 0.2375, 0.2375, 0.275, 0.2125, 0.2, 0.2375, 0.2625, 0.2, 0.2, 0.275, 0.225, 0.2375, 0.2375, 0.2, 0.25, 0.2, 0.2375, 0.25, 0.2, 0.175, 0.15, 0.2625, 0.2, 0.2, 0.2125, 0.2125, 0.2, 0.2125, 0.2875, 0.2125, 0.175, 0.2, 0.2375, 0.2375, 0.25, 0.2375, 0.2625, 0.225, 0.2, 0.3, 0.225, 0.2375, 0.25, 0.25, 0.2125, 0.275, 0.225, 0.2125, 0.175, 0.2625, 0.2625, 0.2375, 0.2], [0.2875, 0.2875, 0.2875, 0.3, 0.2375, 0.3375, 0.2375, 0.325, 0.2875, 0.3375, 0.275, 0.2375, 0.2625, 0.2875, 0.2, 0.2625, 0.3125, 0.25, 0.2375, 0.3, 0.25, 0.2875, 0.225, 0.2875, 0.2875, 0.225, 0.2375, 0.225, 0.2875, 0.275, 0.3125, 0.2625, 0.2875, 0.325, 0.2875, 0.2875, 0.275, 0.2875, 0.2375, 0.2875, 0.25, 0.25, 0.3, 0.3125, 0.2375, 0.225, 0.325, 0.25, 0.3375, 0.3125, 0.2875, 0.275, 0.275, 0.2625, 0.3, 0.2375, 0.2875, 0.375, 0.275, 0.225], [0.35, 0.3, 0.3125, 0.35, 0.2375, 0.35, 0.3125, 0.325, 0.35, 0.4125, 0.375, 0.3, 0.2875, 0.325, 0.2125, 0.2875, 0.375, 0.3375, 0.25, 0.4, 0.3125, 0.325, 0.2875, 0.35, 0.3, 0.25, 0.25, 0.2875, 0.3, 0.3375, 0.4125, 0.325, 0.2875, 0.3375, 0.3125, 0.35, 0.275, 0.3375, 0.3125, 0.3125, 0.25, 0.2625, 0.325, 0.325, 0.2875, 0.275, 0.3375, 0.325, 0.375, 0.325, 0.2875, 0.3125, 0.325, 0.3125, 0.3625, 0.275, 0.325, 0.4, 0.2875, 0.2625], [0.4375, 0.3875, 0.3375, 0.375, 0.2625, 0.4125, 0.325, 0.35, 0.4125, 0.425, 0.4, 0.3375, 0.325, 0.3625, 0.2875, 0.3375, 0.425, 0.375, 0.2625, 0.45, 0.325, 0.35, 0.35, 0.3875, 0.3625, 0.325, 0.2875, 0.3375, 0.3625, 0.3625, 0.4625, 0.35, 0.3375, 0.375, 0.3375, 0.3875, 0.325, 0.375, 0.3625, 0.3875, 0.2875, 0.325, 0.4125, 0.325, 0.3625, 0.275, 0.375, 0.3875, 0.425, 0.325, 0.3, 0.35, 0.35, 0.375, 0.4125, 0.3125, 0.3625, 0.4, 0.3625, 0.275]], "mean_redundant_feats": [0.136875, 0.22687499999999997, 0.2764583333333333, 0.31583333333333324, 0.3572916666666667]}}