{"reps": 1, "classification": {"n_features": [20, 40, 60, 80, 100], "fs_time": [1.6307415450000065, 2.3329455589999952, 1.9567722539999863, 2.229598216999989, 2.487964491000014, 2.377934369000002, 2.489656391000011, 1.2036525540000014, 2.2685378810000145, 1.2797926430000075, 2.581282966999993, 1.6075172879999968, 1.3011859279999953, 2.5821506080000063, 1.323869239000004, 2.2431181700000025, 1.3259017660000154, 2.4219007989999852, 1.2877287720000083, 2.5816342349999957, 2.3315747259999853, 2.510734920999994, 2.573325605000008, 2.301630472999989, 2.2678096340000025, 2.7349983009999903, 1.2895141509999917, 2.247893285999993, 2.451058654999997, 2.30187173500002, 2.3969909219999863, 2.3731045049999864, 2.34335882000002, 2.3012948950000123, 1.3112853840000298, 2.272098201999995, 1.2970113870000546, 2.3403266720000033, 1.2709760770000003, 2.3147972599999775, 1.6659181640000043, 1.4829166589999545, 1.2503736169999797, 2.436649332999991, 2.5948238390000142, 1.162311955000007, 2.2378145840000343, 2.3526037959999826, 2.5300167389999615, 1.2748956720000137, 2.314858172000015, 1.2676492190000204, 2.3197273259999633, 1.2846612779999873, 2.507135460000029, 2.441397686000016, 2.6709608499999717, 2.1591005559999985, 2.2556499190000068, 2.3574058799999875], "real_feats": [[0.25, 0.25, 0.25, 0.4, 0.2, 0.3, 0.3, 0.4, 0.3, 0.25, 0.2, 0.35, 0.4, 0.2, 0.4, 0.35, 0.35, 0.2, 0.3, 0.25, 0.3, 0.35, 0.3, 0.25, 0.35, 0.2, 0.2, 0.2, 0.35, 0.3, 0.35, 0.3, 0.2, 0.35, 0.2, 0.35, 0.2, 0.35, 0.3, 0.25, 0.25, 0.35, 0.25, 0.2, 0.3, 0.3, 0.2, 0.3, 0.3, 0.3, 0.35, 0.35, 0.25, 0.25, 0.3, 0.3, 0.25, 0.3, 0.35, 0.35], [0.35, 0.35, 0.45, 0.5, 0.4, 0.35, 0.35, 0.5, 0.35, 0.35, 0.5, 0.4, 0.45, 0.25, 0.45, 0.35, 0.4, 0.4, 0.4, 0.4, 0.4, 0.35, 0.4, 0.35, 0.4, 0.3, 0.4, 0.3, 0.55, 0.4, 0.4, 0.4, 0.35, 0.4, 0.3, 0.45, 0.3, 0.4, 0.35, 0.45, 0.4, 0.45, 0.35, 0.4, 0.4, 0.35, 0.4, 0.4, 0.4, 0.3, 0.4, 0.4, 0.35, 0.4, 0.4, 0.4, 0.35, 0.35, 0.4, 0.35], [0.4, 0.45, 0.45, 0.5, 0.45, 0.4, 0.4, 0.5, 0.35, 0.4, 0.55, 0.5, 0.5, 0.35, 0.5, 0.4, 0.4, 0.45, 0.45, 0.4, 0.45, 0.4, 0.4, 0.5, 0.45, 0.4, 0.55, 0.35, 0.6, 0.4, 0.45, 0.45, 0.4, 0.5, 0.35, 0.5, 0.4, 0.55, 0.4, 0.55, 0.45, 0.5, 0.5, 0.45, 0.45, 0.35, 0.45, 0.45, 0.45, 0.4, 0.4, 0.5, 0.35, 0.4, 0.45, 0.45, 0.45, 0.4, 0.45, 0.4], [0.55, 0.45, 0.55, 0.6, 0.65, 0.45, 0.5, 0.55, 0.55, 0.45, 0.55, 0.55, 0.6, 0.45, 0.55, 0.5, 0.55, 0.5, 0.5, 0.5, 0.55, 0.45, 0.45, 0.55, 0.55, 0.5, 0.55, 0.45, 0.7, 0.5, 0.55, 0.5, 0.5, 0.5, 0.45, 0.65, 0.5, 0.65, 0.5, 0.55, 0.55, 0.55, 0.6, 0.6, 0.45, 0.5, 0.5, 0.55, 0.55, 0.45, 0.45, 0.55, 0.45, 0.5, 0.55, 0.55, 0.55, 0.45, 0.55, 0.5], [0.55, 0.5, 0.55, 0.6, 0.65, 0.6, 0.6, 0.6, 0.6, 0.55, 0.65, 0.6, 0.7, 0.45, 0.65, 0.55, 0.55, 0.6, 0.5, 0.5, 0.65, 0.6, 0.55, 0.6, 0.65, 0.55, 0.55, 0.45, 0.75, 0.6, 0.65, 0.6, 0.55, 0.55, 0.55, 0.65, 0.5, 0.7, 0.5, 0.55, 0.65, 0.65, 0.65, 0.6, 0.5, 0.5, 0.5, 0.65, 0.6, 0.5, 0.6, 0.6, 0.55, 0.55, 0.6, 0.55, 0.55, 0.55, 0.55, 0.6]], "mean_real_feats": [0.28916666666666674, 0.38750000000000007, 0.44249999999999995, 0.5258333333333334, 0.58], "redundant_feats": [[0.1125, 0.1125, 0.0875, 0.075, 0.125, 0.125, 0.1, 0.0875, 0.1375, 0.0375, 0.075, 0.1125, 0.0875, 0.075, 0.05, 0.0875, 0.0875, 0.0625, 0.05, 0.1, 0.1375, 0.075, 0.1125, 0.1, 0.1, 0.1125, 0.1125, 0.125, 0.075, 0.1, 0.1125, 0.1, 0.125, 0.125, 0.075, 0.1375, 0.0625, 0.1, 0.1, 0.075, 0.125, 0.125, 0.0625, 0.1, 0.15, 0.025, 0.1125, 0.0875, 0.075, 0.0625, 0.0875, 0.1125, 0.0625, 0.1, 0.1, 0.075, 0.075, 0.0875, 0.0875, 0.05], [0.2875, 0.2875, 0.2125, 0.25, 0.275, 0.3, 0.2625, 0.2875, 0.225, 0.225, 0.225, 0.2875, 0.3, 0.2375, 0.2125, 0.275, 0.3, 0.2, 0.175, 0.2375, 0.3125, 0.25, 0.2375, 0.2625, 0.25, 0.25, 0.225, 0.2875, 0.2375, 0.2625, 0.275, 0.2625, 0.2625, 0.275, 0.2375, 0.3, 0.225, 0.25, 0.3, 0.2, 0.275, 0.3, 0.2, 0.2875, 0.3125, 0.225, 0.2625, 0.2625, 0.275, 0.2125, 0.2875, 0.2625, 0.2375, 0.3, 0.2, 0.275, 0.2, 0.2875, 0.225, 0.2125], [0.4125, 0.4375, 0.4125, 0.4375, 0.425, 0.4, 0.3625, 0.4625, 0.3125, 0.4125, 0.4125, 0.4125, 0.4, 0.4, 0.3625, 0.3875, 0.4125, 0.375, 0.3875, 0.425, 0.45, 0.3875, 0.4125, 0.3625, 0.375, 0.3375, 0.375, 0.3875, 0.3625, 0.4125, 0.45, 0.4125, 0.3875, 0.4375, 0.3625, 0.425, 0.3625, 0.4125, 0.4, 0.3875, 0.3875, 0.4625, 0.325, 0.4375, 0.4375, 0.375, 0.45, 0.4, 0.4625, 0.4, 0.375, 0.45, 0.3625, 0.4375, 0.325, 0.4375, 0.4, 0.4125, 0.3625, 0.4125], [0.525, 0.475, 0.5125, 0.5625, 0.525, 0.475, 0.4625, 0.6, 0.4125, 0.4875, 0.5625, 0.5375, 0.5, 0.4875, 0.525, 0.475, 0.475, 0.475, 0.4875, 0.5375, 0.5875, 0.475, 0.5, 0.4875, 0.475, 0.45, 0.5375, 0.475, 0.5, 0.5125, 0.5375, 0.475, 0.4875, 0.5625, 0.4875, 0.5125, 0.4625, 0.5125, 0.5, 0.5125, 0.525, 0.5625, 0.4625, 0.575, 0.475, 0.4875, 0.5375, 0.4625, 0.5875, 0.5, 0.4125, 0.5875, 0.4625, 0.475, 0.4375, 0.5375, 0.5, 0.475, 0.4875, 0.4875], [0.575, 0.5375, 0.55, 0.625, 0.6, 0.5125, 0.475, 0.625, 0.5375, 0.5375, 0.6, 0.625, 0.5875, 0.5, 0.5625, 0.5, 0.475, 0.55, 0.5, 0.5375, 0.6875, 0.4875, 0.525, 0.6125, 0.575, 0.5375, 0.6125, 0.475, 0.6, 0.575, 0.6125, 0.5, 0.4875, 0.6125, 0.525, 0.5875, 0.55, 0.625, 0.5375, 0.525, 0.5875, 0.5625, 0.625, 0.5875, 0.4875, 0.55, 0.5375, 0.55, 0.625, 0.525, 0.4875, 0.6125, 0.4875, 0.5125, 0.4875, 0.5875, 0.575, 0.525, 0.525, 0.575]], "mean_redundant_feats": [0.09354166666666668, 0.2554166666666666, 0.40104166666666674, 0.503125, 0.5545833333333333]}}