{"reps": 1, "classification": {"regularization": 0.001, "n_features": [20, 40, 60, 80, 100], "fs_time": [[28.162805033, 29.68193888800002, 28.818846536000024, 31.128043196999954, 25.796963041000026, 30.37521986999991, 27.10978549699996, 25.296048036000002, 27.863213696999992, 26.81534819700005, 27.582896752999886, 28.86810351600002, 28.254397975999836, 30.19086702000004, 25.90319063700008, 27.071895102000326, 28.230302790999758, 28.498111061000145, 27.906472631999804, 30.126825604999794, 25.121751294000205, 26.04817689699985, 26.913814556000034, 26.529469154000253, 31.36370276200023, 36.11741700799985, 27.263744293999935, 28.757387008000023, 26.129565588999867, 25.077277828000206, 26.469980085000316, 27.603099822999866, 28.12966488100028, 30.127661728999556, 26.846900702000312, 26.791689009000038, 26.08012311499988, 30.649496108000676, 27.37905642900023, 28.179744981000113, 28.977318758000365, 26.41294319899953, 30.76408461200026, 28.54158039699996, 25.861343493000277, 32.52737418600009, 26.13194000600015, 29.107295503000387, 30.064643788000467, 30.852635473999726, 27.70781841200005, 29.35597596900061, 29.149061459000222, 26.891132671000378, 28.734524119000525, 30.171505451000485, 24.904564998999376, 26.45404614800009, 27.53511064600025, 26.8791190990014], [27.233959196, 27.65685611699999, 27.23169931000001, 27.016745109, 29.01654435799992, 27.243461171000035, 26.38371970000003, 27.627742396999906, 28.72396853400005, 27.596261811999966, 28.119190148999905, 27.973615854999935, 27.249515238999948, 27.120935705999955, 29.468040385999984, 28.21513549600013, 27.105670659000225, 27.199787510999613, 28.13821114099983, 28.65751820300011, 26.740988273000312, 28.08885121100002, 27.048350469999605, 27.282836195000073, 27.182045616999858, 27.77090805900025, 26.805214321999756, 27.37524181899971, 28.879347369999778, 30.06296377400031, 27.41664753600071, 28.954637078000815, 27.897549798, 27.83310795899979, 28.265464606000023, 27.92481617699923, 28.026571752000564, 27.967739663999964, 29.43617831499978, 28.2748923930003, 29.062683785000445, 26.909097562999705, 28.451315503999467, 28.148730436999358, 29.79207158400004, 28.44381742099995, 28.51668931200038, 27.053236328999446, 30.064137685000787, 28.177268151000135, 27.20844565799962, 29.035560657000133, 28.70707338000011, 28.151923540999633, 28.333912877999865, 28.275368087999595, 28.408239780999793, 27.56729986099981, 27.07508437300021, 26.468398404000254], [26.480100987999997, 27.073190605999997, 27.00191274599996, 26.60447622700002, 27.95704966699998, 26.802213974999972, 26.822793480999962, 28.843532835999895, 27.110576415000196, 27.313248274999978, 27.636151583000128, 27.56860920400004, 27.287166834000118, 26.25169735999998, 26.62811269100007, 26.95898848099978, 27.0896196409999, 28.253380261000075, 26.821890756000357, 28.578747384000053, 27.898895065000033, 28.010066543999983, 26.842985176000184, 28.234806038000443, 26.95245974699992, 27.22603527000001, 27.287854024000353, 26.96203999599993, 26.542980486000033, 27.796714078999685, 27.705191349000415, 28.91856133499914, 28.053933318000418, 27.92239553499985, 29.039050678999956, 30.404800804999468, 27.736750097999902, 29.05443774200012, 27.0566011410001, 28.25543521599957, 26.906114708000132, 26.436398015000123, 27.52467017500021, 28.30216496400044, 26.635184493999986, 27.817734373999883, 29.142460220999965, 27.682815090000076, 28.068910590000087, 28.988230477999423, 26.643224602999908, 27.445669942999302, 27.47059165799965, 27.36044753399983, 27.916963556000155, 28.403971806999834, 27.41931857899999, 27.672748740000316, 27.548487899000975, 30.032379129999754], [27.61028953799999, 27.164108460999984, 26.799412968000013, 27.446634475999986, 27.63515109800005, 27.56333087400003, 26.741078336999976, 28.163507178000145, 27.72178106499996, 27.72701367699983, 27.64485683299995, 28.534814581999854, 28.472077850999995, 28.024785942000108, 28.820898773999943, 28.44620669099959, 27.603518688999884, 29.971663025999987, 27.009190766999836, 27.151915875999748, 27.476176671999838, 28.137031695000132, 28.63480909200007, 27.60576879400014, 27.322091313999863, 28.041440536999744, 27.715969235000102, 27.47178141400036, 28.498129370999777, 27.503134365999358, 28.45065379300013, 29.21990704700056, 27.696005530000548, 28.20858811800008, 29.333789577999596, 27.01022677600031, 28.076207162999708, 28.58382082299977, 27.507794853999258, 27.09643756800051, 27.387616867999895, 27.760072377000142, 27.400137639000604, 28.53250803500032, 27.92494456499935, 27.53186431499944, 28.8691761959999, 28.43504969500009, 27.48000614800003, 27.975001818999772, 28.281159926000328, 29.625896357000784, 28.848389120999855, 28.66229834800015, 26.95171839499926, 27.52113588100019, 28.506393183, 28.089509663999706, 28.582032902999345, 27.671028495000428], [28.699690882000013, 27.532726998000015, 29.677573250000023, 27.817018431000065, 28.42826021199994, 29.580704497999932, 28.829912641999954, 26.94047923500011, 27.65905492700017, 27.704491110999925, 33.33996116000003, 28.076474485000062, 27.154954921000126, 28.747665949000066, 27.646890673000144, 27.680366573000356, 32.037901147999946, 30.090036744000372, 32.33771918000002, 28.1184905920004, 27.617792373000157, 28.723838024999623, 30.478973248999864, 27.276495702000375, 31.712938227999985, 30.58352337899987, 31.443016439000075, 27.80869079599961, 33.02916940399973, 28.50294174499959, 30.179297188999954, 28.430960780000532, 28.109419567999794, 31.17571985199993, 31.525460904000283, 32.44019644000036, 27.512947524999618, 30.150585451000552, 28.036425952000172, 31.4043553169995, 31.134853755000222, 32.1858260580002, 27.82804341800056, 28.304705459000616, 27.882100971, 30.043759524000052, 31.839369684999838, 28.556523205000303, 27.435544119999577, 31.48139771699971, 28.70304635699995, 31.93903015900014, 27.741199797999798, 31.63572848700005, 30.330109403999813, 27.02856766700006, 29.467651029999615, 29.689027469999928, 28.04381008100063, 27.884128247000262]], "real_feats": [[0.95, 0.95, 1.0, 0.95, 1.0, 1.0, 1.0, 1.0, 0.95, 0.95, 1.0, 0.9, 1.0, 0.95, 1.0, 1.0, 0.95, 0.85, 0.95, 0.95, 1.0, 0.9, 1.0, 1.0, 0.9, 0.9, 1.0, 0.95, 1.0, 0.95, 1.0, 1.0, 0.9, 1.0, 1.0, 1.0, 1.0, 1.0, 0.95, 0.95, 0.95, 1.0, 0.95, 0.95, 1.0, 0.95, 1.0, 1.0, 1.0, 0.95, 1.0, 0.95, 0.95, 1.0, 0.95, 1.0, 1.0, 0.95, 0.95, 1.0], [1.0, 1.0, 0.9, 1.0, 1.0, 1.0, 1.0, 1.0, 1.0, 1.0, 1.0, 1.0, 1.0, 1.0, 1.0, 1.0, 1.0, 1.0, 1.0, 1.0, 1.0, 1.0, 1.0, 1.0, 0.95, 1.0, 1.0, 1.0, 1.0, 0.95, 1.0, 1.0, 1.0, 1.0, 1.0, 1.0, 1.0, 0.95, 1.0, 1.0, 1.0, 1.0, 1.0, 1.0, 1.0, 1.0, 1.0, 1.0, 1.0, 1.0, 1.0, 1.0, 1.0, 1.0, 1.0, 1.0, 1.0, 1.0, 1.0, 0.95], [0.95, 1.0, 1.0, 1.0, 1.0, 0.95, 1.0, 1.0, 1.0, 1.0, 1.0, 0.95, 1.0, 1.0, 1.0, 1.0, 1.0, 1.0, 0.95, 1.0, 1.0, 1.0, 1.0, 1.0, 1.0, 1.0, 1.0, 1.0, 1.0, 1.0, 0.95, 1.0, 1.0, 1.0, 1.0, 1.0, 1.0, 1.0, 0.95, 1.0, 1.0, 1.0, 1.0, 1.0, 1.0, 1.0, 1.0, 1.0, 1.0, 1.0, 1.0, 1.0, 1.0, 1.0, 1.0, 1.0, 0.95, 1.0, 1.0, 1.0], [1.0, 1.0, 1.0, 0.9, 1.0, 1.0, 1.0, 1.0, 1.0, 0.95, 1.0, 0.95, 1.0, 1.0, 1.0, 1.0, 1.0, 1.0, 1.0, 1.0, 1.0, 1.0, 1.0, 1.0, 1.0, 1.0, 1.0, 1.0, 1.0, 1.0, 1.0, 1.0, 1.0, 1.0, 1.0, 1.0, 1.0, 1.0, 1.0, 0.95, 1.0, 1.0, 1.0, 1.0, 1.0, 1.0, 1.0, 1.0, 1.0, 1.0, 0.9, 1.0, 1.0, 1.0, 0.95, 1.0, 1.0, 1.0, 1.0, 0.95], [0.95, 1.0, 1.0, 1.0, 1.0, 1.0, 1.0, 1.0, 1.0, 1.0, 1.0, 1.0, 1.0, 1.0, 0.95, 1.0, 1.0, 0.95, 1.0, 1.0, 1.0, 0.95, 1.0, 1.0, 1.0, 1.0, 1.0, 1.0, 1.0, 1.0, 1.0, 1.0, 1.0, 1.0, 1.0, 1.0, 0.95, 1.0, 1.0, 1.0, 1.0, 1.0, 0.95, 1.0, 1.0, 1.0, 1.0, 0.95, 1.0, 1.0, 1.0, 1.0, 1.0, 1.0, 1.0, 1.0, 1.0, 1.0, 1.0, 1.0]], "mean_real_feats": [0.9700000000000001, 0.995, 0.9941666666666668, 0.9924999999999999, 0.9941666666666668],