{"kernel": "linear", "reps": 1, "classification": {"n_features": [20, 40, 60, 80, 100], "fs_time": [[128.36188448500002, 123.77053394899997, 123.953655454, 123.26814865799997, 125.3105575919999, 123.84912667699973, 124.56439316700016, 124.0531167830004, 124.25510358999964, 124.3268918699996, 124.7337340009999, 124.77974800800075, 123.99884858299993, 123.67163618399991, 124.04910561699944, 123.95377996800016, 122.88863482899978, 124.27138058799937, 123.76755786099966, 125.10279562200049, 123.32449057600024, 124.85307590499906, 124.78609253099967, 123.87549158500042, 123.93524556500051, 124.0460998790004, 123.90772586599996, 125.03836834199683, 123.72582696700192, 123.68309272999977, 124.7403423249998, 125.34436581300179, 123.29028670600019, 124.1172012019997, 125.03299044600135, 124.18635833200096, 124.55483493600332, 123.80039904300065, 124.7602481799986, 124.29583593700227, 124.76419059600084, 123.17487963399981, 123.64199428000211, 124.624334731001, 124.48584941199806, 124.89650424699721, 124.40764579800089, 123.49420467300297, 124.53590295399772, 124.15595969700007, 124.17680425599974, 123.95570445499834, 123.9350912129994, 124.13331827700313, 124.5157490979982, 124.62923025799682, 124.06397620999633, 124.45963538900105, 122.95901786500326, 124.82064338499913], [125.15436530599999, 124.6807676630001, 123.6190485059999, 124.00326745999996, 124.41861703899986, 123.76199409400033, 124.86174979399993, 124.55547722000028, 124.0476880390006, 123.3509960399997, 124.90145111400034, 124.28451516299992, 123.04420098600076, 123.70759480200104, 124.59088039000017, 124.04842566700063, 123.2805807980003, 124.49079781399996, 123.91759601400008, 124.51950336600021, 124.20940388700001, 124.56891266899947, 123.81514171799972, 124.36147202699976, 123.5903087989991, 124.32343912000033, 124.13453323700196, 123.67868977499893, 123.16360763100238, 123.46864083800028, 124.11526794699967, 124.07698138400156, 124.20044995499848, 124.44276029799948, 124.56386902600207, 123.87184135500138, 124.78503215599994, 124.12814320100006, 124.47218490399973, 124.21240361600212, 124.36533676999898, 123.6840925409997, 124.15540147199863, 124.1790506039979, 124.5638204909992, 123.92821385700154, 123.60395400199923, 124.45847479999793, 123.95216141200217, 124.27568977899864, 123.78809876599917, 123.76901187900148, 124.34157295600016, 123.92016252800386, 124.11158334199718, 125.68519180500152, 124.32472582599439, 124.08285749499919, 123.84988293200149, 124.45477005800058], [124.87599636000004, 124.19168727800002, 123.94102948999989, 126.36354389600001, 124.56237468600011, 124.11775758700014, 124.45905061199983, 124.20855224499974, 123.35766192899973, 123.65319406700019, 124.41946585000005, 124.33564052699967, 124.36051003600005, 124.50995254100053, 123.57704677100082, 124.11256667599991, 124.62733010299962, 123.0397519599992, 124.45101858399903, 123.806769498, 123.73030691300119, 124.56579053099995, 124.8828489030002, 124.13767748499959, 124.38428581900007, 124.07660697899883, 124.31226306299868, 125.2423025049975, 124.07662387299933, 125.67175575199872, 124.70186667399685, 124.55226105499969, 124.42110518299887, 124.01492007100023, 123.59454160799942, 124.39774717399996, 123.72149295200143, 124.07852288700087, 124.6016429040028, 123.9938108139977, 123.56615086599777, 124.02597500199772, 124.32173569999941, 123.72134990999984, 123.92210948399952, 123.809491420001, 124.1286737900009, 123.55982161900101, 125.60918313100046, 123.57134331700217, 124.35794121900108, 124.95336023100026, 123.69442543399782, 124.37719177499821, 124.74345487400569, 124.1100360690034, 124.05602160200215, 124.14244713199878, 124.01050567100174, 123.75346386699675], [125.06103196599997, 124.35629713800006, 123.9174355350001, 125.28084022200028, 124.44975457700002, 124.57494716500014, 124.33333963899986, 123.67133197800013, 123.59205151700007, 124.52197673299997, 124.32479457200043, 124.69275003599978, 123.6166883979995, 123.5595689490001, 123.88320578899948, 123.70544314899962, 124.25678781999886, 123.86645146199953, 125.54705894700055, 124.4359861590001, 124.2557066670015, 124.2403212930003, 124.40701769000043, 124.96977092099951, 123.78151593099938, 123.8816157199999, 124.19562287499866, 124.89071537799828, 124.93407912299881, 124.80322860999877, 123.89254098099991, 124.33680051400006, 124.68782539899985, 123.80108180700336, 124.82320313599848, 124.79904152000017, 125.065624603998, 124.21316260099775, 124.50387025099917, 123.56101735899938, 123.45650341799774, 124.51021864699942, 123.97942578100265, 123.98480303700126, 124.45326407000175, 124.10439880099875, 123.67719747099909, 125.00948253300157, 124.2173316139997, 123.86704634399939, 125.04550775200187, 122.75148133599942, 123.53605921000053, 124.93529413199576, 123.90663059600047, 124.53769304299931, 123.95423531599954, 124.54772276100266, 124.02080243600358, 123.18352732500352], [124.70133916499998, 123.50509519499997, 124.67059249499994, 123.75329908599997, 123.38663222499963, 123.72446183600005, 124.26072653400024, 123.62592909100022, 122.68972265499997, 122.75840941300066, 123.85967300100037, 124.25653536900063, 122.94271052299973, 123.41828952399919, 124.86500453400004, 124.03008228500039, 123.36156278400085, 123.8577761409997, 123.67943432700122, 123.72642986999927, 124.24287071300023, 123.47431401499853, 123.96493387600094, 124.00623426399943, 124.40892680099932, 124.14400106999892, 123.27787378100038, 124.9460263109977, 124.00692978900042, 123.84759806500006, 124.40429627099729, 123.98016999199899, 123.75046558599934, 123.81492332500056, 124.1037341270021, 123.9093449380016, 122.99846044999867, 123.54265626300185, 123.30013439300092, 123.22079190500153, 123.5868269370003, 123.46665470199878, 124.3552734770019, 124.24269968999943, 123.98837844199807, 123.17432026099777, 124.900566332999, 123.59369229799995, 123.76543038499949, 124.64391045299999, 123.92797784199865, 123.76948466999966, 123.79043591299705, 124.07878591799818, 124.20434670199757, 123.34173157500481, 123.47687894599949, 124.26070958700438, 123.47543577599572, 125.06366787000297]], "real_feats": [[0.95, 1.0, 0.9, 0.95, 0.95, 0.95, 1.0, 0.95, 0.95, 1.0, 0.95, 0.95, 0.95, 0.95, 0.95, 0.95, 0.95, 0.9, 0.95, 0.95, 1.0, 0.95, 0.95, 0.95, 0.95, 0.95, 0.95, 0.9, 0.95, 0.95, 1.0, 1.0, 0.95, 0.95, 1.0, 1.0, 0.95, 0.95, 0.95, 0.9, 0.95, 0.95, 0.9, 1.0, 0.9, 0.95, 1.0, 1.0, 1.0, 0.9, 0.95, 0.9, 0.9, 1.0, 0.9, 0.9, 1.0, 1.0, 1.0, 0.9], [1.0, 1.0, 1.0, 1.0, 1.0, 1.0, 1.0, 1.0, 1.0, 1.0, 1.0, 1.0, 1.0, 1.0, 1.0, 1.0, 1.0, 1.0, 1.0, 1.0, 1.0, 1.0, 1.0, 1.0, 1.0, 1.0, 1.0, 1.0, 1.0, 1.0, 1.0, 1.0, 1.0, 1.0, 1.0, 1.0, 1.0, 1.0, 1.0, 1.0, 1.0, 1.0, 1.0, 1.0, 1.0, 1.0, 1.0, 1.0, 1.0, 1.0, 1.0, 1.0, 1.0, 1.0, 1.0, 1.0, 1.0, 1.0, 1.0, 1.0], [1.0, 1.0, 1.0, 1.0, 1.0, 1.0, 1.0, 1.0, 1.0, 1.0, 1.0, 1.0, 1.0, 1.0, 1.0, 1.0, 1.0, 1.0, 1.0, 1.0, 1.0, 1.0, 1.0, 1.0, 1.0, 1.0, 1.0, 1.0, 1.0, 1.0, 1.0, 1.0, 1.0, 1.0, 1.0, 1.0, 1.0, 1.0, 1.0, 1.0, 1.0, 1.0, 1.0, 1.0, 1.0, 1.0, 1.0, 1.0, 1.0, 1.0, 1.0, 1.0, 1.0, 1.0, 1.0, 1.0, 1.0, 1.0, 1.0, 1.0], [1.0, 1.0, 1.0, 1.0, 1.0, 1.0, 1.0, 1.0, 1.0, 1.0, 1.0, 1.0, 1.0, 1.0, 1.0, 1.0, 1.0, 1.0, 1.0, 1.0, 1.0, 1.0, 1.0, 1.0, 1.0, 1.0, 1.0, 1.0, 1.0, 1.0, 1.0, 1.0, 1.0, 1.0, 1.0, 1.0, 1.0, 1.0, 1.0, 1.0, 1.0, 1.0, 1.0, 1.0, 1.0, 1.0, 1.0, 1.0, 1.0, 1.0, 1.0, 1.0, 1.0, 1.0, 1.0, 1.0, 1.0, 1.0, 1.0, 1.0], [1.0, 1.0, 1.0, 1.0, 1.0, 1.0, 1.0, 1.0, 1.0, 1.0, 1.0, 1.0, 1.0, 1.0, 1.0, 1.0, 1.0, 1.0, 1.0, 1.0, 1.0, 1.0, 1.0, 1.0, 1.0, 1.0, 1.0, 1.0, 1.0, 1.0, 1.0, 1.0, 1.0, 1.0, 1.0, 1.0, 1.0, 1.0, 1.0, 1.0, 1.0, 1.0, 1.0, 1.0, 1.0, 1.0, 1.0, 1.0, 1.0, 1.0, 1.0, 1.0, 1.0, 1.0, 1.0, 1.0, 1.0, 1.0, 1.0, 1.0]], "mean_real_feats": [0.9533333333333334, 1.0, 1.0, 1.0, 1.0],