{"reps": 1, "classification": {"n_features": [20, 40, 60, 80, 100], "fs_time": [27.862869507999676, 27.760782131999804, 24.27875869499985, 25.22116370499998, 28.408261412999764, 22.93882974500002, 26.617375507999895, 26.44637475699983, 22.953777491999972, 26.996547428999747, 27.643625810999765, 23.490026638000018, 23.01207781300036, 27.262718525999844, 25.67928118000009, 21.747470260000227, 25.27272868099999, 23.38399953499993, 24.99313825499985, 25.083830791999844, 25.32745861500007, 27.896459891000177, 21.7954772879998, 26.193284820999907, 24.795934297999793, 23.59533504000001, 22.962516525999945, 25.31878735500004, 28.131030672999714, 23.64522622300001, 26.32369269999981, 26.76054794499987, 24.64172409899993, 25.109612717000346, 25.71509155700005, 23.065641830000004, 21.886468909000087, 23.06594673599966, 26.440100998999696, 24.151805334000073, 22.127656287999798, 24.23371673499969, 24.49800754199987, 23.814592009999615, 25.62995745599983, 25.902945731999807, 25.42928994099975, 24.608835597000052, 27.107644621000418, 22.146240802999728, 26.211145108999972, 24.495636055999967, 24.123829801000284, 23.73402456399981, 25.494761290000042, 24.3169939899999, 27.020893412000078, 21.541793548999976, 27.503507221999826, 23.631928097999662], "real_feats": [[0.35, 0.3, 0.45, 0.4, 0.45, 0.3, 0.35, 0.4, 0.4, 0.25, 0.45, 0.3, 0.35, 0.25, 0.3, 0.4, 0.4, 0.45, 0.3, 0.35, 0.4, 0.35, 0.4, 0.4, 0.55, 0.25, 0.3, 0.3, 0.45, 0.4, 0.35, 0.4, 0.25, 0.35, 0.3, 0.4, 0.35, 0.4, 0.35, 0.4, 0.3, 0.35, 0.4, 0.45, 0.35, 0.4, 0.4, 0.45, 0.35, 0.45, 0.4, 0.35, 0.35, 0.3, 0.45, 0.3, 0.3, 0.5, 0.4, 0.45], [0.6, 0.4, 0.6, 0.6, 0.55, 0.5, 0.65, 0.5, 0.65, 0.5, 0.55, 0.55, 0.6, 0.45, 0.5, 0.55, 0.5, 0.7, 0.7, 0.5, 0.7, 0.45, 0.55, 0.6, 0.7, 0.65, 0.4, 0.55, 0.55, 0.6, 0.6, 0.65, 0.5, 0.5, 0.5, 0.6, 0.55, 0.65, 0.4, 0.5, 0.55, 0.45, 0.6, 0.65, 0.65, 0.5, 0.5, 0.55, 0.55, 0.6, 0.5, 0.45, 0.55, 0.6, 0.65, 0.55, 0.45, 0.6, 0.7, 0.6], [0.8, 0.5, 0.8, 0.7, 0.7, 0.85, 0.85, 0.65, 0.7, 0.6, 0.65, 0.8, 0.7, 0.75, 0.75, 0.7, 0.65, 0.8, 0.7, 0.7, 0.85, 0.65, 0.8, 0.8, 0.75, 0.75, 0.65, 0.7, 0.75, 0.7, 0.7, 0.85, 0.65, 0.75, 0.8, 0.6, 0.8, 0.7, 0.45, 0.6, 0.7, 0.65, 0.65, 0.9, 0.75, 0.6, 0.8, 0.7, 0.65, 0.75, 0.65, 0.6, 0.6, 0.7, 0.7, 0.8, 0.65, 0.75, 0.75, 0.8], [0.95, 0.65, 0.85, 0.75, 0.85, 0.9, 0.9, 0.75, 0.75, 0.7, 0.8, 0.85, 0.7, 0.75, 0.85, 0.8, 0.75, 0.85, 0.8, 0.75, 0.85, 0.75, 0.8, 0.9, 0.75, 0.8, 0.65, 0.8, 0.8, 0.85, 0.7, 0.9, 0.7, 0.75, 0.85, 0.7, 0.9, 0.85, 0.55, 0.65, 0.7, 0.75, 0.7, 0.9, 0.75, 0.75, 0.9, 0.8, 0.75, 0.8, 0.85, 0.7, 0.75, 0.9, 0.8, 0.9, 0.75, 0.85, 0.85, 0.8], [1.0, 0.75, 0.9, 0.8, 0.85, 0.9, 1.0, 0.75, 0.8, 0.8, 0.85, 0.85, 0.75, 0.8, 0.9, 0.8, 0.9, 0.9, 0.9, 0.8, 0.95, 0.9, 0.85, 0.9, 0.9, 0.8, 0.75, 0.8, 1.0, 0.85, 0.8, 0.95, 0.85, 0.85, 0.95, 0.8, 0.9, 0.85, 0.65, 0.9, 0.8, 0.8, 0.75, 0.9, 0.85, 0.8, 0.95, 0.9, 0.85, 0.9, 0.9, 0.85, 0.85, 0.9, 0.8, 0.95, 0.8, 0.9, 0.9, 0.85]], "mean_real_feats": [0.37083333333333335, 0.56, 0.7133333333333333, 0.7900000000000001, 0.8566666666666667], "redundant_feats": [[0.0375, 0.0375, 0.0125, 0.0125, 0.0125, 0.025, 0.0125, 0.0375, 0.025, 0.0125, 0.025, 0.025, 0.0375, 0.0375, 0.025, 0.0, 0.0, 0.0125, 0.025, 0.0125, 0.05, 0.0375, 0.0125, 0.0375, 0.0, 0.0125, 0.05, 0.025, 0.0375, 0.0, 0.025, 0.025, 0.025, 0.0, 0.0375, 0.0, 0.0125, 0.0, 0.025, 0.0, 0.0375, 0.0125, 0.0, 0.025, 0.0125, 0.025, 0.0125, 0.0, 0.025, 0.0, 0.0125, 0.0375, 0.0375, 0.0375, 0.0, 0.0125, 0.05, 0.0125, 0.025, 0.0], [0.075, 0.1125, 0.0625, 0.0625, 0.1, 0.1, 0.025, 0.125, 0.0625, 0.0375, 0.1125, 0.0625, 0.1, 0.0625, 0.05, 0.075, 0.0375, 0.05, 0.0375, 0.0375, 0.0625, 0.1, 0.025, 0.0875, 0.0625, 0.025, 0.0875, 0.075, 0.1125, 0.05, 0.0375, 0.05, 0.0625, 0.05, 0.075, 0.025, 0.05, 0.0375, 0.075, 0.0625, 0.075, 0.05, 0.0625, 0.1, 0.0625, 0.075, 0.05, 0.0625, 0.1125, 0.0375, 0.0375, 0.0625, 0.1, 0.075, 0.05, 0.0625, 0.075, 0.05, 0.025, 0.0625], [0.1625, 0.1625, 0.125, 0.1625, 0.1875, 0.1375, 0.1, 0.1875, 0.1375, 0.125, 0.2, 0.1625, 0.15, 0.1125, 0.1, 0.175, 0.1, 0.125, 0.125, 0.1, 0.1625, 0.15, 0.1125, 0.15, 0.175, 0.1125, 0.1625, 0.1625, 0.1875, 0.125, 0.1375, 0.1375, 0.15, 0.0875, 0.1375, 0.15, 0.125, 0.0875, 0.175, 0.1625, 0.15, 0.1, 0.15, 0.1875, 0.1625, 0.1625, 0.1375, 0.15, 0.2125, 0.1, 0.125, 0.125, 0.175, 0.1625, 0.1, 0.1375, 0.15, 0.125, 0.125, 0.15], [0.25, 0.225, 0.1875, 0.225, 0.2625, 0.2125, 0.1625, 0.2375, 0.1875, 0.2, 0.2625, 0.2625, 0.225, 0.225, 0.15, 0.225, 0.15, 0.2, 0.1875, 0.2125, 0.2375, 0.2375, 0.175, 0.2125, 0.275, 0.1875, 0.225, 0.225, 0.25, 0.2, 0.175, 0.225, 0.2375, 0.2125, 0.2, 0.2, 0.2, 0.15, 0.25, 0.225, 0.2125, 0.2, 0.2125, 0.275, 0.275, 0.225, 0.2125, 0.2, 0.25, 0.15, 0.175, 0.2125, 0.2125, 0.1875, 0.1875, 0.1875, 0.225, 0.2, 0.225, 0.2375], [0.3375, 0.3375, 0.275, 0.325, 0.375, 0.375, 0.2375, 0.375, 0.2875, 0.3, 0.4, 0.375, 0.3125, 0.3375, 0.2375, 0.375, 0.225, 0.3, 0.2625, 0.3, 0.35, 0.3375, 0.2625, 0.3375, 0.3875, 0.3125, 0.2875, 0.3375, 0.325, 0.3125, 0.2625, 0.325, 0.3375, 0.3125, 0.325, 0.3, 0.325, 0.25, 0.325, 0.275, 0.3, 0.3125, 0.35, 0.425, 0.35, 0.3125, 0.325, 0.3125, 0.3625, 0.2625, 0.25, 0.2875, 0.275, 0.2875, 0.325, 0.275, 0.325, 0.3125, 0.2875, 0.35]], "mean_redundant_feats": [0.02020833333333333, 0.06479166666666666, 0.1429166666666667, 0.21354166666666666, 0.3154166666666667]}}