{"reps": 1, "classification": {"n_features": [20, 40, 60, 80, 100], "fs_time": [26.08771437000007, 25.946784018000017, 26.973067722999986, 25.836206058000016, 25.920397168000022, 25.922928011999943, 25.979640958999994, 26.373844725000026, 25.952452945000005, 25.797763448999945, 25.94538201399996, 25.763160663000008, 25.85409985800004, 25.76398174999997, 25.886345819999974, 25.96153065100009, 26.09568237999997, 26.173686108000084, 25.88952524199999, 26.039437407999912, 25.970030513999973, 25.59410588700007, 25.80624436800008, 25.74310026399985, 25.884471907000034, 25.888376275000155, 25.73520095699996, 25.806456530999867, 25.906097054000156, 25.944837403999827, 25.718088132000048, 25.760986236999997, 25.847756983999943, 25.857242945000053, 25.855899507999993, 26.369466287000023, 25.818810871999858, 26.124854413999856, 26.072544534000144, 25.907726765999996, 25.832048557000007, 25.679665599999907, 25.74697732100003, 25.85705728300013, 25.80610530099989, 25.970862748000172, 25.93216222900014, 26.00058292699987, 25.842119925999896, 25.9725773990001, 25.941055730000016, 25.82168754700001, 25.72340019699982, 25.829855281999926, 25.79573100499988, 25.841351162000137, 25.788897372000065, 25.751790188000086, 25.940390232000027, 25.877327426000193], "real_feats": [[0.2, 0.2, 0.2, 0.25, 0.2, 0.25, 0.2, 0.2, 0.2, 0.15, 0.2, 0.2, 0.2, 0.25, 0.2, 0.2, 0.2, 0.2, 0.25, 0.2, 0.25, 0.2, 0.25, 0.25, 0.2, 0.25, 0.25, 0.2, 0.25, 0.2, 0.2, 0.2, 0.2, 0.25, 0.25, 0.25, 0.25, 0.2, 0.2, 0.15, 0.2, 0.2, 0.2, 0.25, 0.25, 0.2, 0.2, 0.2, 0.2, 0.25, 0.2, 0.25, 0.25, 0.2, 0.2, 0.25, 0.25, 0.2, 0.2, 0.2], [0.35, 0.4, 0.35, 0.35, 0.3, 0.4, 0.35, 0.35, 0.35, 0.3, 0.4, 0.35, 0.35, 0.35, 0.4, 0.35, 0.35, 0.35, 0.35, 0.3, 0.35, 0.3, 0.35, 0.35, 0.35, 0.35, 0.35, 0.35, 0.35, 0.35, 0.35, 0.3, 0.35, 0.4, 0.3, 0.3, 0.3, 0.35, 0.4, 0.3, 0.35, 0.3, 0.4, 0.35, 0.3, 0.4, 0.3, 0.3, 0.35, 0.35, 0.4, 0.35, 0.35, 0.3, 0.35, 0.4, 0.3, 0.35, 0.35, 0.35], [0.45, 0.5, 0.4, 0.45, 0.45, 0.45, 0.55, 0.45, 0.45, 0.4, 0.45, 0.45, 0.45, 0.45, 0.45, 0.45, 0.45, 0.45, 0.45, 0.45, 0.55, 0.4, 0.45, 0.55, 0.5, 0.45, 0.45, 0.4, 0.5, 0.45, 0.4, 0.45, 0.5, 0.5, 0.45, 0.45, 0.4, 0.5, 0.45, 0.45, 0.45, 0.4, 0.5, 0.5, 0.45, 0.45, 0.45, 0.45, 0.45, 0.45, 0.5, 0.5, 0.45, 0.45, 0.4, 0.5, 0.45, 0.45, 0.45, 0.45], [0.6, 0.6, 0.55, 0.55, 0.6, 0.55, 0.55, 0.55, 0.5, 0.55, 0.6, 0.55, 0.6, 0.5, 0.6, 0.5, 0.55, 0.55, 0.55, 0.6, 0.6, 0.55, 0.5, 0.65, 0.6, 0.6, 0.65, 0.5, 0.6, 0.55, 0.55, 0.6, 0.55, 0.6, 0.55, 0.6, 0.55, 0.6, 0.5, 0.55, 0.55, 0.55, 0.6, 0.65, 0.6, 0.6, 0.55, 0.55, 0.5, 0.55, 0.65, 0.6, 0.6, 0.55, 0.5, 0.65, 0.55, 0.5, 0.55, 0.55], [0.6, 0.6, 0.65, 0.65, 0.6, 0.7, 0.7, 0.7, 0.6, 0.65, 0.7, 0.65, 0.7, 0.6, 0.65, 0.55, 0.6, 0.65, 0.65, 0.6, 0.6, 0.65, 0.6, 0.7, 0.65, 0.65, 0.65, 0.55, 0.6, 0.65, 0.6, 0.65, 0.6, 0.6, 0.6, 0.65, 0.6, 0.65, 0.6, 0.65, 0.7, 0.6, 0.6, 0.65, 0.65, 0.65, 0.6, 0.65, 0.65, 0.65, 0.7, 0.7, 0.7, 0.65, 0.65, 0.65, 0.6, 0.65, 0.7, 0.7]], "mean_real_feats": [0.21583333333333327, 0.3458333333333334, 0.45749999999999996, 0.5674999999999998, 0.6400000000000001], "redundant_feats": [[0.1625, 0.1875, 0.2, 0.1625, 0.1625, 0.1875, 0.175, 0.1625, 0.1875, 0.1875, 0.175, 0.2, 0.175, 0.175, 0.175, 0.2, 0.2, 0.1625, 0.1875, 0.2, 0.15, 0.1875, 0.1875, 0.15, 0.1625, 0.175, 0.1875, 0.1875, 0.125, 0.2, 0.2, 0.175, 0.2, 0.1875, 0.175, 0.175, 0.175, 0.1875, 0.175, 0.175, 0.2, 0.1875, 0.2, 0.15, 0.175, 0.1875, 0.1875, 0.1875, 0.175, 0.175, 0.1625, 0.1375, 0.175, 0.2, 0.175, 0.175, 0.1625, 0.2, 0.15, 0.1875], [0.3625, 0.3375, 0.3875, 0.3625, 0.35, 0.3875, 0.35, 0.35, 0.35, 0.3, 0.3625, 0.3375, 0.375, 0.35, 0.3625, 0.4, 0.3125, 0.3375, 0.325, 0.375, 0.375, 0.325, 0.3875, 0.3375, 0.35, 0.35, 0.375, 0.3625, 0.3375, 0.4, 0.375, 0.3125, 0.375, 0.375, 0.3875, 0.3625, 0.325, 0.3625, 0.35, 0.3, 0.4, 0.3625, 0.3625, 0.3625, 0.375, 0.3875, 0.3625, 0.35, 0.375, 0.3875, 0.35, 0.35, 0.375, 0.3625, 0.3375, 0.3875, 0.3625, 0.375, 0.3125, 0.4], [0.4375, 0.5, 0.5125, 0.525, 0.4625, 0.5, 0.5125, 0.525, 0.525, 0.4375, 0.55, 0.4875, 0.5375, 0.4875, 0.5125, 0.5125, 0.5125, 0.5, 0.45, 0.5, 0.525, 0.4375, 0.5, 0.5375, 0.5125, 0.5, 0.5375, 0.4875, 0.4875, 0.55, 0.5, 0.4125, 0.525, 0.525, 0.4875, 0.475, 0.5125, 0.5, 0.475, 0.5, 0.525, 0.475, 0.5125, 0.4875, 0.4875, 0.55, 0.5, 0.4625, 0.5125, 0.5125, 0.55, 0.5125, 0.5375, 0.45, 0.5, 0.525, 0.475, 0.55, 0.4875, 0.5125], [0.625, 0.625, 0.6375, 0.6875, 0.6375, 0.65, 0.6375, 0.6, 0.6125, 0.625, 0.5875, 0.6375, 0.65, 0.6375, 0.6, 0.625, 0.65, 0.6375, 0.575, 0.625, 0.7125, 0.6125, 0.65, 0.675, 0.675, 0.6375, 0.625, 0.6125, 0.6375, 0.65, 0.65, 0.575, 0.6875, 0.6875, 0.6125, 0.625, 0.625, 0.6625, 0.6, 0.65, 0.6625, 0.5875, 0.65, 0.6625, 0.6625, 0.675, 0.675, 0.625, 0.6125, 0.6625, 0.7, 0.675, 0.6625, 0.6125, 0.65, 0.675, 0.6125, 0.65, 0.625, 0.7], [0.75, 0.7125, 0.7375, 0.75, 0.75, 0.7875, 0.725, 0.775, 0.7125, 0.75, 0.725, 0.75, 0.8, 0.6875, 0.75, 0.675, 0.75, 0.7125, 0.725, 0.7375, 0.7375, 0.7125, 0.7, 0.825, 0.7625, 0.8, 0.775, 0.7125, 0.75, 0.75, 0.75, 0.75, 0.6875, 0.7375, 0.7125, 0.7625, 0.725, 0.75, 0.725, 0.7875, 0.7625, 0.7375, 0.75, 0.775, 0.775, 0.75, 0.7125, 0.75, 0.675, 0.7375, 0.8125, 0.75, 0.75, 0.7375, 0.7375, 0.8, 0.725, 0.675, 0.7375, 0.7875]], "mean_redundant_feats": [0.17854166666666665, 0.3589583333333333, 0.5016666666666667, 0.6410416666666666, 0.7435416666666665]}}