{"reps": 1, "classification": {"n_features": [20, 40, 60, 80, 100], "fs_time": [2.246770680999987, 2.2565545470000075, 2.2210978499999783, 2.228250253999988, 2.2071489699999916, 2.2283561899999995, 2.241469018000032, 2.2360681560000444, 2.1967083709999997, 2.23403749900001, 2.164416662000008, 2.3292793129999723, 2.090346218000036, 2.204416605000006, 2.2498011229999975, 2.1525304209999945, 2.3341963810000266, 2.6444641259999457, 2.258793283999978, 2.3421680890000403, 2.2214984160000313, 2.2301949060000084, 2.360325302000035, 2.324918036999975, 2.2109905149999918, 2.229442871999993, 2.36245694400003, 2.2601356760000044, 2.3579059219999863, 2.313054247000025, 2.2216844850000257, 2.332566853000003, 2.2065065520000076, 2.3814898920000473, 2.3082984410000336, 2.226054830999999, 2.289787455999999, 2.241466351999975, 2.241792232000023, 2.2870001310000134, 2.428775064999968, 2.1032674269999916, 2.2171864950000213, 2.2003646580000122, 2.2345351729999834, 2.3083358549999957, 2.196521711999992, 2.1736775760000455, 2.2796205809999606, 2.3571518169999877, 2.2471752759999504, 2.2222080640000286, 2.328915771000027, 2.242091221999999, 2.4442668239999534, 2.1891043350000245, 2.330196732000047, 2.1287295390000054, 2.2548990379999623, 2.382762360000015], "real_feats": [[0.15, 0.0, 0.2, 0.05, 0.05, 0.1, 0.1, 0.1, 0.05, 0.1, 0.15, 0.1, 0.0, 0.05, 0.1, 0.1, 0.1, 0.1, 0.15, 0.1, 0.05, 0.15, 0.1, 0.15, 0.05, 0.1, 0.15, 0.15, 0.05, 0.1, 0.1, 0.1, 0.15, 0.05, 0.15, 0.1, 0.05, 0.1, 0.15, 0.1, 0.1, 0.0, 0.0, 0.1, 0.1, 0.15, 0.05, 0.1, 0.0, 0.1, 0.15, 0.05, 0.15, 0.1, 0.1, 0.1, 0.05, 0.1, 0.05, 0.05], [0.25, 0.1, 0.25, 0.15, 0.2, 0.25, 0.2, 0.25, 0.15, 0.2, 0.2, 0.15, 0.2, 0.2, 0.2, 0.15, 0.15, 0.2, 0.15, 0.15, 0.15, 0.2, 0.15, 0.3, 0.2, 0.2, 0.25, 0.2, 0.1, 0.25, 0.3, 0.1, 0.2, 0.15, 0.2, 0.25, 0.25, 0.1, 0.2, 0.25, 0.25, 0.15, 0.1, 0.1, 0.35, 0.2, 0.1, 0.25, 0.1, 0.15, 0.15, 0.1, 0.2, 0.2, 0.2, 0.25, 0.15, 0.2, 0.25, 0.2], [0.3, 0.15, 0.25, 0.2, 0.3, 0.25, 0.25, 0.25, 0.25, 0.25, 0.25, 0.2, 0.3, 0.25, 0.25, 0.25, 0.2, 0.25, 0.3, 0.25, 0.25, 0.2, 0.15, 0.3, 0.25, 0.35, 0.25, 0.2, 0.25, 0.3, 0.4, 0.2, 0.3, 0.3, 0.25, 0.25, 0.35, 0.2, 0.25, 0.35, 0.3, 0.15, 0.35, 0.25, 0.35, 0.25, 0.15, 0.35, 0.3, 0.15, 0.3, 0.25, 0.2, 0.3, 0.25, 0.3, 0.3, 0.25, 0.25, 0.2], [0.3, 0.3, 0.35, 0.25, 0.35, 0.25, 0.25, 0.25, 0.25, 0.3, 0.3, 0.2, 0.3, 0.25, 0.35, 0.3, 0.25, 0.3, 0.35, 0.4, 0.25, 0.25, 0.3, 0.35, 0.35, 0.35, 0.35, 0.25, 0.25, 0.35, 0.4, 0.25, 0.3, 0.3, 0.3, 0.25, 0.4, 0.25, 0.3, 0.35, 0.4, 0.15, 0.35, 0.35, 0.35, 0.25, 0.2, 0.35, 0.4, 0.15, 0.35, 0.25, 0.2, 0.3, 0.3, 0.3, 0.35, 0.35, 0.25, 0.25], [0.35, 0.4, 0.45, 0.3, 0.35, 0.25, 0.4, 0.35, 0.3, 0.4, 0.35, 0.25, 0.3, 0.4, 0.4, 0.3, 0.4, 0.35, 0.35, 0.4, 0.45, 0.3, 0.35, 0.35, 0.45, 0.35, 0.4, 0.25, 0.3, 0.35, 0.4, 0.3, 0.4, 0.45, 0.35, 0.35, 0.45, 0.3, 0.4, 0.45, 0.4, 0.2, 0.4, 0.35, 0.35, 0.25, 0.25, 0.4, 0.4, 0.3, 0.4, 0.35, 0.2, 0.35, 0.35, 0.35, 0.35, 0.35, 0.35, 0.25]], "mean_real_feats": [0.0925, 0.18999999999999997, 0.25833333333333336, 0.29750000000000004, 0.3508333333333334], "redundant_feats": [[0.0375, 0.0, 0.0875, 0.0, 0.025, 0.025, 0.025, 0.025, 0.0125, 0.05, 0.0, 0.075, 0.0, 0.0, 0.0625, 0.075, 0.05, 0.0875, 0.0125, 0.0375, 0.0375, 0.05, 0.0375, 0.0625, 0.0125, 0.0125, 0.0625, 0.0375, 0.0125, 0.0375, 0.025, 0.0125, 0.0625, 0.0625, 0.075, 0.0375, 0.0625, 0.0375, 0.0375, 0.0125, 0.025, 0.0, 0.0, 0.0625, 0.05, 0.0875, 0.0125, 0.0125, 0.0, 0.05, 0.075, 0.0125, 0.025, 0.0125, 0.075, 0.05, 0.0125, 0.0375, 0.025, 0.0], [0.1125, 0.0125, 0.1875, 0.075, 0.05, 0.125, 0.1, 0.1375, 0.0875, 0.075, 0.0375, 0.1, 0.0375, 0.05, 0.1125, 0.1, 0.1375, 0.125, 0.1125, 0.0625, 0.0875, 0.125, 0.0875, 0.125, 0.0875, 0.0625, 0.0875, 0.1, 0.05, 0.125, 0.1, 0.05, 0.125, 0.075, 0.175, 0.075, 0.1125, 0.0875, 0.125, 0.0625, 0.1125, 0.0375, 0.0375, 0.0625, 0.125, 0.15, 0.05, 0.05, 0.025, 0.1, 0.1125, 0.075, 0.125, 0.075, 0.125, 0.1125, 0.0875, 0.125, 0.075, 0.0875], [0.1625, 0.0375, 0.2, 0.1, 0.1, 0.1625, 0.1375, 0.225, 0.1375, 0.1625, 0.125, 0.1125, 0.0875, 0.1125, 0.1875, 0.1125, 0.175, 0.1375, 0.125, 0.0875, 0.1375, 0.175, 0.1125, 0.1875, 0.175, 0.1125, 0.1875, 0.15, 0.075, 0.2, 0.1875, 0.1, 0.2, 0.1125, 0.2, 0.1625, 0.15, 0.1125, 0.1625, 0.1375, 0.2125, 0.1, 0.0625, 0.1375, 0.175, 0.2125, 0.075, 0.15, 0.0625, 0.125, 0.1375, 0.1125, 0.1875, 0.1375, 0.15, 0.1375, 0.1625, 0.1375, 0.175, 0.175], [0.2375, 0.0625, 0.2375, 0.175, 0.1875, 0.2, 0.175, 0.2375, 0.1875, 0.1875, 0.175, 0.1625, 0.15, 0.175, 0.2375, 0.1875, 0.1875, 0.175, 0.15, 0.125, 0.2375, 0.2125, 0.15, 0.2375, 0.2125, 0.1875, 0.225, 0.1625, 0.1625, 0.2375, 0.2625, 0.175, 0.225, 0.1625, 0.2125, 0.2, 0.1875, 0.1125, 0.2, 0.225, 0.275, 0.1125, 0.125, 0.2, 0.2125, 0.25, 0.125, 0.2125, 0.125, 0.125, 0.2375, 0.1375, 0.1875, 0.1625, 0.2, 0.2, 0.225, 0.1375, 0.1875, 0.1875], [0.25, 0.1125, 0.2875, 0.175, 0.2625, 0.2, 0.225, 0.2625, 0.2, 0.2125, 0.2375, 0.2, 0.1875, 0.175, 0.2875, 0.2375, 0.2125, 0.2375, 0.25, 0.1875, 0.25, 0.2375, 0.2, 0.275, 0.2625, 0.2375, 0.2875, 0.2, 0.175, 0.275, 0.3, 0.2125, 0.275, 0.225, 0.275, 0.2, 0.2375, 0.175, 0.275, 0.25, 0.35, 0.1375, 0.25, 0.275, 0.225, 0.25, 0.125, 0.2375, 0.2375, 0.125, 0.2875, 0.1875, 0.1875, 0.175, 0.2, 0.2125, 0.2625, 0.15, 0.2125, 0.1875]], "mean_redundant_feats": [0.03500000000000001, 0.09187500000000001, 0.14250000000000002, 0.18708333333333332, 0.225]}}