{"reps": 1, "classification": {"n_features": [20, 40, 60, 80, 100], "fs_time": [2.9500027550000003, 3.071820312999999, 2.922685699999999, 2.868503629000001, 2.998620623999999, 2.9290762159999986, 2.9965972779999994, 3.087923319999998, 2.9184750840000007, 2.98082097, 2.9836873029999964, 2.9185931690000047, 2.875740051000001, 3.0039283910000023, 2.8447845610000044, 2.9005461670000017, 2.9952384639999963, 2.9235232280000005, 2.928951977000004, 2.9511028390000007, 2.857590065999993, 2.9072113369999926, 2.9354258720000104, 2.926956175000001, 2.8779295020000006, 2.915849350000002, 2.9193014920000024, 2.904345276000001, 2.9515134560000007, 2.9857948389999933, 2.9974292800000057, 2.859129655000004, 2.922406787, 2.913338918000008, 2.991145093, 3.027625637, 2.865685561999996, 3.094162403999988, 2.922029300999995, 2.9354335099999957, 2.964425454999997, 2.9485067140000183, 2.883665457999996, 2.9912752330000103, 3.0337579220000066, 2.862802622999993, 2.9426726320000114, 2.8925611219999894, 2.8865829510000083, 3.0187095210000052, 3.001170361999982, 2.9320312880000188, 2.8446542080000086, 2.936499056999992, 2.897218495000004, 2.891812243000004, 2.9455420710000055, 2.8725857299999973, 2.995670869999998, 2.9065819040000065], "real_feats": [[0.2, 0.25, 0.25, 0.2, 0.2, 0.25, 0.25, 0.2, 0.2, 0.2, 0.2, 0.2, 0.2, 0.2, 0.25, 0.2, 0.2, 0.25, 0.2, 0.2, 0.25, 0.2, 0.2, 0.2, 0.2, 0.25, 0.2, 0.2, 0.2, 0.2, 0.2, 0.25, 0.25, 0.25, 0.15, 0.3, 0.15, 0.25, 0.25, 0.2, 0.2, 0.2, 0.2, 0.2, 0.2, 0.2, 0.15, 0.2, 0.2, 0.2, 0.25, 0.2, 0.2, 0.25, 0.2, 0.2, 0.2, 0.2, 0.2, 0.25], [0.35, 0.4, 0.4, 0.55, 0.35, 0.4, 0.35, 0.4, 0.3, 0.3, 0.4, 0.4, 0.4, 0.3, 0.4, 0.3, 0.4, 0.4, 0.35, 0.35, 0.35, 0.35, 0.4, 0.3, 0.35, 0.3, 0.35, 0.35, 0.35, 0.3, 0.35, 0.4, 0.35, 0.35, 0.25, 0.35, 0.3, 0.4, 0.35, 0.3, 0.3, 0.35, 0.35, 0.35, 0.35, 0.3, 0.4, 0.4, 0.4, 0.3, 0.4, 0.35, 0.4, 0.4, 0.3, 0.4, 0.35, 0.3, 0.35, 0.35], [0.45, 0.45, 0.5, 0.55, 0.45, 0.45, 0.45, 0.5, 0.35, 0.45, 0.5, 0.5, 0.55, 0.4, 0.5, 0.4, 0.45, 0.45, 0.45, 0.5, 0.45, 0.45, 0.45, 0.5, 0.45, 0.4, 0.5, 0.4, 0.5, 0.45, 0.4, 0.45, 0.4, 0.5, 0.4, 0.5, 0.35, 0.5, 0.4, 0.5, 0.45, 0.5, 0.45, 0.45, 0.45, 0.4, 0.5, 0.45, 0.45, 0.4, 0.45, 0.45, 0.45, 0.45, 0.45, 0.5, 0.45, 0.45, 0.45, 0.45], [0.55, 0.45, 0.55, 0.6, 0.55, 0.5, 0.5, 0.55, 0.45, 0.5, 0.6, 0.6, 0.6, 0.45, 0.5, 0.45, 0.55, 0.5, 0.5, 0.5, 0.6, 0.45, 0.5, 0.55, 0.55, 0.45, 0.55, 0.45, 0.6, 0.5, 0.55, 0.5, 0.5, 0.55, 0.45, 0.6, 0.5, 0.65, 0.5, 0.5, 0.55, 0.5, 0.55, 0.6, 0.45, 0.45, 0.5, 0.55, 0.55, 0.45, 0.45, 0.55, 0.45, 0.5, 0.5, 0.55, 0.55, 0.45, 0.5, 0.5], [0.55, 0.5, 0.55, 0.6, 0.6, 0.6, 0.6, 0.6, 0.55, 0.55, 0.65, 0.6, 0.7, 0.45, 0.6, 0.5, 0.55, 0.6, 0.5, 0.5, 0.65, 0.55, 0.5, 0.6, 0.65, 0.55, 0.55, 0.45, 0.7, 0.6, 0.6, 0.55, 0.55, 0.55, 0.55, 0.65, 0.55, 0.7, 0.5, 0.5, 0.65, 0.6, 0.7, 0.6, 0.5, 0.5, 0.5, 0.6, 0.6, 0.5, 0.6, 0.6, 0.5, 0.55, 0.55, 0.6, 0.55, 0.55, 0.55, 0.6]], "mean_real_feats": [0.21249999999999997, 0.35666666666666674, 0.45499999999999996, 0.5183333333333333, 0.5708333333333332], "redundant_feats": [[0.1875, 0.175, 0.175, 0.1625, 0.125, 0.1625, 0.15, 0.1625, 0.15, 0.2, 0.15, 0.1625, 0.1625, 0.175, 0.1875, 0.2, 0.1875, 0.175, 0.1625, 0.175, 0.1625, 0.1625, 0.2, 0.1625, 0.175, 0.15, 0.1875, 0.1875, 0.175, 0.1625, 0.1625, 0.1625, 0.1875, 0.15, 0.15, 0.1375, 0.1625, 0.125, 0.175, 0.1625, 0.1875, 0.1875, 0.175, 0.15, 0.1875, 0.1625, 0.175, 0.15, 0.175, 0.1375, 0.1625, 0.1625, 0.15, 0.175, 0.175, 0.1625, 0.1875, 0.1875, 0.15, 0.1625], [0.275, 0.3375, 0.35, 0.2875, 0.3, 0.3375, 0.3625, 0.3625, 0.3375, 0.3375, 0.2875, 0.325, 0.3125, 0.3625, 0.375, 0.3375, 0.325, 0.35, 0.3, 0.3, 0.35, 0.3125, 0.2875, 0.2875, 0.3, 0.3375, 0.2625, 0.3875, 0.3, 0.325, 0.3375, 0.3625, 0.3625, 0.35, 0.3, 0.375, 0.2625, 0.3, 0.3625, 0.275, 0.3, 0.35, 0.3125, 0.3125, 0.375, 0.2875, 0.325, 0.2875, 0.325, 0.3375, 0.2875, 0.3375, 0.2875, 0.3625, 0.2625, 0.35, 0.3625, 0.3125, 0.25, 0.35], [0.4625, 0.4625, 0.5125, 0.5125, 0.4625, 0.475, 0.4, 0.5125, 0.35, 0.425, 0.475, 0.475, 0.425, 0.4375, 0.4625, 0.45, 0.4375, 0.425, 0.425, 0.45, 0.5, 0.4125, 0.475, 0.3875, 0.475, 0.35, 0.4375, 0.425, 0.4125, 0.4625, 0.475, 0.45, 0.4125, 0.5125, 0.425, 0.475, 0.375, 0.4375, 0.4375, 0.3875, 0.4375, 0.4875, 0.425, 0.475, 0.475, 0.4125, 0.5, 0.45, 0.5375, 0.4125, 0.4125, 0.475, 0.4125, 0.475, 0.3625, 0.4875, 0.4375, 0.45, 0.375, 0.475], [0.5375, 0.475, 0.5375, 0.625, 0.5625, 0.475, 0.4625, 0.6125, 0.3875, 0.4875, 0.6, 0.6125, 0.5, 0.5, 0.5375, 0.4625, 0.475, 0.4875, 0.5, 0.5375, 0.575, 0.475, 0.525, 0.525, 0.525, 0.4625, 0.55, 0.475, 0.5, 0.4875, 0.5625, 0.475, 0.4875, 0.6125, 0.4875, 0.525, 0.475, 0.55, 0.5125, 0.525, 0.5375, 0.55, 0.525, 0.575, 0.475, 0.5125, 0.5375, 0.4625, 0.6125, 0.5, 0.4125, 0.6125, 0.4625, 0.4875, 0.475, 0.5875, 0.55, 0.475, 0.4875, 0.5], [0.575, 0.5375, 0.55, 0.625, 0.6, 0.5125, 0.475, 0.625, 0.55, 0.55, 0.6375, 0.625, 0.575, 0.5, 0.5875, 0.5125, 0.475, 0.5625, 0.5, 0.5375, 0.675, 0.5, 0.525, 0.5875, 0.5625, 0.525, 0.6125, 0.475, 0.5875, 0.575, 0.6, 0.5, 0.4875, 0.6125, 0.55, 0.5875, 0.55, 0.6625, 0.5375, 0.525, 0.5875, 0.5625, 0.625, 0.5875, 0.5, 0.55, 0.5375, 0.55, 0.625, 0.525, 0.4875, 0.6125, 0.475, 0.5375, 0.5125, 0.6, 0.575, 0.525, 0.525, 0.5875]], "mean_redundant_feats": [0.1675, 0.32291666666666674, 0.445625, 0.5170833333333333, 0.5572916666666666]}}