{"reps": 1, "classification": {"n_features": [20, 40, 60, 80, 100], "fs_time": [2.727959090000013, 1.8644714430000136, 1.8737156960000334, 1.8165374769999971, 1.8141518850000011, 1.8715763280000033, 1.8467967439999597, 1.8242583489999902, 1.830359756000007, 1.8147705580000206, 1.8127861319999852, 1.8136041380000165, 1.817617289999987, 1.8298947060000046, 1.8419696209999756, 1.8218394990000206, 1.822877376000008, 1.8319778110000016, 1.8171510390000094, 1.8229081350000342, 1.8281509760000176, 1.8191209309999863, 1.821757328999979, 1.8457116029999838, 1.8049076760000275, 1.81957550300001, 1.8251770599999873, 1.8061972490000358, 1.8215101729999787, 1.8067118440000058, 1.8044658349999736, 1.8211560959999815, 1.8026619930000152, 1.8423863599999777, 1.807030161000057, 1.8062238509999133, 1.809809755999936, 1.8014139719999775, 1.8095981359999769, 1.8092266310000014, 1.8101037989999895, 1.8100471259999722, 1.8009463160000223, 1.7998574150000195, 1.8037126759999182, 1.816707039999983, 1.8125451649999604, 1.87443517600002, 1.814838688000009, 1.8149832209999204, 1.8044196499999998, 1.807693261000054, 1.8023219890000064, 1.8028222420000475, 1.811541127000055, 1.8058348280000018, 1.8081336829999373, 1.811413893000008, 1.8222124139999778, 1.8097518969999555], "real_feats": [[0.25, 0.2, 0.25, 0.3, 0.15, 0.4, 0.25, 0.3, 0.3, 0.2, 0.2, 0.3, 0.25, 0.15, 0.2, 0.3, 0.2, 0.25, 0.25, 0.2, 0.2, 0.2, 0.2, 0.15, 0.3, 0.25, 0.3, 0.1, 0.35, 0.3, 0.3, 0.15, 0.25, 0.35, 0.2, 0.4, 0.15, 0.2, 0.25, 0.3, 0.25, 0.35, 0.25, 0.25, 0.2, 0.15, 0.25, 0.1, 0.25, 0.25, 0.1, 0.3, 0.25, 0.15, 0.3, 0.25, 0.25, 0.15, 0.25, 0.25], [0.4, 0.4, 0.5, 0.4, 0.35, 0.4, 0.25, 0.45, 0.3, 0.3, 0.3, 0.4, 0.45, 0.4, 0.35, 0.4, 0.3, 0.4, 0.35, 0.35, 0.35, 0.3, 0.3, 0.25, 0.5, 0.3, 0.35, 0.25, 0.5, 0.35, 0.4, 0.3, 0.45, 0.35, 0.4, 0.5, 0.35, 0.3, 0.4, 0.35, 0.4, 0.45, 0.5, 0.5, 0.4, 0.25, 0.3, 0.4, 0.45, 0.3, 0.35, 0.35, 0.45, 0.3, 0.3, 0.3, 0.5, 0.3, 0.4, 0.4], [0.55, 0.45, 0.55, 0.6, 0.5, 0.45, 0.25, 0.45, 0.45, 0.4, 0.4, 0.55, 0.55, 0.4, 0.45, 0.45, 0.35, 0.4, 0.4, 0.5, 0.55, 0.4, 0.35, 0.4, 0.5, 0.5, 0.5, 0.3, 0.5, 0.45, 0.5, 0.5, 0.5, 0.45, 0.5, 0.6, 0.4, 0.55, 0.4, 0.4, 0.5, 0.6, 0.6, 0.65, 0.45, 0.25, 0.55, 0.45, 0.5, 0.4, 0.35, 0.5, 0.6, 0.35, 0.4, 0.35, 0.5, 0.45, 0.45, 0.5], [0.65, 0.6, 0.6, 0.6, 0.65, 0.5, 0.4, 0.65, 0.5, 0.45, 0.5, 0.7, 0.6, 0.5, 0.65, 0.5, 0.45, 0.5, 0.45, 0.55, 0.55, 0.55, 0.45, 0.4, 0.55, 0.75, 0.6, 0.4, 0.65, 0.45, 0.6, 0.55, 0.55, 0.55, 0.5, 0.6, 0.45, 0.55, 0.45, 0.6, 0.5, 0.8, 0.6, 0.7, 0.5, 0.35, 0.65, 0.5, 0.55, 0.5, 0.55, 0.6, 0.65, 0.4, 0.4, 0.45, 0.6, 0.6, 0.5, 0.5], [0.75, 0.7, 0.6, 0.65, 0.65, 0.55, 0.5, 0.75, 0.65, 0.55, 0.6, 0.7, 0.65, 0.5, 0.7, 0.55, 0.5, 0.65, 0.45, 0.65, 0.65, 0.65, 0.65, 0.4, 0.6, 0.75, 0.65, 0.5, 0.7, 0.6, 0.7, 0.6, 0.7, 0.7, 0.65, 0.6, 0.5, 0.65, 0.6, 0.6, 0.55, 0.8, 0.7, 0.8, 0.6, 0.45, 0.7, 0.55, 0.6, 0.5, 0.65, 0.7, 0.75, 0.4, 0.45, 0.5, 0.65, 0.65, 0.6, 0.6]], "mean_real_feats": [0.23916666666666667, 0.3716666666666667, 0.4625, 0.5441666666666668, 0.6158333333333333], "redundant_feats": [[0.0625, 0.125, 0.1125, 0.075, 0.075, 0.05, 0.0875, 0.05, 0.0875, 0.1, 0.1, 0.1125, 0.05, 0.075, 0.1, 0.075, 0.1, 0.125, 0.075, 0.1, 0.0875, 0.05, 0.1125, 0.075, 0.0625, 0.05, 0.0625, 0.0375, 0.0875, 0.05, 0.1125, 0.05, 0.05, 0.125, 0.05, 0.0625, 0.1, 0.0875, 0.0625, 0.1125, 0.05, 0.0625, 0.05, 0.0875, 0.075, 0.075, 0.1375, 0.125, 0.0625, 0.1, 0.1, 0.0625, 0.0625, 0.1125, 0.075, 0.1, 0.0625, 0.0375, 0.0375, 0.1], [0.075, 0.2375, 0.175, 0.15, 0.1125, 0.1375, 0.1375, 0.15, 0.1375, 0.15, 0.1625, 0.175, 0.125, 0.1625, 0.175, 0.125, 0.2125, 0.175, 0.1625, 0.1625, 0.1875, 0.1125, 0.1875, 0.15, 0.1375, 0.0875, 0.15, 0.0625, 0.15, 0.125, 0.2, 0.075, 0.1375, 0.25, 0.15, 0.1375, 0.1625, 0.2, 0.1625, 0.2, 0.1, 0.175, 0.125, 0.2, 0.0875, 0.1, 0.2, 0.1375, 0.1375, 0.1875, 0.1625, 0.1375, 0.125, 0.15, 0.1875, 0.175, 0.125, 0.1125, 0.1375, 0.1375], [0.1125, 0.2875, 0.25, 0.225, 0.1875, 0.1875, 0.2, 0.225, 0.225, 0.2125, 0.2125, 0.225, 0.225, 0.225, 0.2375, 0.2125, 0.25, 0.2, 0.2625, 0.225, 0.275, 0.175, 0.2375, 0.2, 0.25, 0.1375, 0.275, 0.1375, 0.2625, 0.175, 0.3, 0.125, 0.225, 0.3, 0.2, 0.2125, 0.2125, 0.2375, 0.2375, 0.3, 0.1875, 0.2625, 0.225, 0.275, 0.175, 0.15, 0.275, 0.225, 0.225, 0.2625, 0.25, 0.2, 0.2125, 0.2125, 0.225, 0.2125, 0.2125, 0.2125, 0.2375, 0.1625], [0.1375, 0.3375, 0.3125, 0.2625, 0.2375, 0.2875, 0.2375, 0.275, 0.25, 0.25, 0.25, 0.3, 0.2625, 0.275, 0.3375, 0.3625, 0.3125, 0.225, 0.3125, 0.275, 0.3625, 0.225, 0.3125, 0.25, 0.3375, 0.2, 0.3625, 0.2375, 0.325, 0.225, 0.4, 0.1875, 0.2875, 0.35, 0.2375, 0.2625, 0.2375, 0.2875, 0.3, 0.3375, 0.2875, 0.35, 0.2875, 0.325, 0.2375, 0.1625, 0.3625, 0.3, 0.3125, 0.2875, 0.2875, 0.2875, 0.2625, 0.2625, 0.2625, 0.275, 0.3, 0.2625, 0.3, 0.225], [0.25, 0.35, 0.375, 0.325, 0.3125, 0.325, 0.25, 0.3625, 0.3125, 0.3, 0.3375, 0.3375, 0.275, 0.3375, 0.3875, 0.4125, 0.325, 0.275, 0.35, 0.3125, 0.4125, 0.3125, 0.375, 0.325, 0.4, 0.2625, 0.4125, 0.2875, 0.375, 0.2625, 0.45, 0.275, 0.3375, 0.4, 0.3125, 0.3375, 0.3125, 0.35, 0.35, 0.4, 0.325, 0.3875, 0.3625, 0.375, 0.2375, 0.2125, 0.4, 0.3375, 0.3625, 0.3625, 0.35, 0.3375, 0.35, 0.2875, 0.3, 0.325, 0.3875, 0.325, 0.3375, 0.3125]], "mean_redundant_feats": [0.07999999999999999, 0.15041666666666664, 0.2210416666666667, 0.28104166666666675, 0.33562499999999995]}}