{"reps": 1, "classification": {"mus": [], "n_features": [], "fs_time": [624.0149860689999, 624.5765647540002, 625.7914642850001, 638.3565524040005, 626.0398191490003, 627.8064471850003, 627.8819135109998, 623.9686327679992, 626.9636321620001, 627.5507819080003, 639.0482344209995, 627.5980651659993, 626.7050067439995, 630.6967051089996, 628.8009157039996, 625.90813652, 626.720651357, 637.8225340640001, 627.8776606700012, 628.0451065119996, 627.8209716050005, 626.4742528320003, 629.3728490649992, 623.9960585690023, 627.6423155119992, 637.3597295780019, 628.7932058279985, 627.9445028020018, 626.2105519739998, 626.3138295399986, 628.0444770610011, 623.0412885320002, 624.5410911019972, 626.6992319359997, 626.7042948069975, 622.5924667139989, 624.5226506229992, 627.2080156849988, 627.685386070003, 624.8302447329988, 624.0948432449986, 633.1528057540017, 629.2240361549993, 627.3095404039996, 628.3292795900015, 629.1779790729997, 629.6550868340018, 627.0594202510001, 628.6040860360044, 628.307054359997, 626.1113603710037, 628.2649967150064, 623.4222197679992, 626.8966575019949, 625.0071521209975, 627.2144455550006, 624.2613804469947, 625.2686574550025, 630.0453550349994, 628.7168622210011], "real_feats": [[0.85, 0.8, 0.7, 0.85, 0.8, 0.8, 0.75, 0.8, 0.65, 0.8, 0.6, 0.75, 0.8, 0.9, 0.5, 0.6, 0.95, 0.7, 0.7, 0.8, 0.7, 0.75, 0.5, 0.75, 0.8, 0.7, 0.8, 0.6, 0.65, 0.7, 0.75, 0.75, 0.75, 0.85, 0.6, 0.65, 0.75, 0.65, 0.7, 0.8, 0.6, 0.8, 0.85, 0.85, 0.45, 0.65, 0.75, 0.65, 0.9, 0.75, 0.75, 0.8, 0.7, 0.85, 0.7, 0.55, 0.75, 0.7, 0.55, 0.8], [0.95, 0.85, 0.8, 0.9, 0.85, 0.9, 0.8, 0.8, 0.7, 0.8, 0.7, 0.75, 0.9, 0.95, 0.55, 0.7, 0.95, 0.85, 0.75, 0.85, 0.8, 0.8, 0.5, 0.9, 0.9, 0.7, 0.9, 0.7, 0.7, 0.7, 0.75, 0.9, 0.8, 0.95, 0.65, 0.7, 0.8, 0.75, 0.75, 0.9, 0.7, 0.9, 0.9, 0.85, 0.6, 0.7, 0.8, 0.65, 0.9, 0.8, 0.8, 0.8, 0.75, 0.9, 0.75, 0.6, 0.8, 0.8, 0.55, 0.85], [0.95, 0.85, 0.85, 0.9, 0.85, 0.95, 0.9, 0.8, 0.7, 0.85, 0.7, 0.8, 0.9, 0.95, 0.65, 0.7, 0.95, 0.9, 0.75, 0.85, 0.85, 0.8, 0.5, 0.9, 0.95, 0.7, 0.9, 0.8, 0.75, 0.7, 0.75, 0.9, 0.95, 0.95, 0.7, 0.7, 0.8, 0.75, 0.8, 0.9, 0.7, 0.9, 0.9, 0.85, 0.6, 0.7, 0.8, 0.7, 0.9, 0.8, 0.8, 0.85, 0.75, 0.95, 0.75, 0.6, 0.8, 0.85, 0.6, 0.9], [0.95, 0.9, 0.9, 0.9, 0.85, 0.95, 0.9, 0.8, 0.75, 0.85, 0.7, 0.8, 0.95, 0.95, 0.65, 0.75, 0.95, 0.9, 0.75, 0.85, 0.9, 0.8, 0.5, 0.9, 0.95, 0.75, 0.9, 0.85, 0.8, 0.7, 0.75, 0.9, 0.95, 0.95, 0.7, 0.7, 0.9, 0.75, 0.8, 0.9, 0.75, 0.95, 0.9, 0.85, 0.6, 0.7, 0.85, 0.7, 0.9, 0.85, 0.85, 0.85, 0.75, 0.95, 0.75, 0.6, 0.8, 0.85, 0.65, 0.9], [0.95, 0.9, 0.9, 0.9, 0.85, 0.95, 0.95, 0.8, 0.8, 0.85, 0.75, 0.85, 0.95, 0.95, 0.7, 0.75, 0.95, 0.9, 0.75, 0.9, 0.9, 0.8, 0.55, 0.9, 0.95, 0.8, 0.9, 0.9, 0.8, 0.7, 0.75, 0.9, 0.95, 0.95, 0.7, 0.7, 0.9, 0.75, 0.85, 0.9, 0.75, 0.95, 0.9, 0.9, 0.65, 0.7, 0.9, 0.75, 0.9, 0.85, 0.85, 0.85, 0.75, 0.95, 0.75, 0.7, 0.8, 0.9, 0.7, 0.95]], "mean_real_feats": [0.7283333333333334, 0.7874999999999999, 0.8083333333333332, 0.8225, 0.8383333333333334], "redundant_feats": [[0.0375, 0.0125, 0.0125, 0.025, 0.0125, 0.0125, 0.0, 0.025, 0.0, 0.0125, 0.0125, 0.0125, 0.025, 0.0125, 0.0, 0.0125, 0.0125, 0.0, 0.0125, 0.0, 0.025, 0.025, 0.0, 0.025, 0.025, 0.0, 0.0125, 0.0, 0.0, 0.0, 0.0125, 0.025, 0.025, 0.0, 0.0, 0.0125, 0.0125, 0.0125, 0.0, 0.0, 0.0, 0.0125, 0.0, 0.0, 0.0, 0.0125, 0.0125, 0.0125, 0.0125, 0.0125, 0.0125, 0.0125, 0.0125, 0.0, 0.0, 0.0, 0.0125, 0.0125, 0.0, 0.0], [0.1625, 0.1, 0.125, 0.1125, 0.125, 0.1625, 0.1, 0.1, 0.1, 0.0625, 0.1125, 0.0875, 0.1125, 0.125, 0.05, 0.125, 0.1125, 0.075, 0.075, 0.1, 0.1125, 0.0875, 0.025, 0.1125, 0.15, 0.05, 0.1125, 0.0875, 0.0625, 0.1125, 0.05, 0.15, 0.125, 0.1125, 0.025, 0.0625, 0.075, 0.0875, 0.0875, 0.125, 0.0625, 0.1125, 0.0625, 0.0625, 0.0625, 0.0875, 0.075, 0.0625, 0.1375, 0.0875, 0.1, 0.1, 0.1, 0.125, 0.0875, 0.025, 0.1125, 0.1375, 0.025, 0.0625], [0.275, 0.175, 0.2125, 0.2375, 0.15, 0.2625, 0.175, 0.15, 0.1375, 0.175, 0.125, 0.15, 0.2125, 0.2125, 0.1125, 0.175, 0.175, 0.1625, 0.1625, 0.1625, 0.1625, 0.1625, 0.0625, 0.1625, 0.2125, 0.1, 0.1625, 0.1625, 0.1125, 0.175, 0.1, 0.25, 0.1875, 0.225, 0.1, 0.0875, 0.175, 0.15, 0.1875, 0.1875, 0.1125, 0.2, 0.175, 0.15, 0.1, 0.1625, 0.1375, 0.15, 0.2, 0.1625, 0.1625, 0.2375, 0.125, 0.2, 0.15, 0.1, 0.1625, 0.175, 0.125, 0.15], [0.325, 0.2875, 0.3, 0.3125, 0.2, 0.3125, 0.2375, 0.1875, 0.1875, 0.1875, 0.175, 0.2, 0.3375, 0.2375, 0.15, 0.25, 0.25, 0.275, 0.225, 0.2, 0.2, 0.2125, 0.1125, 0.25, 0.3, 0.2125, 0.2125, 0.2625, 0.1875, 0.1875, 0.1625, 0.3125, 0.275, 0.3125, 0.125, 0.1625, 0.3, 0.2125, 0.25, 0.2125, 0.15, 0.3, 0.225, 0.2, 0.1125, 0.2375, 0.2, 0.1625, 0.275, 0.25, 0.2625, 0.275, 0.1875, 0.2625, 0.2125, 0.15, 0.225, 0.225, 0.2125, 0.25], [0.4125, 0.35, 0.3625, 0.3875, 0.3125, 0.4, 0.3, 0.2875, 0.225, 0.275, 0.225, 0.2375, 0.3875, 0.325, 0.2625, 0.275, 0.35, 0.325, 0.2875, 0.3, 0.2875, 0.3125, 0.1625, 0.3375, 0.3375, 0.275, 0.3125, 0.3375, 0.25, 0.225, 0.225, 0.3375, 0.3375, 0.35, 0.1875, 0.2, 0.3875, 0.225, 0.3375, 0.2875, 0.2125, 0.325, 0.3, 0.325, 0.1625, 0.275, 0.3125, 0.2875, 0.3625, 0.2875, 0.3, 0.3625, 0.2, 0.3375, 0.3125, 0.225, 0.325, 0.3375, 0.2875, 0.35]], "mean_redundant_feats": [0.009999999999999998, 0.09375, 0.16437500000000002, 0.22791666666666666, 0.29812500000000003]}}