{"reps": 1, "classification": {"mus": [], "n_features": [], "fs_time": [20.854025758, 20.31889005, 20.087507147999993, 19.929277127999995, 19.478179185000002, 19.928240677000005, 19.082227409000012, 19.603067407999987, 19.03243179399999, 19.57185929900001, 19.783904561000014, 19.67725901, 19.843778774999976, 19.02388989299999, 18.975914440999986, 19.754317214999958, 18.736818302000017, 20.068623398, 18.905660651999995, 19.097232778000034, 19.668489882000017, 19.72913530400001, 19.86846996400004, 19.074757044999956, 19.71848789500001, 19.40112863799999, 20.088797935000002, 19.853588299999956, 20.447168782000062, 19.54723031499998, 19.905533240999944, 20.47429850399999, 20.292482838999945, 20.613868905999993, 21.182438587000092, 21.19060106500001, 19.626009217999922, 19.560191760000066, 20.804163698000025, 21.05777509699999, 20.68025216400008, 20.053953858, 20.58562943200002, 20.779760190000047, 20.752438008000013, 19.77738745199997, 20.046370653000054, 21.110436611999944, 21.18573243000003, 19.799982211000042, 19.841369997000015, 20.623876703000064, 20.744918565999797, 19.59725358699984, 19.230399063999812, 19.40031996599987, 20.24421432700001, 20.284949417999997, 19.077339538999922, 19.94479599500005], "real_feats": [[0.65, 0.7, 0.6, 0.6, 0.7, 0.7, 0.65, 0.8, 0.7, 0.7, 0.7, 0.7, 0.6, 0.7, 0.55, 0.6, 0.65, 0.5, 0.65, 0.75, 0.65, 0.6, 0.75, 0.75, 0.6, 0.85, 0.65, 0.55, 0.75, 0.6, 0.65, 0.65, 0.5, 0.55, 0.7, 0.6, 0.7, 0.65, 0.65, 0.7, 0.7, 0.6, 0.55, 0.8, 0.65, 0.65, 0.7, 0.65, 0.7, 0.65, 0.65, 0.75, 0.65, 0.65, 0.7, 0.8, 0.65, 0.6, 0.75, 0.55], [0.8, 0.9, 0.7, 0.8, 0.9, 0.85, 0.8, 0.95, 0.8, 0.75, 0.85, 0.75, 0.8, 0.9, 0.75, 0.8, 0.9, 0.8, 0.7, 0.9, 0.8, 0.85, 0.85, 0.95, 0.75, 0.95, 0.9, 0.9, 0.9, 0.95, 0.8, 0.9, 0.7, 0.9, 0.9, 0.9, 0.85, 0.9, 0.8, 0.85, 0.9, 0.75, 0.85, 0.85, 0.9, 0.95, 0.85, 0.9, 0.85, 0.8, 0.85, 0.9, 0.85, 0.85, 0.8, 0.9, 0.95, 0.8, 0.95, 0.75], [0.85, 0.95, 0.85, 0.85, 0.95, 0.95, 0.9, 0.95, 0.9, 0.95, 0.9, 0.85, 0.9, 0.9, 0.8, 0.95, 0.95, 0.85, 0.85, 1.0, 0.9, 0.85, 0.9, 1.0, 0.9, 0.95, 0.95, 0.95, 0.9, 0.95, 0.9, 0.95, 0.9, 0.9, 0.9, 1.0, 0.9, 0.9, 0.95, 0.9, 0.95, 0.9, 0.9, 0.95, 0.95, 1.0, 1.0, 0.9, 1.0, 0.95, 0.95, 0.9, 0.9, 0.95, 0.95, 0.95, 1.0, 0.9, 0.95, 0.85], [0.9, 0.95, 0.95, 0.95, 1.0, 0.95, 0.95, 0.95, 0.95, 0.95, 0.9, 0.85, 1.0, 0.95, 0.85, 1.0, 0.95, 0.95, 0.95, 1.0, 0.95, 0.9, 0.95, 1.0, 1.0, 1.0, 0.95, 0.95, 0.95, 0.95, 0.95, 0.95, 0.95, 0.9, 0.95, 1.0, 0.95, 0.95, 1.0, 0.95, 0.95, 0.9, 0.95, 0.95, 0.95, 1.0, 1.0, 0.9, 1.0, 0.95, 1.0, 0.95, 0.95, 0.95, 1.0, 1.0, 1.0, 1.0, 0.95, 0.95], [0.95, 1.0, 0.95, 0.95, 1.0, 1.0, 1.0, 0.95, 0.95, 1.0, 0.95, 0.9, 1.0, 0.95, 0.9, 1.0, 0.95, 0.95, 0.95, 1.0, 0.95, 1.0, 1.0, 1.0, 1.0, 1.0, 0.95, 0.95, 0.95, 0.95, 0.95, 0.95, 0.95, 0.9, 0.95, 1.0, 1.0, 0.95, 1.0, 1.0, 0.95, 0.9, 0.95, 0.95, 0.95, 1.0, 1.0, 0.95, 1.0, 1.0, 1.0, 0.95, 0.95, 0.95, 1.0, 1.0, 1.0, 1.0, 0.95, 0.95]], "mean_real_feats": [0.6616666666666667, 0.8483333333333334, 0.9216666666666669, 0.9558333333333334, 0.9683333333333335], "redundant_feats": [[0.025, 0.0375, 0.05, 0.05, 0.025, 0.025, 0.0375, 0.0125, 0.05, 0.0625, 0.0125, 0.025, 0.0, 0.0375, 0.05, 0.05, 0.05, 0.025, 0.0375, 0.025, 0.025, 0.0375, 0.0375, 0.0375, 0.0375, 0.025, 0.0375, 0.025, 0.025, 0.05, 0.0125, 0.025, 0.075, 0.0625, 0.0625, 0.05, 0.0625, 0.025, 0.0375, 0.0625, 0.025, 0.0375, 0.025, 0.0125, 0.05, 0.0625, 0.0125, 0.025, 0.0375, 0.025, 0.05, 0.025, 0.0375, 0.025, 0.05, 0.0375, 0.0375, 0.05, 0.0375, 0.025], [0.125, 0.1125, 0.0875, 0.125, 0.1, 0.1125, 0.1, 0.1, 0.1, 0.1125, 0.0875, 0.0875, 0.05, 0.075, 0.15, 0.0875, 0.125, 0.1, 0.0875, 0.075, 0.075, 0.0875, 0.1, 0.1125, 0.1, 0.1, 0.1125, 0.0625, 0.075, 0.1125, 0.125, 0.0875, 0.1, 0.1125, 0.15, 0.1, 0.1375, 0.0875, 0.125, 0.1375, 0.1, 0.1125, 0.1, 0.1, 0.0625, 0.1125, 0.075, 0.075, 0.1125, 0.1125, 0.1125, 0.1125, 0.1125, 0.1125, 0.15, 0.0875, 0.1, 0.0875, 0.1, 0.0875], [0.175, 0.1625, 0.15, 0.175, 0.1625, 0.1375, 0.15, 0.175, 0.1375, 0.1625, 0.1375, 0.15, 0.0875, 0.1125, 0.2, 0.1125, 0.2, 0.2, 0.1375, 0.1375, 0.125, 0.1875, 0.1625, 0.1875, 0.125, 0.1375, 0.1625, 0.1625, 0.1625, 0.2, 0.1875, 0.1375, 0.15, 0.175, 0.1625, 0.175, 0.1625, 0.1375, 0.1625, 0.175, 0.1625, 0.1625, 0.15, 0.175, 0.125, 0.15, 0.1375, 0.1375, 0.1875, 0.175, 0.1625, 0.15, 0.2125, 0.15, 0.2, 0.1125, 0.175, 0.1625, 0.15, 0.1375], [0.2625, 0.2375, 0.2125, 0.2625, 0.2125, 0.2125, 0.1875, 0.2375, 0.175, 0.225, 0.1625, 0.25, 0.1625, 0.2, 0.225, 0.1625, 0.225, 0.25, 0.2, 0.1875, 0.225, 0.225, 0.25, 0.275, 0.225, 0.175, 0.2125, 0.225, 0.2375, 0.2125, 0.2125, 0.175, 0.2375, 0.2125, 0.2, 0.2125, 0.225, 0.2375, 0.2125, 0.225, 0.225, 0.1875, 0.2375, 0.2125, 0.2375, 0.1625, 0.2, 0.175, 0.25, 0.2375, 0.2375, 0.225, 0.2375, 0.225, 0.225, 0.1625, 0.2125, 0.2125, 0.1875, 0.1875], [0.3, 0.2625, 0.2875, 0.3125, 0.2375, 0.275, 0.225, 0.25, 0.225, 0.2625, 0.2125, 0.3375, 0.2, 0.2625, 0.2375, 0.2625, 0.2375, 0.2875, 0.2625, 0.1875, 0.2875, 0.275, 0.3, 0.3, 0.3125, 0.225, 0.2625, 0.275, 0.3125, 0.3125, 0.2875, 0.2375, 0.25, 0.25, 0.2375, 0.2375, 0.2875, 0.3, 0.2375, 0.25, 0.2625, 0.2375, 0.2875, 0.2625, 0.275, 0.2125, 0.2375, 0.2625, 0.2875, 0.25, 0.325, 0.2875, 0.2625, 0.3125, 0.2625, 0.1625, 0.25, 0.275, 0.2125, 0.2625]], "mean_redundant_feats": [0.036458333333333336, 0.10208333333333333, 0.15791666666666665, 0.215, 0.2625]}}