{"kernel": "linear", "reps": 1, "classification": {"n_features": [20, 40, 60, 80, 100], "fs_time": [[28.182511873], [47.906246809], [25.285994286999994], [25.574704226999984], [30.384882108], [31.95434571199999], [36.34129075600001], [46.56805132299996], [27.999891906000016], [31.882380437999984], [39.926620551999974], [37.24346161400001], [38.37993239900004], [45.782440010000016], [38.928070622999996], [26.31549282399999], [26.259012144000053], [33.840065947000085], [34.570497426999964], [46.636596336000025], [33.49321777], [26.774315358999957], [44.6494304790001], [26.90338947099997], [29.521420767999984], [33.917805320999946], [29.50726026999996], [37.66737358600005], [45.110087541999974], [26.745842671999867], [28.764070906999905], [30.708592415999874], [29.81659235799998], [34.822678408], [36.216026666999824], [29.92609021499993], [34.73605564199988], [27.411495549999927], [32.86343163099991], [42.687178322000136], [29.525727378000056], [36.75517898399994], [46.0725413560001], [31.32440210599998], [28.859407751999925], [34.28083363699989], [41.44874805099994], [30.116936914000007], [26.251903588000005], [29.704961966000155], [26.934213232000047], [37.59061071199994], [33.51155429099981], [25.824466852999876], [32.74740258099996], [39.51156734899996], [28.271384288000036], [45.64746510300006], [44.78176346700002], [27.73779089100003]], "real_feats": [[1.0, 0.95, 1.0, 0.85, 1.0, 1.0, 0.95, 1.0, 0.95, 1.0, 1.0, 0.9, 1.0, 0.95, 0.95, 1.0, 1.0, 0.95, 0.95, 1.0, 1.0, 0.85, 1.0, 0.95, 0.95, 0.95, 0.95, 1.0, 1.0, 1.0, 0.95, 1.0, 1.0, 1.0, 1.0, 0.95, 1.0, 0.95, 1.0, 0.95, 0.95, 0.95, 0.95, 1.0, 1.0, 0.95, 1.0, 1.0, 1.0, 0.95, 1.0, 0.95, 0.95, 1.0, 0.95, 1.0, 1.0, 1.0, 0.95, 0.85], [1.0, 1.0, 1.0, 0.95, 1.0, 1.0, 1.0, 1.0, 1.0, 1.0, 1.0, 0.9, 1.0, 1.0, 1.0, 1.0, 1.0, 1.0, 1.0, 1.0, 1.0, 0.95, 1.0, 0.95, 1.0, 1.0, 0.95, 1.0, 1.0, 1.0, 1.0, 1.0, 1.0, 1.0, 1.0, 1.0, 1.0, 1.0, 1.0, 1.0, 1.0, 1.0, 1.0, 1.0, 1.0, 1.0, 1.0, 1.0, 1.0, 1.0, 1.0, 0.95, 1.0, 1.0, 1.0, 1.0, 1.0, 1.0, 1.0, 1.0], [1.0, 1.0, 1.0, 0.95, 1.0, 1.0, 1.0, 1.0, 1.0, 1.0, 1.0, 0.9, 1.0, 1.0, 1.0, 1.0, 1.0, 1.0, 1.0, 1.0, 1.0, 1.0, 1.0, 0.95, 1.0, 1.0, 0.95, 1.0, 1.0, 1.0, 1.0, 1.0, 1.0, 1.0, 1.0, 1.0, 1.0, 1.0, 1.0, 1.0, 1.0, 1.0, 1.0, 1.0, 1.0, 1.0, 1.0, 1.0, 1.0, 1.0, 1.0, 0.95, 1.0, 1.0, 1.0, 1.0, 1.0, 1.0, 1.0, 1.0], [1.0, 1.0, 1.0, 0.95, 1.0, 1.0, 1.0, 1.0, 1.0, 1.0, 1.0, 0.9, 1.0, 1.0, 1.0, 1.0, 1.0, 1.0, 1.0, 1.0, 1.0, 1.0, 1.0, 0.95, 1.0, 1.0, 0.95, 1.0, 1.0, 1.0, 1.0, 1.0, 1.0, 1.0, 1.0, 1.0, 1.0, 1.0, 1.0, 1.0, 1.0, 1.0, 1.0, 1.0, 1.0, 1.0, 1.0, 1.0, 1.0, 1.0, 1.0, 0.95, 1.0, 1.0, 1.0, 1.0, 1.0, 1.0, 1.0, 1.0], [1.0, 1.0, 1.0, 0.95, 1.0, 1.0, 1.0, 1.0, 1.0, 1.0, 1.0, 0.9, 1.0, 1.0, 1.0, 1.0, 1.0, 1.0, 1.0, 1.0, 1.0, 1.0, 1.0, 0.95, 1.0, 1.0, 0.95, 1.0, 1.0, 1.0, 1.0, 1.0, 1.0, 1.0, 1.0, 1.0, 1.0, 1.0, 1.0, 1.0, 1.0, 1.0, 1.0, 1.0, 1.0, 1.0, 1.0, 1.0, 1.0, 1.0, 1.0, 0.95, 1.0, 1.0, 1.0, 1.0, 1.0, 1.0, 1.0, 1.0]], "mean_real_feats": [0.9708333333333334, 0.9941666666666666, 0.995, 0.995, 0.995], "redundant_feats": [[0.0, 0.0, 0.0, 0.0, 0.0, 0.0, 0.0, 0.0, 0.0, 0.0, 0.0, 0.0125, 0.0, 0.0, 0.0, 0.0, 0.0, 0.0, 0.0, 0.0, 0.0, 0.0, 0.0, 0.0, 0.0, 0.0, 0.0, 0.0, 0.0, 0.0, 0.0, 0.0, 0.0, 0.0, 0.0, 0.0, 0.0, 0.0, 0.0, 0.0, 0.0, 0.0, 0.0, 0.0, 0.0, 0.0, 0.0, 0.0, 0.0, 0.0, 0.0, 0.0, 0.0, 0.0, 0.0, 0.0, 0.0, 0.0, 0.0, 0.0], [0.025, 0.025, 0.025, 0.0125, 0.0125, 0.0, 0.0, 0.0125, 0.0375, 0.0125, 0.025, 0.025, 0.0125, 0.0125, 0.025, 0.0125, 0.05, 0.0625, 0.0125, 0.025, 0.0125, 0.0375, 0.0, 0.0375, 0.025, 0.0125, 0.025, 0.025, 0.0375, 0.025, 0.025, 0.0125, 0.025, 0.0125, 0.0125, 0.025, 0.0375, 0.0125, 0.0375, 0.025, 0.0, 0.025, 0.025, 0.05, 0.0375, 0.0375, 0.025, 0.025, 0.025, 0.0, 0.0375, 0.025, 0.0, 0.0125, 0.0375, 0.0375, 0.0125, 0.0125, 0.0625, 0.025], [0.075, 0.0625, 0.1, 0.0375, 0.0375, 0.05, 0.05, 0.0625, 0.0625, 0.0625, 0.075, 0.1, 0.0625, 0.0875, 0.05, 0.0375, 0.075, 0.1, 0.05, 0.0625, 0.075, 0.0875, 0.0125, 0.075, 0.075, 0.05, 0.1, 0.0625, 0.075, 0.0625, 0.0875, 0.0625, 0.0875, 0.0625, 0.0375, 0.0375, 0.1, 0.05, 0.075, 0.075, 0.025, 0.0625, 0.125, 0.1, 0.05, 0.0875, 0.0625, 0.0875, 0.075, 0.0625, 0.1125, 0.075, 0.0875, 0.0625, 0.0875, 0.1, 0.0875, 0.0625, 0.1, 0.0625], [0.1625, 0.1375, 0.15, 0.075, 0.1375, 0.1, 0.125, 0.1125, 0.125, 0.1625, 0.1625, 0.15, 0.1125, 0.1375, 0.075, 0.1125, 0.15, 0.1125, 0.1125, 0.1125, 0.1375, 0.125, 0.0625, 0.125, 0.125, 0.0875, 0.125, 0.1125, 0.1, 0.1125, 0.1375, 0.0875, 0.1125, 0.1125, 0.075, 0.1375, 0.125, 0.1, 0.1375, 0.1875, 0.0875, 0.1375, 0.1375, 0.1375, 0.1375, 0.125, 0.1125, 0.1875, 0.1125, 0.1, 0.1875, 0.15, 0.125, 0.15, 0.15, 0.15, 0.1625, 0.1375, 0.1625, 0.125], [0.225, 0.2, 0.2, 0.1375, 0.1875, 0.2, 0.175, 0.1625, 0.2125, 0.225, 0.2, 0.175, 0.125, 0.1875, 0.15, 0.1875, 0.2, 0.1625, 0.2, 0.1375, 0.2, 0.15, 0.1, 0.2, 0.2375, 0.1375, 0.2, 0.2, 0.175, 0.15, 0.2125, 0.125, 0.1625, 0.2125, 0.175, 0.225, 0.1875, 0.1625, 0.2125, 0.275, 0.15, 0.1875, 0.225, 0.1625, 0.225, 0.225, 0.1375, 0.225, 0.1875, 0.125, 0.2625, 0.2, 0.2125, 0.25, 0.225, 0.1875, 0.2375, 0.2, 0.225, 0.2125]], "mean_redundant_feats": [0.00020833333333333335, 0.02333333333333333, 0.07041666666666666, 0.12708333333333333, 0.19020833333333337]}}