{"reps": 1, "classification": {"regularization": 0.001, "n_features": [20, 40, 60, 80, 100], "fs_time": [[16.568124121000437, 20.86027306700089, 20.614258098999926, 20.692853415001082, 21.66003715199986, 21.409257282999533, 19.07428427299965, 22.74640003999957, 17.44749573199988, 20.499699543999668, 25.580547191000733, 18.39125568700001, 20.44126184400011, 19.068906395999875, 17.588665131999733, 23.190463482998894, 19.55903245599984, 16.93214761300078, 17.61029509800028, 21.99891455800025, 16.697573083998577, 19.537076567999975, 17.91952153999955, 19.313119737000306, 17.700519064999753, 17.059564521001448, 16.955112473000554, 16.24600542799999, 20.480817951000063, 15.301459950000208, 17.865695504999167, 18.380105013000502, 17.180304585999693, 22.202891539998745, 19.751548906999233, 17.627385772000707, 17.76073643899872, 22.897177458999067, 19.155387689001145, 21.55310103500051, 20.12915245899967, 16.811332499000855, 21.555301050999333, 21.980935094001325, 19.638523365001674, 17.63568058099918, 22.4885998940008, 18.708945407999636, 19.545264194000993, 25.149119962999976, 20.3050142459997, 17.519674945999213, 18.4014448070011, 18.619263683998724, 16.693454352998742, 21.245316249998723, 19.354666098999587, 19.41305300700151, 22.087923600998693, 17.110858759999246], [15.429308124999807, 17.327355251998597, 15.71568937399934, 16.042348402999778, 16.419007757000145, 15.642605798000659, 16.087004163999154, 17.50764267899831, 15.63324289600132, 15.221043122999617, 16.58659672199974, 15.094427039999573, 16.472283097999025, 16.469606784999996, 14.992454815999736, 15.716847596999287, 16.974819338998714, 15.918649342000208, 15.58450922799966, 16.055465750998337, 15.15356264500042, 14.93891339899892, 15.884239151999282, 15.478656295999826, 15.845793817999947, 17.982876964000752, 15.640266921000148, 15.504097289000129, 15.867021212001418, 15.953961367000375, 15.821618854000917, 17.309159689000808, 16.297453189999942, 16.214048604999334, 16.526305383998988, 15.872819373000311, 15.218181021999044, 15.865687509000054, 16.437740605000727, 16.49610608399962, 15.239021523999327, 16.981856269001582, 15.826803796000604, 15.805994501999521, 16.004381713999464, 15.445819966000272, 16.153340986998955, 16.125689222999426, 15.495142269001008, 15.742804772000454, 16.87934593999853, 16.026174430000538, 16.250256289999015, 15.859548194999661, 16.176708684000914, 16.082638752999628, 15.806089920999511, 16.2821030289997, 15.981803134000074, 16.49770938799884], [15.89478521700039, 14.77460823399997, 16.14871632699942, 15.931353471998591, 15.334948609001003, 16.339316035000593, 14.612914109000485, 15.049767148999308, 15.316371912998875, 15.89082387200142, 15.270208501000525, 15.391340947000572, 15.035350449001271, 14.982719604000522, 14.70793392899941, 15.038570038001126, 15.386729825000657, 15.344314723000934, 14.863025283000752, 15.204739243999938, 15.539583281000887, 15.171525030000339, 15.59511795599974, 15.643068334000418, 14.875519703000464, 14.892612951000046, 15.610172627999418, 15.976744235000297, 14.625603076001426, 15.94932767300088, 15.2950150509987, 14.14088073899984, 15.345905779999157, 15.896838130000106, 15.29396887599978, 14.069188686999041, 15.928470541999559, 15.449866173999908, 15.167359786999441, 15.269186196999726, 15.41679410100005, 14.627934166001069, 16.164687328000582, 14.505871694000234, 14.36051360700003, 16.02740760099914, 15.103188715000215, 14.603164161000677, 15.821663848999378, 14.809068986998682, 14.388999458999024, 15.767195144000652, 16.148320004000198, 14.355356133000896, 16.240674814000158, 15.435207225998965, 15.070316962999641, 14.363819751999472, 15.877837718999217, 15.278859198999271], [14.86032621800041, 14.811109096999644, 14.112053996999748, 15.139077419999012, 15.34094160800123, 13.873832803999903, 14.491378120999798, 14.58218198799841, 13.445016096000472, 15.752039713999693, 13.974465415998566, 14.20369160700102, 15.57197805099895, 14.37256957200043, 14.498459966000155, 14.298943383000733, 15.322208121000585, 13.793594963999567, 14.597113140000147, 14.502461415999278, 15.252853891000996, 14.980421682999804, 14.350330445000509, 14.302788175000387, 15.065054423999754, 16.216752432001158, 13.885625591001372, 13.562534616999983, 15.133130951000567, 14.511222913999518, 14.994722461999118, 15.09367243700035, 13.989124038000227, 15.112798610000027, 15.409809249000318, 13.584825528001602, 14.047522090000712, 14.975842702999216, 14.718116313000792, 15.07382698100082, 14.898043275001328, 14.562781702999928, 14.833131560000766, 14.661719009998706, 14.609930687000087, 14.86747039399961, 14.95221310299894, 14.173219264999716, 13.863187465998635, 15.32550637299937, 13.368275696999262, 15.072021571000732, 15.51445526399948, 15.362649171000157, 14.827777353000783, 16.137261977999515, 15.480739900000117, 14.024979334999443, 15.087858527000208, 15.234938727000554], [14.070598141999653, 15.213875684001323, 13.84068412600027, 14.642814228000134, 14.562812525999107, 14.300756590999299, 13.878963635001128, 14.564040439001474, 13.716814703000637, 13.51964869999938, 15.026237546999255, 14.57926098399912, 13.72909137699935, 15.180820837000283, 14.285317744999702, 14.246729143998891, 14.28895079999893, 14.714007852999202, 13.125273317000392, 14.70467372100029, 13.870361797999067, 14.57954202700057, 14.044556311999258, 14.315135102000568, 14.057278332000351, 15.121805760001735, 13.784733154998321, 14.610934513000757, 14.853048347000367, 14.000868592998813, 14.044534444999954, 14.068441954001173, 14.946364749999702, 13.641098039001008, 15.05987768399973, 14.151557384000625, 13.777875833000508, 15.01541627900042, 14.483920247001151, 14.155084973001067, 14.737022891000379, 15.540595069000119, 13.684989941000822, 13.981639665998955, 14.683216923000145, 14.430904826000187, 13.549739676000172, 15.450562219000858, 13.808445892000236, 14.1747524780003, 14.03346766499999, 13.680058595000446, 14.198327875999894, 13.82935710199854, 14.167866167001193, 14.33056988899989, 13.484038844999304, 15.168532069999856, 14.137267125001017, 13.961044618001324]], "real_feats": [[0.85, 1.0, 0.9, 0.9, 1.0, 0.95, 0.95, 1.0, 0.95, 0.9, 1.0, 0.9, 1.0, 1.0, 0.95, 1.0, 1.0, 0.8, 0.95, 1.0, 0.9, 0.9, 0.95, 0.95, 0.9, 0.95, 0.95, 0.9, 1.0, 0.8, 0.95, 1.0, 0.9, 1.0, 1.0, 1.0, 1.0, 1.0, 0.85, 0.95, 1.0, 0.95, 0.9, 1.0, 1.0, 0.9, 1.0, 0.95, 0.95, 1.0, 0.95, 0.9, 0.95, 0.8, 0.8, 1.0, 1.0, 0.9, 0.95, 0.9], [0.95, 1.0, 0.9, 1.0, 1.0, 1.0, 1.0, 1.0, 1.0, 0.9, 1.0, 1.0, 0.95, 1.0, 1.0, 0.95, 1.0, 1.0, 0.95, 1.0, 0.95, 0.95, 1.0, 1.0, 0.95, 0.95, 1.0, 1.0, 1.0, 0.9, 1.0, 1.0, 1.0, 1.0, 1.0, 1.0, 0.95, 0.95, 0.95, 1.0, 1.0, 0.95, 1.0, 1.0, 0.95, 0.95, 1.0, 1.0, 1.0, 1.0, 1.0, 1.0, 1.0, 1.0, 1.0, 1.0, 1.0, 1.0, 1.0, 0.95], [0.95, 0.95, 1.0, 1.0, 1.0, 0.95, 1.0, 1.0, 1.0, 1.0, 1.0, 0.95, 1.0, 1.0, 0.95, 1.0, 1.0, 0.95, 1.0, 1.0, 1.0, 1.0, 1.0, 1.0, 1.0, 1.0, 1.0, 1.0, 1.0, 1.0, 0.95, 1.0, 1.0, 1.0, 1.0, 1.0, 1.0, 1.0, 0.95, 1.0, 1.0, 1.0, 1.0, 1.0, 1.0, 0.95, 1.0, 1.0, 1.0, 1.0, 1.0, 1.0, 1.0, 1.0, 1.0, 1.0, 0.95, 1.0, 1.0, 1.0], [1.0, 1.0, 0.95, 0.9, 1.0, 1.0, 1.0, 1.0, 1.0, 0.95, 1.0, 0.95, 1.0, 1.0, 1.0, 0.95, 1.0, 1.0, 0.95, 1.0, 1.0, 1.0, 1.0, 1.0, 1.0, 1.0, 1.0, 1.0, 1.0, 1.0, 1.0, 1.0, 1.0, 1.0, 1.0, 1.0, 1.0, 1.0, 1.0, 0.95, 1.0, 0.95, 1.0, 1.0, 1.0, 1.0, 1.0, 1.0, 1.0, 1.0, 0.9, 1.0, 1.0, 1.0, 0.95, 1.0, 1.0, 1.0, 1.0, 0.95], [0.95, 1.0, 1.0, 1.0, 1.0, 0.95, 1.0, 1.0, 1.0, 1.0, 1.0, 1.0, 0.95, 1.0, 0.95, 1.0, 1.0, 0.95, 1.0, 1.0, 1.0, 0.95, 1.0, 1.0, 1.0, 0.95, 1.0, 1.0, 1.0, 1.0, 1.0, 1.0, 0.95, 1.0, 1.0, 1.0, 0.95, 1.0, 1.0, 1.0, 1.0, 1.0, 0.95, 1.0, 1.0, 1.0, 1.0, 0.95, 1.0, 1.0, 1.0, 1.0, 1.0, 0.95, 1.0, 1.0, 1.0, 1.0, 1.0, 1.0]], "mean_real_feats": [0.9441666666666666, 0.9825, 0.9916666666666667, 0.9891666666666669, 0.99],