{"kernel": "linear", "reps": 1, "classification": {"n_features": [20, 40, 60, 80, 100], "fs_time": [[70.811025349, 69.99823634100005, 70.4796522449999, 68.97222219199989, 69.15332190699996, 68.55300560299997, 68.20729348999976, 68.26787506400024, 68.43159938400004, 69.99779584199996, 67.75008966699988, 69.53141848199994, 67.54354621899984, 68.38960037500055, 69.482079462, 69.4775811620002, 68.14091104999989, 69.59655340900008, 68.55912330299998, 67.93326931499996, 68.29056567000043, 68.48294821799936, 68.24766959700082, 70.26872853000077, 70.30312782800138, 70.28508184299972, 70.72282566600006, 71.26196646899916, 68.86518915499983, 69.50366330200086, 72.04811265900025, 69.6696552400008, 67.9820449279996, 69.48148160700111, 67.57009939300042, 69.34745025200027, 70.04662055399967, 69.76584281299984, 67.96998587200142, 70.17613089299994, 67.4967412269998, 69.68401649400039, 70.51427946900003, 70.00416347800092, 70.09792361899963, 70.03752182700009, 70.1360986109994, 70.1752341270003, 69.9218436379997, 71.81275742499929, 71.5449711839974, 69.5379061470012, 70.18884970300132, 69.79129148300126, 70.25143663899871, 69.75148515399997, 69.87632886600113, 71.91344130299694, 69.93827393099855, 68.2514922320006], [69.78558348799999, 71.30905192900002, 69.53007957600005, 68.53456614099991, 69.33030241200004, 69.69396958300013, 68.35491339400005, 69.42019645500022, 68.60655150499997, 68.235536142, 69.69334501499998, 69.55635542600021, 69.53149573100018, 69.82750407500043, 68.66659154899935, 69.56737860199974, 68.57784147100028, 67.66026456300006, 69.85629690400037, 67.699547274, 69.32630750699991, 68.5172547000002, 70.08392614100012, 69.74945936099994, 69.88080192800044, 69.89635385600013, 68.75680194099914, 70.47138855499907, 70.40767127000072, 71.73856077600067, 69.00092316300106, 68.14142610100134, 69.48709037000117, 68.26100910999958, 68.0322924459997, 69.77671466799984, 69.5003230809998, 68.03020662699964, 70.03788580500077, 67.89082390399926, 69.93915995099997, 71.1931077600002, 68.15815736399963, 70.01396711199959, 70.22271371600073, 70.05949378500009, 68.65007219499967, 69.89091314100006, 67.81191438600217, 71.13701134599978, 67.7435080260002, 69.16196694699829, 70.4806122739974, 70.1517708120009, 67.73456688700026, 68.90755662900119, 71.47896160699747, 71.41063412699805, 70.54633083800218, 68.59306470000229], [69.33024100899999, 69.23358415399997, 68.31704632200001, 68.98094833699997, 69.51921921600001, 69.41932327500012, 69.98436879300016, 67.36775069999976, 67.53652023199993, 68.5384666699997, 68.9724129350002, 69.93249804299967, 69.65018481399966, 70.04091052100011, 68.6145796640003, 69.44360611999946, 68.9905110259997, 69.810951724, 69.77176465100001, 69.11993710499974, 68.5231416329998, 69.14272051399985, 69.85920858999998, 69.03060184100013, 69.8367156739987, 67.87242763799986, 70.13905040399914, 68.87054003000048, 71.8552745750003, 68.57255665600132, 67.81926506800119, 68.1217498699989, 69.03358071500043, 69.52927754600023, 68.97293867799999, 67.5153803510002, 69.18911970299996, 68.56147389800026, 68.14954289700108, 67.74957756000003, 69.89631082499909, 71.83506411000053, 70.29329111100014, 67.62833144999968, 68.18854524199924, 70.05102953599999, 68.75653886799955, 67.70784091799942, 69.04384783400019, 70.47677153500263, 69.74603224499879, 69.98158945199975, 68.4424911999995, 70.09524997299741, 68.85995879099937, 68.18611313499787, 69.23349361600049, 71.54181093800071, 68.83858997800053, 68.18517718099974], [70.07335884899999, 67.25160637399995, 67.87964029099999, 69.0700455189999, 69.43990174199985, 69.04777396999998, 68.15550287399992, 68.21214323699996, 68.47606674200006, 68.02338285399992, 69.0123404359997, 67.0382941480002, 69.06051992999983, 68.69576789700022, 69.57003992099999, 68.59897424399969, 68.79830445599964, 66.34524409700043, 69.68837536699994, 67.74214653400031, 69.55772260899994, 69.68632363399956, 67.00354046100074, 68.91640563400051, 67.97592058099872, 66.57628613799898, 66.8158358870005, 67.48765633500079, 68.56754942999942, 68.20917669399932, 67.39833821599859, 68.45596694999949, 68.86429024500103, 68.22372721099964, 69.38493395899968, 66.72068445500008, 69.67891673000122, 69.04116832499858, 66.96877941099956, 68.26619107400074, 71.28048824500002, 67.78416010799992, 69.31257987199933, 67.61383123500127, 69.3063470929992, 66.68938048500058, 69.8320960889996, 68.28620131800199, 68.83190079300039, 71.30709474100149, 68.96550606999881, 67.65271203299926, 67.27888953699949, 66.97690087500087, 66.80672549700103, 67.39045705999888, 71.23849465899912, 69.963508179997, 67.85072517700246, 69.49367485999755], [69.966537657, 66.50538496599995, 68.46026267599996, 66.81823084300004, 67.0844340220001, 66.57297559300014, 66.91787059499984, 67.54011799699992, 67.3981105339999, 67.14117741499967, 67.33807241799968, 65.94379457000014, 67.44637983100074, 68.15326610700049, 66.22141055800057, 68.50299133899989, 68.3017798259998, 67.76480061600068, 67.0353580990004, 66.76369038900066, 68.22856113199941, 65.55526339799962, 68.08312737300002, 65.8589503510002, 67.98556061800082, 65.38893556799849, 66.51904036300039, 68.51566145099969, 69.64806877000046, 70.2516510710011, 66.1283827649986, 68.40839094399962, 67.69170932599991, 65.9329872620001, 66.38741647499955, 67.21426757399968, 68.47162976400068, 68.45763035799973, 67.98577145699892, 66.6789105150001, 68.14587486299934, 67.76580779100004, 68.11474254700079, 66.81734106099975, 66.06697264200011, 66.69084553300127, 68.32853276800051, 67.43426492700019, 69.52453446299842, 70.41614054599995, 66.97252402999948, 68.44734506500026, 66.0562800000007, 68.82587266400151, 67.6908967490017, 66.25625740200121, 69.99740846900022, 66.9258667360009, 69.1521429639979, 67.93203594299848]], "real_feats": [[0.45, 0.75, 0.7, 0.75, 0.6, 0.7, 0.8, 0.75, 0.65, 0.7, 0.75, 0.65, 0.6, 0.7, 0.65, 0.7, 0.75, 0.55, 0.75, 0.7, 0.65, 0.6, 0.65, 0.75, 0.7, 0.65, 0.7, 0.55, 0.65, 0.5, 0.6, 0.75, 0.75, 0.6, 0.55, 0.7, 0.5, 0.8, 0.7, 0.65, 0.45, 0.65, 0.6, 0.65, 0.65, 0.6, 0.7, 0.6, 0.6, 0.55, 0.6, 0.8, 0.7, 0.6, 0.55, 0.65, 0.75, 0.7, 0.55, 0.65], [0.85, 0.95, 0.9, 0.85, 0.95, 0.9, 0.95, 0.95, 0.9, 0.9, 0.95, 0.9, 0.95, 1.0, 0.85, 0.95, 1.0, 0.9, 0.9, 1.0, 0.95, 0.85, 0.95, 0.85, 0.9, 0.95, 1.0, 0.85, 0.9, 0.95, 0.95, 1.0, 0.95, 0.9, 0.9, 0.9, 0.95, 0.95, 0.95, 0.9, 0.9, 0.95, 0.9, 0.9, 0.85, 0.95, 0.95, 0.85, 0.9, 0.9, 0.8, 0.9, 0.95, 0.9, 0.9, 0.95, 0.95, 0.95, 0.85, 0.95], [1.0, 1.0, 0.9, 1.0, 1.0, 0.95, 0.95, 1.0, 0.95, 0.95, 1.0, 1.0, 0.95, 0.95, 0.95, 1.0, 1.0, 1.0, 0.95, 1.0, 0.95, 0.9, 1.0, 0.95, 1.0, 1.0, 1.0, 0.95, 1.0, 0.95, 0.9, 1.0, 1.0, 0.95, 0.95, 1.0, 0.9, 1.0, 0.95, 1.0, 1.0, 0.95, 0.9, 0.95, 0.95, 0.95, 0.95, 1.0, 0.95, 1.0, 0.95, 0.95, 0.95, 0.95, 0.95, 1.0, 1.0, 1.0, 0.9, 1.0], [1.0, 1.0, 1.0, 1.0, 1.0, 1.0, 1.0, 0.95, 1.0, 1.0, 1.0, 0.95, 1.0, 1.0, 1.0, 1.0, 1.0, 1.0, 1.0, 0.95, 1.0, 1.0, 1.0, 0.95, 1.0, 1.0, 1.0, 1.0, 1.0, 1.0, 1.0, 1.0, 1.0, 1.0, 1.0, 1.0, 1.0, 1.0, 1.0, 0.95, 0.95, 0.95, 1.0, 1.0, 0.95, 0.95, 1.0, 1.0, 1.0, 1.0, 1.0, 1.0, 1.0, 0.95, 0.95, 1.0, 1.0, 0.95, 1.0, 1.0], [1.0, 1.0, 1.0, 1.0, 1.0, 1.0, 1.0, 1.0, 1.0, 1.0, 1.0, 1.0, 0.95, 1.0, 1.0, 1.0, 1.0, 1.0, 1.0, 1.0, 1.0, 1.0, 1.0, 1.0, 1.0, 1.0, 1.0, 1.0, 1.0, 1.0, 1.0, 1.0, 1.0, 1.0, 1.0, 1.0, 1.0, 1.0, 1.0, 1.0, 1.0, 0.95, 1.0, 1.0, 1.0, 1.0, 1.0, 1.0, 1.0, 0.95, 1.0, 1.0, 1.0, 1.0, 1.0, 1.0, 1.0, 1.0, 1.0, 1.0]], "mean_real_feats": [0.6541666666666667, 0.9191666666666669, 0.9683333333333334, 0.9900000000000001, 0.9974999999999999],