{"fashion_mnist_densenet_r_0.0005": [{"regularization": 0.0005, "reps": 5, "classification": {"n_features": [39, 78, 196, 392], "accuracy": [[0.8198999762535095, 0.8130999803543091, 0.7639999985694885, 0.8213000297546387, 0.8245000243186951], [0.8485999703407288, 0.854200005531311, 0.840399980545044, 0.8547000288963318, 0.8457000255584717], [0.8827000260353088, 0.8809999823570251, 0.8798999786376953, 0.8835999965667725, 0.8838000297546387], [0.9036999940872192, 0.9067000150680542, 0.8978000283241272, 0.8998000025749207, 0.904699981212616]], "times": [5031.138170957565, 4907.0845403671265, 5026.654834747314, 5140.465019226074, 5097.43842792511]}}]}