{"fashion_mnist_densenet_r_0.0005": [{"regularization": 0.0005, "reps": 5, "classification": {"n_features": [39, 78, 196, 392], "accuracy": [[0.8112000226974487, 0.8287000060081482, 0.8068000078201294, 0.8026000261306763, 0.8119999766349792], [0.8615999817848206, 0.8621000051498413, 0.8503000140190125, 0.8478000164031982, 0.8500000238418579], [0.8827999830245972, 0.8888999819755554, 0.8840000033378601, 0.883400022983551, 0.8830000162124634], [0.9043999910354614, 0.9024999737739563, 0.9035999774932861, 0.9010000228881836, 0.9035000205039978]], "times": [4714.657210111618, 4605.429782867432, 4644.275374889374, 4792.556296825409, 4752.910042047501]}}]}