{"fashion_mnist_densenet_r_0.0005": [{"regularization": 0.0005, "reps": 5, "classification": {"n_features": [39, 78, 196, 392], "accuracy": [[0.8086000084877014, 0.8206999897956848, 0.8098000288009644, 0.8185999989509583, 0.8119999766349792], [0.8578000068664551, 0.8531000018119812, 0.8458999991416931, 0.852400004863739, 0.8532000184059143], [0.8671000003814697, 0.8672000169754028, 0.8705000281333923, 0.8687000274658203, 0.8657000064849854], [0.886900007724762, 0.8830000162124634, 0.8855000138282776, 0.8809999823570251, 0.8858000040054321]], "times": [[991.2665388584137, 1030.3203620910645, 1028.237058877945, 1074.7107982635498, 1075.3370485305786], [851.0960631370544, 808.4582626819611, 761.9685609340668, 674.9728152751923, 897.7253608703613], [451.4469771385193, 496.8175685405731, 496.36133909225464, 451.9661214351654, 495.93309020996094], [407.5676152706146, 408.34866857528687, 407.51157307624817, 362.294620513916, 362.3080382347107]]}}, {"regularization": 0.0005, "reps": 5, "classification": {"n_features": [39, 78, 196, 392], "accuracy": [[0.8373000025749207, 0.849399983882904, 0.840399980545044, 0.8528000116348267, 0.8341000080108643], [0.8788999915122986, 0.8737999796867371, 0.8790000081062317, 0.8816999793052673, 0.8799999952316284], [0.8989999890327454, 0.9003000259399414, 0.9003999829292297, 0.9039000272750854, 0.9010999798774719], [0.9117000102996826, 0.9146000146865845, 0.9122999906539917, 0.9125999808311462, 0.9142000079154968]], "times": [[1184.0659484863281, 1226.0061483383179, 1175.4547381401062, 1125.3959333896637, 1226.9529452323914], [1075.8479239940643, 973.98455119133, 1075.881031513214, 1075.608582019806, 1023.8594958782196], [619.6200776100159, 620.7172284126282, 568.6826984882355, 569.5605700016022, 619.1856300830841], [467.60988998413086, 468.2182855606079, 468.608690738678, 468.0966341495514, 468.3144736289978]]}}]}