{"fashion_mnist_densenet_r_0.0005": [{"regularization": 0.0005, "reps": 5, "classification": {"n_features": [39, 78, 196, 392], "accuracy": [[0.7980999946594238, 0.7989000082015991, 0.8116999864578247, 0.8033999800682068, 0.7925000190734863], [0.8495000004768372, 0.8652999997138977, 0.8557000160217285, 0.854200005531311, 0.8528000116348267], [0.8968999981880188, 0.8952999711036682, 0.8988999724388123, 0.9003000259399414, 0.8967999815940857], [0.9121999740600586, 0.9133999943733215, 0.9110999703407288, 0.9139000177383423, 0.9143999814987183]], "times": [[1277.752665758133, 1278.2443153858185, 1276.2573065757751, 1328.4852855205536, 1278.166804075241], [1332.3493492603302, 1278.352899312973, 1277.9394669532776, 1329.25430560112, 1229.944096326828], [922.5459804534912, 974.3761982917786, 974.966735124588, 873.4405977725983, 922.4188175201416], [924.2448816299438, 1277.8240993022919, 923.9764323234558, 873.1335141658783, 873.7055406570435]]}}]}