{"fashion_mnist_densenet_r_0.0005": [{"regularization": 0.0005, "reps": 5, "classification": {"n_features": [39, 78, 196, 392], "accuracy": [[0.8460999727249146, 0.8474000096321106, 0.8464000225067139, 0.8468000292778015, 0.8424000144004822], [0.8741000294685364, 0.8722000122070312, 0.8734999895095825, 0.8704000115394592, 0.8744000196456909], [0.8950999975204468, 0.8988000154495239, 0.89410001039505, 0.8959000110626221, 0.8985999822616577], [0.9108999967575073, 0.909600019454956, 0.9114999771118164, 0.9124000072479248, 0.9096999764442444]], "times": [786.3511228561401, 728.4015460014343, 779.683185338974, 728.4244446754456, 779.545645236969]}}]}