{"fashion_mnist_densenet_r_0.0005": [{"regularization": 0.0005, "reps": 3, "classification": {"n_features": [39, 78, 196, 392], "accuracy": [[0.8363000154495239, 0.8410999774932861, 0.8241999745368958], [0.8579999804496765, 0.8550999760627747, 0.8531000018119812], [0.8823000192642212, 0.8806999921798706, 0.8870999813079834], [0.9075000286102295, 0.9031999707221985, 0.9053999781608582]], "model_accuracy": [[0.39480000734329224, 0.43880000710487366, 0.32190001010894775], [0.28189998865127563, 0.40059998631477356, 0.45570001006126404], [0.5044999718666077, 0.49540001153945923, 0.3937000036239624], [0.5148000121116638, 0.6118000149726868, 0.5819000005722046]], "times": [[3630.987813949585, 3624.4933133125305, 3614.5134024620056], [3648.427976131439, 3646.77024102211, 3646.7531917095184], [3772.302198410034, 3776.5437021255493, 3768.4202535152435], [3974.4531724452972, 3986.0331337451935, 3985.554540872574]]}}]}