{"fashion_mnist_efficientnetB0_r_0.0005": [{"regularization": 0.0005, "reps": 5, "classification": {"n_features": [39, 78, 196, 392], "accuracy": [[0.7961000204086304, 0.7965999841690063, 0.7979000210762024, 0.7961000204086304, 0.8216999769210815], [0.8427000045776367, 0.8385000228881836, 0.8561999797821045, 0.8439000248908997, 0.8550999760627747], [0.8822000026702881, 0.8831999897956848, 0.8866999745368958, 0.8902999758720398, 0.8859000205993652], [0.9071000218391418, 0.9053000211715698, 0.9042999744415283, 0.9074000120162964, 0.9028000235557556]], "times": [2210.9118213653564, 2268.393927335739, 2271.2247183322906, 2297.716614961624, 2246.963814496994]}}]}