{"fashion_mnist_efficientnetB0_r_0.0005": [{"regularization": 0.0005, "reps": 5, "classification": {"n_features": [39, 78, 196, 392], "accuracy": [[0.8138999938964844, 0.8070999979972839, 0.8016999959945679, 0.8194000124931335, 0.7936000227928162], [0.8479999899864197, 0.8529999852180481, 0.8514000177383423, 0.8504999876022339, 0.8464999794960022], [0.8935999870300293, 0.8852999806404114, 0.88919997215271, 0.8899000287055969, 0.8899000287055969], [0.9054999947547913, 0.9046000242233276, 0.9072999954223633, 0.906000018119812, 0.9071999788284302]], "times": [2321.4502108097076, 2366.300835132599, 2338.070137500763, 2309.932748556137, 2323.603103876114]}}]}