{"fashion_mnist_efficientnetB0_r_0.0005": [{"regularization": 0.0005, "reps": 5, "classification": {"n_features": [39, 78, 196, 392], "accuracy": [[0.8325999975204468, 0.8384000062942505, 0.8435999751091003, 0.8439000248908997, 0.8450999855995178], [0.8776000142097473, 0.8705999851226807, 0.8718000054359436, 0.8747000098228455, 0.8758999705314636], [0.9042999744415283, 0.9059000015258789, 0.895799994468689, 0.9028000235557556, 0.9060999751091003], [0.9210000038146973, 0.9186999797821045, 0.921500027179718, 0.9186000227928162, 0.9212999939918518]], "times": [[314.1920380592346, 240.67244625091553, 251.8494369983673, 288.7645709514618, 329.26855635643005], [249.79825115203857, 320.12078380584717, 253.86951661109924, 295.2932617664337, 266.9316623210907], [243.09289860725403, 253.65756058692932, 256.3214409351349, 242.02438402175903, 267.6266474723816], [250.69471526145935, 256.7734386920929, 289.3084366321564, 263.32376527786255, 330.6518280506134]]}}]}