{"fashion_mnist_efficientnetB0_r_0.0005": [{"regularization": 0.0005, "reps": 5, "classification": {"n_features": [39, 78, 196, 392], "accuracy": [[0.8479999899864197, 0.8540999889373779, 0.8463000059127808, 0.8478999733924866, 0.8499000072479248], [0.8820000290870667, 0.8777999877929688, 0.8808000087738037, 0.8755000233650208, 0.8823000192642212], [0.9006999731063843, 0.9035999774932861, 0.9024999737739563, 0.9034000039100647, 0.9003000259399414], [0.90829998254776, 0.9165999889373779, 0.914900004863739, 0.9106000065803528, 0.9164000153541565]], "times": [185.77182459831238, 182.70729041099548, 194.93228936195374, 195.86133289337158, 183.6130669116974]}}]}