{"fashion_mnist_efficientnetB0_r_0.0005": [{"regularization": 0.0005, "reps": 5, "classification": {"n_features": [39, 78, 196, 392], "accuracy": [[0.8521000146865845, 0.8561000227928162, 0.8629999756813049, 0.864300012588501, 0.8611000180244446], [0.8841000199317932, 0.8845000267028809, 0.8842999935150146, 0.8855000138282776, 0.8812999725341797], [0.906000018119812, 0.9077000021934509, 0.9103999733924866, 0.9065999984741211, 0.9078999757766724], [0.9200999736785889, 0.9175999760627747, 0.9160000085830688, 0.9180999994277954, 0.9175999760627747]], "times": [[211.0392551422119, 208.86346411705017, 247.510901927948, 209.24441719055176, 259.7641131877899], [197.12729120254517, 196.822683095932, 196.5825469493866, 197.18951416015625, 197.32448625564575], [146.06829524040222, 146.48214173316956, 146.51904201507568, 146.04980754852295, 146.44109416007996], [107.93288779258728, 121.28863215446472, 108.3438651561737, 108.17734909057617, 109.29576921463013]]}}]}