{"fashion_mnist_efficientnetB0_r_0.0005": [{"regularization": 0.0005, "reps": 3, "classification": {"n_features": [39, 78, 196, 392], "accuracy": [[0.8446999788284302, 0.7954999804496765, 0.8183000087738037], [0.8539000153541565, 0.8593000173568726, 0.8495000004768372], [0.8862000107765198, 0.8860999941825867, 0.8866000175476074], [0.9052000045776367, 0.9125999808311462, 0.9075000286102295]], "model_accuracy": [[0.8270000219345093, 0.10180000215768814, 0.15960000455379486], [0.10000000149011612, 0.10040000081062317, 0.08619999885559082], [0.810699999332428, 0.10000000149011612, 0.11330000311136246], [0.8812999725341797, 0.8598999977111816, 0.8798999786376953]], "times": [[1056.1633400917053, 1039.6860065460205, 1043.003256559372], [1048.0031354427338, 1041.457549571991, 1034.6936888694763], [1067.994796514511, 1072.149222612381, 1070.4954869747162], [1234.0761282444, 1234.9899606704712, 1232.4529557228088]]}}]}