{"fashion_mnist_wrn164_r_0.0005": [{"regularization": 0.0005, "reps": 5, "classification": {"n_features": [39, 78, 196, 392], "accuracy": [[0.8618, 0.857, 0.8554, 0.8554, 0.8596], [0.8905, 0.8888, 0.8888, 0.8875, 0.8884], [0.9079, 0.9037, 0.9076, 0.9084, 0.9107], [0.9218, 0.9194, 0.9212, 0.9217, 0.9192]], "times": [34.38044452667236, 32.171515464782715, 34.23015880584717, 32.293112993240356, 34.19947385787964]}}]}