{"fashion_mnist_three_layer_nn_r_0.0005": [{"regularization": 0.0005, "reps": 5, "classification": {"n_features": [39, 78, 196, 392], "accuracy": [[0.8296999931335449, 0.8291000127792358, 0.829200029373169, 0.8281000256538391, 0.8373000025749207], [0.8673999905586243, 0.8702999949455261, 0.866599977016449, 0.8676000237464905, 0.8640000224113464], [0.891700029373169, 0.8917999863624573, 0.8859999775886536, 0.8880000114440918, 0.894599974155426], [0.9103999733924866, 0.9078999757766724, 0.9067999720573425, 0.9075999855995178, 0.9096999764442444]], "times": [[23.58453345298767, 24.30781888961792, 25.93399429321289, 23.464328050613403, 24.819860696792603], [20.44977331161499, 20.663999795913696, 21.594696521759033, 21.553727865219116, 21.836809396743774], [17.63797903060913, 22.470845699310303, 17.537800788879395, 17.71363139152527, 24.580711841583252], [24.470098972320557, 26.537925720214844, 22.854285717010498, 26.36718988418579, 26.791579723358154]]}}]}