{"fashion_mnist_densenet_r_5e-06": [{"regularization": 5e-06, "reps": 5, "classification": {"n_features": [39, 78, 196, 392], "accuracy": [[0.8183000087738037, 0.8065999746322632, 0.8138999938964844, 0.8090000152587891, 0.8212000131607056], [0.8537999987602234, 0.843500018119812, 0.8557999730110168, 0.8490999937057495, 0.853600025177002], [0.8865000009536743, 0.8824999928474426, 0.8835999965667725, 0.8809000253677368, 0.8855000138282776], [0.9070000052452087, 0.9010000228881836, 0.9049999713897705, 0.9039999842643738, 0.9034000039100647]], "times": [2333.8107624053955, 2353.0076501369476, 2336.3885276317596, 2339.584402322769, 2343.0440514087677]}}]}