{"fashion_mnist_three_layer_nn_r_0.0005": [{"regularization": 0.0005, "reps": 5, "classification": {"n_features": [39, 78, 196, 392], "accuracy": [[0.8518000245094299, 0.8504999876022339, 0.8497999906539917, 0.849399983882904, 0.8522999882698059], [0.8791000247001648, 0.8774999976158142, 0.8762999773025513, 0.8824999928474426, 0.8770999908447266], [0.8989999890327454, 0.9003000259399414, 0.8952000141143799, 0.8984000086784363, 0.8966000080108643], [0.911899983882904, 0.9104999899864197, 0.911899983882904, 0.9100000262260437, 0.9108999967575073]], "times": [[22.52189326286316, 21.92210817337036, 22.89086627960205, 21.936903476715088, 21.797290325164795], [14.758492708206177, 14.938111782073975, 13.898267030715942, 14.799678564071655, 15.009211540222168], [9.36973762512207, 8.84691047668457, 8.764296293258667, 8.812001705169678, 8.784908294677734], [7.8679585456848145, 7.716813325881958, 7.883788585662842, 7.849228620529175, 7.667526483535767]]}}]}