{"fashion_mnist_densenet_r_5e-06": [{"regularization": 5e-06, "reps": 5, "classification": {"n_features": [39, 78, 196, 392], "accuracy": [[0.7872999906539917, 0.7989000082015991, 0.7994999885559082, 0.8170999884605408, 0.7889000177383423], [0.8406999707221985, 0.8529000282287598, 0.8446999788284302, 0.8489999771118164, 0.8526999950408936], [0.8794000148773193, 0.8860999941825867, 0.8855000138282776, 0.8817999958992004, 0.8844000101089478], [0.9003000259399414, 0.9018999934196472, 0.906499981880188, 0.9042999744415283, 0.9074000120162964]], "times": [83.67555165290833, 84.11028265953064, 83.33182621002197, 83.38858795166016, 82.72543597221375]}}]}