{"fashion_mnist_wrn164_r_0.0005": [{"regularization": 0.0005, "reps": 5, "classification": {"n_features": [39, 78, 196, 392], "accuracy": [[0.8548, 0.8522, 0.8577, 0.8485, 0.8502], [0.8819, 0.8831, 0.8826, 0.8773, 0.8849], [0.9036, 0.8984, 0.901, 0.8967, 0.9045], [0.9094, 0.9086, 0.9079, 0.9122, 0.9102]], "times": [[110.83100390434265, 113.44379091262817, 112.01906394958496, 113.34720277786255, 113.25407409667969], [113.23296976089478, 112.85731959342957, 114.30774426460266, 113.83670401573181, 113.17960739135742], [113.99884080886841, 113.42837500572205, 114.0989887714386, 112.87078166007996, 113.32114839553833], [116.0646390914917, 115.0769350528717, 115.9744086265564, 115.15793657302856, 115.63727712631226]]}}]}