{"fashion_mnist_densenet_r_0.0005": [{"regularization": 0.0005, "reps": 5, "classification": {"n_features": [39, 78, 196, 392], "accuracy": [[0.8220000267028809, 0.8216999769210815, 0.8226000070571899, 0.8162000179290771, 0.8172000050544739], [0.8321999907493591, 0.8377000093460083, 0.8360000252723694, 0.8317999839782715, 0.8356000185012817], [0.8461999893188477, 0.848800003528595, 0.8411999940872192, 0.8468000292778015, 0.8504999876022339], [0.8537999987602234, 0.8525999784469604, 0.8507999777793884, 0.8561000227928162, 0.8511999845504761]], "times": [[86.13391590118408, 85.89123940467834, 85.43373036384583, 85.27171611785889, 85.28390192985535], [86.23518180847168, 85.78495454788208, 85.78069543838501, 86.23271751403809, 87.21143007278442], [86.26975059509277, 86.14633083343506, 85.53950500488281, 85.65689849853516, 86.52610087394714], [86.26062083244324, 87.28791666030884, 86.94109582901001, 87.82727241516113, 87.51762080192566]]}}]}