{"fashion_mnist_three_layer_nn_r_0.0005": [{"regularization": 0.0005, "reps": 5, "classification": {"n_features": [39, 78, 196, 392], "accuracy": [[0.8557, 0.849, 0.8537, 0.8573, 0.8585], [0.8905, 0.8863, 0.8866, 0.8915, 0.8864], [0.9093, 0.9087, 0.9092, 0.9105, 0.9108], [0.9232, 0.9206, 0.922, 0.9216, 0.9194]], "times": [[48.57638931274414, 46.28366231918335, 47.37560725212097, 47.988662004470825, 48.68091106414795], [37.5539448261261, 37.265135526657104, 34.75532555580139, 37.65826678276062, 38.3691349029541], [26.93216872215271, 26.84213638305664, 27.02715516090393, 27.146535873413086, 27.04387402534485], [20.722087383270264, 20.617071390151978, 20.837494134902954, 20.81758141517639, 20.621065139770508]]}}]}