{"fashion_mnist_wrn164_r_5e-06": [{"regularization": 5e-06, "reps": 5, "classification": {"n_features": [39, 78, 196, 392], "accuracy": [[0.8019000291824341, 0.7997000217437744, 0.7972000241279602, 0.7986000180244446, 0.7991999983787537], [0.8371000289916992, 0.8456000089645386, 0.8457000255584717, 0.8385000228881836, 0.8385999798774719], [0.8820000290870667, 0.8751999735832214, 0.8773999810218811, 0.8683000206947327, 0.8755999803543091], [0.9014000296592712, 0.9009000062942505, 0.8971999883651733, 0.8974000215530396, 0.9017000198364258]], "times": [145.98631954193115, 188.06522965431213, 198.7411241531372, 201.39441680908203, 189.82479286193848]}}]}