{"fashion_mnist_efficientnetB0_r_5e-06": [{"regularization": 5e-06, "reps": 5, "classification": {"n_features": [39, 78, 196, 392], "accuracy": [[0.7957000136375427, 0.7828999757766724, 0.7896000146865845, 0.7882999777793884, 0.8052999973297119], [0.8295000195503235, 0.8396999835968018, 0.8263999819755554, 0.8460999727249146, 0.8485999703407288], [0.8853999972343445, 0.888700008392334, 0.880299985408783, 0.8862000107765198, 0.8891000151634216], [0.9093000292778015, 0.9054999947547913, 0.9068999886512756, 0.9050999879837036, 0.907800018787384]], "times": [71.15917754173279, 70.26245307922363, 69.68445825576782, 70.92936134338379, 70.60299253463745]}}]}