{"fashion_mnist_efficientnetB0_r_5e-06": [{"regularization": 5e-06, "reps": 5, "classification": {"n_features": [39, 78, 196, 392], "accuracy": [[0.8100000023841858, 0.8172000050544739, 0.79830002784729, 0.7875000238418579, 0.7885000109672546], [0.8511999845504761, 0.8518000245094299, 0.854200005531311, 0.8551999926567078, 0.8420000076293945], [0.8889999985694885, 0.8873000144958496, 0.8852999806404114, 0.8859000205993652, 0.8834999799728394], [0.9035000205039978, 0.9061999917030334, 0.9072999954223633, 0.9074000120162964, 0.9013000130653381]], "times": [69.32409381866455, 70.02024173736572, 69.97443079948425, 69.39103937149048, 69.505455493927]}}]}