{"fashion_mnist_efficientnetB0_r_5e-06": [{"regularization": 5e-06, "reps": 5, "classification": {"n_features": [39, 78, 196, 392], "accuracy": [[0.7732999920845032, 0.8050000071525574, 0.8176000118255615, 0.7867000102996826, 0.7799000144004822], [0.8443999886512756, 0.8507999777793884, 0.8560000061988831, 0.8476999998092651, 0.8482000231742859], [0.8910999894142151, 0.8859999775886536, 0.8873999714851379, 0.8873000144958496, 0.8860999941825867], [0.9053000211715698, 0.9071000218391418, 0.9035999774932861, 0.9072999954223633, 0.9007999897003174]], "times": [1964.194124698639, 1939.2606837749481, 1961.1321303844452, 1936.9033024311066, 1955.8671457767487]}}]}