{"fashion_mnist_three_layer_nn_r_0.0005": [{"regularization": 0.0005, "reps": 5, "classification": {"n_features": [39, 78, 196, 392], "accuracy": [[0.8263, 0.8281, 0.8233, 0.8302, 0.825], [0.8815, 0.8812, 0.88, 0.8748, 0.8817], [0.9082, 0.9072, 0.9053, 0.9102, 0.9087], [0.9204, 0.9205, 0.9203, 0.924, 0.9197]], "times": [[49.798956871032715, 50.39199781417847, 52.20127320289612, 50.494240283966064, 51.18894362449646], [43.77527046203613, 46.288554191589355, 44.0750572681427, 46.078253746032715, 48.486194133758545], [37.871429443359375, 37.467260122299194, 36.86429786682129, 49.68373513221741, 39.054083824157715], [56.328309059143066, 56.701592206954956, 56.692086696624756, 57.01201796531677, 54.69722843170166]]}}]}