{"fashion_mnist_three_layer_nn_r_0.0005": [{"regularization": 0.0005, "reps": 5, "classification": {"n_features": [39, 78, 196, 392], "accuracy": [[0.8425999879837036, 0.8324999809265137, 0.8434000015258789, 0.8467000126838684, 0.8353000283241272], [0.8741000294685364, 0.867900013923645, 0.8751999735832214, 0.871999979019165, 0.873199999332428], [0.8924999833106995, 0.8955000042915344, 0.8984000086784363, 0.8950999975204468, 0.8948000073432922], [0.9092000126838684, 0.9070000052452087, 0.9075999855995178, 0.9068999886512756, 0.9097999930381775]], "times": [[24.662587881088257, 23.775222539901733, 24.672309637069702, 23.79414939880371, 25.716495275497437], [19.754454612731934, 19.77422308921814, 19.74600887298584, 19.77120018005371, 20.760085344314575], [23.829532861709595, 24.719084978103638, 21.860721588134766, 23.91790747642517, 20.83076286315918], [26.86790180206299, 26.756158590316772, 21.998480081558228, 26.901062488555908, 27.114309549331665]]}}]}