{"fashion_mnist_wrn164_r_5e-06": [{"regularization": 5e-06, "reps": 5, "classification": {"n_features": [39, 78, 196, 392], "accuracy": [[0.7914999723434448, 0.7950000166893005, 0.7853999733924866, 0.8141000270843506, 0.8112999796867371], [0.8370000123977661, 0.8393999934196472, 0.8532000184059143, 0.8398000001907349, 0.8411999940872192], [0.8745999932289124, 0.8759999871253967, 0.8762999773025513, 0.883899986743927, 0.8810999989509583], [0.8931000232696533, 0.8996000289916992, 0.8931999802589417, 0.9006999731063843, 0.894599974155426]], "times": [174.26805591583252, 182.86190390586853, 182.8527283668518, 191.74301171302795, 176.5376935005188]}}]}