{"fashion_mnist_three_layer_nn_r_0.0005": [{"regularization": 0.0005, "reps": 5, "classification": {"n_features": [39, 78, 196, 392], "accuracy": [[0.8496999740600586, 0.8427000045776367, 0.8489000201225281, 0.8507999777793884, 0.8499000072479248], [0.873199999332428, 0.8725000023841858, 0.8736000061035156, 0.8748000264167786, 0.8723000288009644], [0.8956000208854675, 0.8916000127792358, 0.8912000060081482, 0.8930000066757202, 0.8938999772071838], [0.909500002861023, 0.9085000157356262, 0.9077000021934509, 0.9088000059127808, 0.9063000082969666]], "times": [[23.59631109237671, 20.900175094604492, 22.508179664611816, 21.47420835494995, 22.50037908554077], [16.532642126083374, 17.578128337860107, 17.561588764190674, 17.988917112350464, 17.556491374969482], [13.085583925247192, 12.659808874130249, 12.697923183441162, 12.748534202575684, 12.626778364181519], [9.689420938491821, 9.705740690231323, 10.10000491142273, 9.614966630935669, 10.125236749649048]]}}]}