{"fashion_mnist_efficientnetB0_r_0.0005": [{"regularization": 0.0005, "reps": 5, "classification": {"n_features": [39, 78, 196, 392], "accuracy": [[0.8429999947547913, 0.8422999978065491, 0.8475000262260437, 0.8497999906539917, 0.8472999930381775], [0.8748999834060669, 0.8702999949455261, 0.8712000250816345, 0.8690999746322632, 0.8691999912261963], [0.8892999887466431, 0.8878999948501587, 0.8924999833106995, 0.8863000273704529, 0.890500009059906], [0.9023000001907349, 0.899399995803833, 0.899399995803833, 0.8977000117301941, 0.8977000117301941]], "times": [[86.67082929611206, 85.30352926254272, 86.12333917617798, 85.81462907791138, 85.43331098556519], [86.30114579200745, 84.43887901306152, 85.36810326576233, 86.27391839027405, 85.20876860618591], [85.89971613883972, 85.65908169746399, 84.78943586349487, 85.77068376541138, 86.34223985671997], [85.54714918136597, 86.73558473587036, 85.46115040779114, 86.24281215667725, 86.68625211715698]]}}]}