{"fashion_mnist_densenet_r_5e-06": [{"regularization": 5e-06, "reps": 5, "classification": {"n_features": [39, 78, 196, 392], "accuracy": [[0.8476999998092651, 0.8504999876022339, 0.8565000295639038, 0.8508999943733215, 0.8510000109672546], [0.8748000264167786, 0.8709999918937683, 0.8755000233650208, 0.8705999851226807, 0.870199978351593], [0.8924000263214111, 0.8949000239372253, 0.892300009727478, 0.8906999826431274, 0.8967000246047974], [0.9083999991416931, 0.909600019454956, 0.9089999794960022, 0.9067000150680542, 0.9043999910354614]], "times": [15.093165636062622, 15.591036796569824, 15.771121263504028, 15.494225025177002, 15.795514106750488]}}]}