{"fashion_mnist_three_layer_nn_efficientnetB0_r_0.0005": [{"regularization": 0.0005, "reps": 5, "classification": {"n_features": [39, 78, 196, 392], "accuracy": [[0.8195000290870667, 0.8276000022888184, 0.8335999846458435, 0.8097000122070312, 0.828499972820282], [0.8644000291824341, 0.8697999715805054, 0.8715999722480774, 0.8736000061035156, 0.8727999925613403], [0.8974000215530396, 0.8920000195503235, 0.8932999968528748, 0.8960999846458435, 0.8970000147819519], [0.9111999869346619, 0.9089999794960022, 0.9121000170707703, 0.9072999954223633, 0.9088000059127808]], "times": [[91.3878698348999, 91.06090497970581, 91.02632021903992, 90.76686453819275, 90.86328339576721], [133.3901138305664, 133.4876413345337, 133.19029068946838, 133.55886054039001, 133.2414529323578], [266.53610134124756, 266.2126750946045, 265.793399810791, 265.9646146297455, 265.1495168209076], [466.66405630111694, 466.5448441505432, 467.2236156463623, 467.2720925807953, 466.99598574638367]]}}]}