{"fashion_mnist_three_layer_nn_densenet_r_0.0005": [{"regularization": 0.0005, "reps": 5, "classification": {"n_features": [39, 78, 196, 392], "accuracy": [[0.8373000025749207, 0.8295999765396118, 0.8334000110626221, 0.8172000050544739, 0.8313000202178955], [0.8592000007629395, 0.8605999946594238, 0.8658999800682068, 0.8683000206947327, 0.8644000291824341], [0.8899999856948853, 0.8860999941825867, 0.8914999961853027, 0.8920000195503235, 0.8863000273704529], [0.9018999934196472, 0.9085999727249146, 0.9056000113487244, 0.9103999733924866, 0.9072999954223633]], "times": [[92.29999041557312, 91.62717413902283, 91.76256608963013, 92.20204377174377, 92.12654304504395], [134.1631531715393, 133.25125741958618, 133.39075136184692, 133.63943481445312, 133.74661827087402], [265.5273609161377, 266.25556659698486, 265.6895179748535, 265.96458196640015, 266.22442746162415], [467.09439611434937, 465.92205286026, 466.645220041275, 466.73792934417725, 467.31640815734863]]}}]}