{"fashion_mnist_densenet_r_5e-06": [{"regularization": 5e-06, "reps": 5, "classification": {"n_features": [39, 78, 196, 392], "accuracy": [[0.8012999892234802, 0.7950999736785889, 0.800000011920929, 0.8041999936103821, 0.7781000137329102], [0.8489999771118164, 0.8410999774932861, 0.8547000288963318, 0.8445000052452087, 0.8468999862670898], [0.8845999836921692, 0.8842999935150146, 0.8858000040054321, 0.8838000297546387, 0.8880000114440918], [0.9004999995231628, 0.9017000198364258, 0.9038000106811523, 0.9020000100135803, 0.9045000076293945]], "times": [83.047434091568, 83.51355004310608, 83.3105628490448, 83.65329003334045, 83.99872779846191]}}]}