{"fashion_mnist_three_layer_nn_wrn164_r_0.0005": [{"regularization": 0.0005, "reps": 5, "classification": {"n_features": [39, 78, 196, 392], "accuracy": [[0.8291, 0.8443, 0.8341, 0.8308, 0.8295], [0.8743, 0.8754, 0.8769, 0.8804, 0.8815], [0.9069, 0.9029, 0.9082, 0.9081, 0.9096], [0.926, 0.9209, 0.9228, 0.9255, 0.9203]], "times": [[362.26126289367676, 393.1956956386566, 363.34473872184753, 370.2339746952057, 358.53018736839294], [447.4968481063843, 451.0552408695221, 451.0134003162384, 446.07074332237244, 431.66832971572876], [738.8368127346039, 783.2176077365875, 749.2600395679474, 784.2269270420074, 734.8455438613892], [1161.6741123199463, 1162.3026051521301, 1141.410635471344, 1141.2033042907715, 1161.529510974884]]}}]}