{"fashion_mnist_wrn164_r_5e-06": [{"regularization": 5e-06, "reps": 5, "classification": {"n_features": [39, 78, 196, 392], "accuracy": [[0.8126999735832214, 0.8140000104904175, 0.8019999861717224, 0.7940999865531921, 0.8123999834060669], [0.8453999757766724, 0.8500000238418579, 0.8443999886512756, 0.8447999954223633, 0.855400025844574], [0.8758999705314636, 0.8755999803543091, 0.8809999823570251, 0.8805999755859375, 0.8816999793052673], [0.8960000276565552, 0.8978999853134155, 0.8998000025749207, 0.9016000032424927, 0.9024999737739563]], "times": [5069.199460506439, 5173.849076986313, 5251.82449054718, 5092.282433509827, 5174.987066984177]}}]}