{"fashion_mnist_efficientnetB0_r_5e-06": [{"regularization": 5e-06, "reps": 5, "classification": {"n_features": [39, 78, 196, 392], "accuracy": [[0.8503000140190125, 0.8495000004768372, 0.8464000225067139, 0.8513000011444092, 0.847100019454956], [0.8763999938964844, 0.8745999932289124, 0.8783000111579895, 0.8784000277519226, 0.8759999871253967], [0.8948000073432922, 0.9007999897003174, 0.8998000025749207, 0.8966000080108643, 0.8956000208854675], [0.9103000164031982, 0.9090999960899353, 0.9133999943733215, 0.909500002861023, 0.9067000150680542]], "times": [15.636791706085205, 13.756531476974487, 13.696038007736206, 13.5308837890625, 14.726049900054932]}}]}