{"fashion_mnist_wrn164_r_0.0005": [{"regularization": 0.0005, "reps": 5, "classification": {"n_features": [39, 78, 196, 392], "accuracy": [[0.8465, 0.8561, 0.8602, 0.8566, 0.8568], [0.8877, 0.8886, 0.8865, 0.8819, 0.8881], [0.9153, 0.9121, 0.9124, 0.9135, 0.914], [0.9255, 0.9264, 0.9289, 0.9255, 0.9266]], "times": [293.6104574203491, 298.5155107975006, 299.15519189834595, 299.9394111633301, 299.76094007492065]}}]}
