{"fashion_mnist_wrn164_r_0.0005": [{"regularization": 0.0005, "reps": 5, "classification": {"n_features": [39, 78, 196, 392], "accuracy": [[0.8148, 0.8039, 0.8236, 0.8093, 0.7606], [0.8846, 0.8777, 0.8705, 0.8767, 0.8703], [0.9135, 0.9194, 0.916, 0.9164, 0.9127], [0.9302, 0.9304, 0.9288, 0.9285, 0.9273]], "times": [[468.90062713623047, 468.6430788040161, 468.58534049987793, 450.07088112831116, 450.31112360954285], [488.65402007102966, 450.4629282951355, 469.8341369628906, 468.7057123184204, 431.4813358783722], [395.0222465991974, 319.58723545074463, 338.3592755794525, 338.0252208709717, 338.40988278388977], [338.3429639339447, 339.14753437042236, 375.55414056777954, 338.7053973674774, 338.6350224018097]]}}]}