{"fashion_mnist_wrn164_r_0.0005": [{"regularization": 0.0005, "reps": 5, "classification": {"n_features": [39, 78, 196, 392], "accuracy": [[0.8506, 0.8409, 0.847, 0.8357, 0.8416], [0.8869, 0.8862, 0.886, 0.8877, 0.8841], [0.9111, 0.9142, 0.9137, 0.9121, 0.9167], [0.9275, 0.9292, 0.9297, 0.9254, 0.9273]], "times": [340.45746183395386, 359.86744689941406, 360.2660458087921, 341.18710136413574, 341.56267499923706]}}]}