{"fashion_mnist_wrn164_r_0.0005": [{"regularization": 0.0005, "reps": 5, "classification": {"n_features": [39, 78, 196, 392], "accuracy": [[0.8469, 0.8466, 0.8431, 0.8366, 0.8458], [0.8824, 0.881, 0.8826, 0.8859, 0.886], [0.9096, 0.907, 0.9086, 0.9106, 0.9084], [0.925, 0.925, 0.9254, 0.9265, 0.9239]], "model_accuracy": [[0.7738, 0.6858, 0.7399, 0.7186, 0.7424], [0.846, 0.8656, 0.8353, 0.8669, 0.8278], [0.9142, 0.9169, 0.9113, 0.9138, 0.9146], [0.9275, 0.9284, 0.931, 0.927, 0.9265]], "times": [[2165.8708066940308, 2171.1661093235016, 2175.3720660209656, 2171.756566286087, 2174.158040523529], [2265.0675473213196, 2268.0930914878845, 2268.871830224991, 2267.440952539444, 2268.8518385887146], [2558.9051117897034, 2565.553725719452, 2562.2044727802277, 2560.403559923172, 2562.415113210678], [3044.1578538417816, 3047.7468626499176, 3048.811273097992, 3046.2238309383392, 3049.1195228099823]]}}]}