{"fashion_mnist_wrn164_r_0.0005": [{"regularization": 0.0005, "reps": 5, "classification": {"n_features": [39, 78, 196, 392], "accuracy": [[0.8472, 0.8492, 0.856, 0.8548, 0.8536], [0.8906, 0.8925, 0.8956, 0.8939, 0.89], [0.9192, 0.9218, 0.9199, 0.9214, 0.9177], [0.9312, 0.9317, 0.9311, 0.9302, 0.9301]], "times": [[393.6983103752136, 413.34289479255676, 357.03994941711426, 431.4693830013275, 451.0176966190338], [412.715717792511, 412.7463595867157, 413.76150465011597, 450.4359052181244, 395.2344431877136], [263.809885263443, 263.7046275138855, 263.852441072464, 263.6993820667267, 263.6883656978607], [189.40390729904175, 189.74747371673584, 189.1864891052246, 189.44421815872192, 189.742027759552]]}}]}