{"cifar100_densenet_r_0.0005": [{"regularization": 0.0005, "reps": 5, "classification": {"n_features": [153, 307, 768, 1536], "accuracy": [[0.32519999146461487, 0.349700003862381, 0.3538999855518341, 0.334199994802475, 0.36090001463890076], [0.43479999899864197, 0.4465000033378601, 0.44040000438690186, 0.435699999332428, 0.4316999912261963], [0.5407, 0.5447, 0.5547, 0.5502, 0.5492], [0.6284000277519226, 0.6248000264167786, 0.621999979019165, 0.6215999722480774, 0.6171000003814697]], "model_accuracy": [[0.2547, 0.1548, 0.2007, 0.2048, 0.1851], [0.3748, 0.4018, 0.4744, 0.4556, 0.4221], [0.5922, 0.5962, 0.5930, 0.5898, 0.5961], [0.6061000227928162, 0.6146000027656555, 0.6110000014305115, 0.6126999855041504, 0.6140999794006348]], "times": [[4550.696681261063, 4552.716508626938, 4558.564069271088, 4558.3526430130005, 4565.929199695587], [5080.430623531342, 5072.713808298111, 5077.749487400055, 5084.4729125499725, 5080.793539047241], [7080.430623531342, 7072.713808298111, 7077.749487400055, 7084.4729125499725, 7080.793539047241], [10705.27500462532, 10676.818033218384, 10691.457102537155, 10679.590814352036, 10707.55339717865]]}}]}