{"cifar100_densenet_r_0.0005": [{"regularization": 0.0005, "reps": 5, "classification": {"n_features": [153, 307, 768, 1536], "accuracy": [[0.40799999237060547, 0.4336000084877014, 0.4223000109195709, 0.4332999885082245, 0.4375], [0.5515000224113464, 0.5467000007629395, 0.5569000244140625, 0.5468999743461609, 0.5277000069618225], [0.6704999804496765, 0.6729999780654907, 0.6700999736785889, 0.6680999994277954, 0.6638000011444092], [0.7023000121116638, 0.6958000063896179, 0.7081000208854675, 0.6937000155448914, 0.6991000175476074]], "times": [[1441.9344370365143, 1487.3431465625763, 1589.5037672519684, 1495.1538915634155, 1445.4097347259521], [1594.7854070663452, 1598.602602481842, 1596.102608680725, 1598.1120808124542, 1538.4716732501984], [1591.0298302173615, 1590.3258728981018, 1497.408896446228, 1593.9754836559296, 1442.1778645515442], [1237.220355272293, 1589.7114531993866, 1591.924420118332, 1599.8696253299713, 1603.678521156311]]}}]}