{"cifar100_densenet_r_0.0005": [{"regularization": 0.0005, "reps": 5, "classification": {"n_features": [153, 307, 768, 1536], "accuracy": [[0.24089999496936798, 0.19740000367164612, 0.24079999327659607, 0.22709999978542328, 0.25450000166893005], [0.3346000015735626, 0.302700012922287, 0.33640000224113464, 0.30160000920295715, 0.3239000141620636], [0.4300000071525574, 0.43070000410079956, 0.4169999957084656, 0.42320001125335693, 0.4361000061035156], [0.5162000060081482, 0.5167999863624573, 0.5058000087738037, 0.5020999908447266, 0.4918999969959259]], "times": [10125.981596946716, 10202.777035236359, 10181.262291193008, 10246.082438707352, 10316.14714717865]}}]}