{"cifar100_densenet_r_0.0005": [{"regularization": 0.0005, "reps": 5, "classification": {"n_features": [153, 307, 768, 1536], "accuracy": [[0.40630000829696655, 0.40959998965263367, 0.4185999929904938, 0.4153999984264374, 0.4140999913215637], [0.4934000074863434, 0.5073999762535095, 0.5121999979019165, 0.5065000057220459, 0.503000020980835], [0.6014000177383423, 0.5878999829292297, 0.6018000245094299, 0.6029999852180481, 0.5974000096321106], [0.6658999919891357, 0.6676999926567078, 0.6679999828338623, 0.6769000291824341, 0.6626999974250793]], "times": [781.577180147171, 778.3565578460693, 779.1231970787048, 779.9471440315247, 780.8939108848572]}}]}