{"cifar100_densenet_r_0.0005": [{"regularization": 0.0005, "reps": 5, "classification": {"n_features": [153, 307, 768, 1536], "accuracy": [[0.24040000140666962, 0.25040000677108765, 0.2816999852657318, 0.27140000462532043, 0.2485000044107437], [0.18060000240802765, 0.28679999709129333, 0.2962999939918518, 0.3188000023365021, 0.2822999954223633], [0.3831999897956848, 0.43720000982284546, 0.4092999994754791, 0.4129999876022339, 0.39890000224113464], [0.4690999984741211, 0.4742000102996826, 0.5019999742507935, 0.4781999886035919, 0.4535999894142151]], "times": [9193.177193880081, 9239.524123191833, 9275.385961055756, 9189.889348983765, 9280.55283665657]}}]}