{"cifar100_densenet_r_0.0005": [{"regularization": 0.0005, "reps": 5, "classification": {"n_features": [153, 307, 768, 1536], "accuracy": [[0.49939998984336853, 0.5012000203132629, 0.4966000020503998, 0.49059998989105225, 0.49630001187324524], [0.5845000147819519, 0.593500018119812, 0.593500018119812, 0.5935999751091003, 0.5909000039100647], [0.6672999858856201, 0.6704000234603882, 0.6650000214576721, 0.6696000099182129, 0.6708999872207642], [0.6988000273704529, 0.7002000212669373, 0.6974999904632568, 0.7049999833106995, 0.7002000212669373]], "times": [[1194.0572199821472, 1093.7510554790497, 1292.3581855297089, 1141.7613689899445, 1343.893183708191], [881.339396238327, 936.1054763793945, 935.2508568763733, 938.7341539859772, 1038.942940235138], [628.6881971359253, 628.161908864975, 681.0134701728821, 681.1124260425568, 682.0406718254089], [473.9132797718048, 526.4313049316406, 472.3747546672821, 471.53876543045044, 524.4023125171661]]}}]}