{"cifar100_efficientnetB0_r_0.0005": [{"regularization": 0.0005, "reps": 5, "classification": {"n_features": [153, 307, 768, 1536], "accuracy": [[0.29829999804496765, 0.3082999885082245, 0.3122999966144562, 0.3095000088214874, 0.3093000054359436], [0.39259999990463257, 0.3864000141620636, 0.3982999920845032, 0.37139999866485596, 0.3677999973297119], [0.4902999997138977, 0.48399999737739563, 0.48649999499320984, 0.4909999966621399, 0.47600001096725464], [0.5436000227928162, 0.5449000000953674, 0.5401999950408936, 0.5450999736785889, 0.5461999773979187]], "times": [206.08371949195862, 200.932363986969, 201.47462606430054, 200.41981530189514, 201.13797068595886]}}]}