{"cifar100_efficientnetB0_r_0.0005": [{"regularization": 0.0005, "reps": 5, "classification": {"n_features": [153, 307, 768, 1536], "accuracy": [[0.031599998474121094, 0.01850000023841858, 0.0544000007212162, 0.02759999968111515, 0.1316000074148178], [0.04410000145435333, 0.1031000018119812, 0.023800000548362732, 0.034299999475479126, 0.0215000007301569], [0.3603000044822693, 0.35569998621940613, 0.13359999656677246, 0.3093000054359436, 0.27250000834465027], [0.4593999981880188, 0.4812999963760376, 0.45649999380111694, 0.49540001153945923, 0.4832000136375427]], "times": [1502.770661830902, 1495.6384541988373, 1478.039980173111, 1472.3929007053375, 1468.80291056633]}}]}