{"cifar100_efficientnetB0_r_0.0005": [{"regularization": 0.0005, "reps": 5, "classification": {"n_features": [153, 307, 768, 1536], "accuracy": [[0.15279999375343323, 0.09279999881982803, 0.1459999978542328, 0.2345000058412552, 0.02459999918937683], [0.20149999856948853, 0.05739999935030937, 0.12849999964237213, 0.08349999785423279, 0.09269999712705612], [0.3953999876976013, 0.3937999904155731, 0.3260999917984009, 0.3977999985218048, 0.3273000121116638], [0.48840001225471497, 0.49559998512268066, 0.4796999990940094, 0.4860999882221222, 0.47929999232292175]], "times": [1409.9871265888214, 1429.4237759113312, 1450.7794435024261, 1435.320373058319, 1415.4593389034271]}}]}