{"cifar100_efficientnetB0_r_0.0005": [{"regularization": 0.0005, "reps": 5, "classification": {"n_features": [153, 307, 768, 1536], "accuracy": [[0.10580000281333923, 0.1185000017285347, 0.1606999933719635, 0.17550000548362732, 0.09210000187158585], [0.27959999442100525, 0.1860000044107437, 0.11789999902248383, 0.24660000205039978, 0.22020000219345093], [0.35850000381469727, 0.3357999920845032, 0.36309999227523804, 0.32089999318122864, 0.3797000050544739], [0.4844000041484833, 0.46810001134872437, 0.45719999074935913, 0.4374000132083893, 0.47450000047683716]], "model_accuracy": [[0.09989999979734421, 0.07400000095367432, 0.04390000179409981, 0.03790000081062317, 0.06530000269412994], [0.17219999432563782, 0.14990000426769257, 0.15399999916553497, 0.12439999729394913, 0.17229999601840973], [0.21770000457763672, 0.2935999929904938, 0.2904999852180481, 0.27810001373291016, 0.2612000107765198]], "times": [[1383.852492570877, 1382.2102675437927, 1362.3620462417603, 1371.2506320476532, 1377.6319723129272], [1914.8247961997986, 1917.1129891872406, 1922.2347044944763, 1918.552218914032, 1915.4908328056335], [3501.979470014572, 3498.0097613334656, 3504.6839833259583, 3494.119460582733, 3493.7314693927765]]}}, {"regularization": 0.0005, "reps": 5, "classification": {"n_features": [153, 307, 768], "accuracy": [[0.0714000016450882, 0.17180000245571136, 0.14869999885559082, 0.16249999403953552, 0.15770000219345093], [0.23240000009536743, 0.1518000066280365, 0.22280000150203705, 0.25519999861717224, 0.2615000009536743], [0.39730000495910645, 0.3725000023841858, 0.36730000376701355, 0.3865000009536743, 0.3982999920845032]], "model_accuracy": [[0.09200000017881393, 0.049400001764297485, 0.09790000319480896, 0.04019999876618385, 0.04729999974370003], [0.1826000064611435, 0.17910000681877136, 0.15610000491142273, 0.14470000565052032, 0.16509999334812164], [0.2282000035047531, 0.27639999985694885, 0.2815999984741211, 0.29919999837875366, 0.30820000171661377], [0.3919999897480011, 0.39559999108314514, 0.38690000772476196, 0.3573000133037567, 0.3506999909877777]], "times": [[1330.4500966072083, 1330.485407114029, 1320.8970894813538, 1320.3897001743317, 1339.2746345996857], [1912.9915564060211, 1913.036854982376, 1905.1918375492096, 1905.571248292923, 1921.6630392074585], [3466.5807077884674, 3477.6480689048767, 3470.0708537101746, 3476.404472589493, 3476.6646847724915], [7060.42303442955, 7057.807072401047, 7045.572870969772, 7050.809856176376, 7027.994821071625]]}}]}