{"cifar100_efficientnetB0_r_0.0005": [{"regularization": 0.0005, "reps": 5, "classification": {"n_features": [153, 307, 768, 1536], "accuracy": [[0.2727000117301941, 0.259799987077713, 0.2775000035762787, 0.27390000224113464, 0.2587999999523163], [0.3822000026702881, 0.4092999994754791, 0.39410001039505005, 0.388700008392334, 0.3880000114440918], [0.5159000158309937, 0.5142999887466431, 0.5127999782562256, 0.5195000171661377, 0.5214999914169312], [0.5601999759674072, 0.5622000098228455, 0.5558000206947327, 0.5579000115394592, 0.5633999705314636]], "times": [[356.07431650161743, 341.2473874092102, 355.19848012924194, 351.192223072052, 341.00970935821533], [330.33509039878845, 318.6097671985626, 330.482670545578, 318.8167521953583, 319.3343358039856], [330.53356313705444, 331.8103446960449, 319.9836905002594, 321.71096777915955, 330.88181352615356], [318.0907611846924, 307.34019207954407, 307.4176781177521, 307.7045340538025, 320.5975766181946]]}}]}