{"cifar100_efficientnetB0_r_0.0005": [{"regularization": 0.0005, "reps": 5, "classification": {"n_features": [153, 307, 768, 1536], "accuracy": [[0.3668000102043152, 0.36399999260902405, 0.37049999833106995, 0.3822999894618988, 0.36579999327659607], [0.4643999934196472, 0.4632999897003174, 0.4668000042438507, 0.4690000116825104, 0.4618000090122223], [0.5351999998092651, 0.5324000120162964, 0.5364999771118164, 0.5371999740600586, 0.5361999869346619], [0.559499979019165, 0.564300000667572, 0.5629000067710876, 0.5649999976158142, 0.5648999810218811]], "times": [[308.22763419151306, 290.57552790641785, 324.5128195285797, 278.1383376121521, 279.45774030685425], [233.60788321495056, 246.00328016281128, 234.30533814430237, 245.33711504936218, 247.20571994781494], [166.72815227508545, 166.5658118724823, 166.83968424797058, 166.97056031227112, 167.3340003490448], [121.18384957313538, 121.31904363632202, 121.80483770370483, 121.87441229820251, 122.31483769416809]]}}]}