{"cifar100_wrn164_r_0.0005": [{"regularization": 0.0005, "reps": 5, "classification": {"n_features": [153, 307, 768, 1536], "accuracy": [[0.4136, 0.4145, 0.4079, 0.4021, 0.4117], [0.5065, 0.5093, 0.5053, 0.5065, 0.4979], [0.5844, 0.5871, 0.5889, 0.5806, 0.5909], [0.6587, 0.6621, 0.6697, 0.6567, 0.6641]], "times": [294.44471526145935, 293.9585511684418, 294.43468284606934, 293.98387026786804, 294.2903735637665]}}]}