{"cifar100_wrn164_r_0.0005": [{"regularization": 0.0005, "reps": 5, "classification": {"n_features": [153, 307, 768, 1536], "accuracy": [[0.3563, 0.3506, 0.3558, 0.3542, 0.3641], [0.4396, 0.4358, 0.4372, 0.4447, 0.4445], [0.5471, 0.5444, 0.5452, 0.5397, 0.541], [0.6242, 0.6241, 0.6262, 0.6271, 0.6266]], "model_accuracy": [[0.3811, 0.3869, 0.3914, 0.3805, 0.3908], [0.4749, 0.4858, 0.4892, 0.4807, 0.4808], [0.5555, 0.5506, 0.5532, 0.5567, 0.5601], [0.6000, 0.6012, 0.5963, 0.6005, 0.6074]], "times": [[3242.7733767032623], [4515.7888288497925], [8363.388590812683], [14838.435963392258]]}}]}