{"cifar100_wrn164_r_0.0005": [{"regularization": 0.0005, "reps": 5, "classification": {"n_features": [153, 307, 768, 1536], "accuracy": [[0.407, 0.4018, 0.4083, 0.4049, 0.4163], [0.5059, 0.5071, 0.5119, 0.5204, 0.5148], [0.6094, 0.6089, 0.6095, 0.6111, 0.6125], [0.6591, 0.6657, 0.6654, 0.6675, 0.6564]], "times": [456.62075686454773, 474.9998698234558, 475.64171600341797, 457.5344731807709, 476.43736004829407]}}]}