{"cifar100_wrn164_r_0.0005": [{"regularization": 0.0005, "reps": 5, "classification": {"n_features": [153, 307, 768, 1536], "accuracy": [[0.4753, 0.4777, 0.4374, 0.4301, 0.4619], [0.5581, 0.565, 0.56, 0.5572, 0.5595], [0.6645, 0.6589, 0.6676, 0.667, 0.6659], [0.7021, 0.7012, 0.7024, 0.6999, 0.702]], "times": [[579.8593940734863, 596.6265077590942, 558.9597125053406, 597.224534034729, 597.0333981513977], [578.0992577075958, 578.6006288528442, 559.2709538936615, 577.8996615409851, 597.5382103919983], [443.895694732666, 463.2488627433777, 462.628048658371, 462.74507546424866, 443.01248049736023], [596.6118865013123, 597.1955347061157, 579.0031056404114, 597.4220757484436, 597.4237577915192]]}}, {"regularization": 0.0005, "reps": 10, "classification": {"n_features": [153, 307, 768, 1536], "accuracy": [[0.4572, 0.4654, 0.4351, 0.4404, 0.4616, 0.4527, 0.4405, 0.4453, 0.4573, 0.4484], [0.5622, 0.5605, 0.5692, 0.5602, 0.5696, 0.567, 0.5647, 0.568, 0.5628, 0.5681], [0.6639, 0.659, 0.6583, 0.6656, 0.6644, 0.6615, 0.6625, 0.6615, 0.6616, 0.6673], [0.6999, 0.7013, 0.701, 0.6994, 0.6981, 0.6964, 0.6959, 0.698, 0.698, 0.7065]], "times": [[543.7261726856232, 546.2595992088318, 545.8116476535797, 510.01550221443176, 564.3913431167603, 565.4581894874573, 565.5757513046265, 547.5132813453674, 548.5190577507019, 566.9922637939453], [531.922952413559, 549.5950884819031, 531.7314119338989, 549.1155309677124, 567.8984293937683, 531.848619222641, 530.7852218151093, 549.5558369159698, 549.6200847625732, 531.4992134571075], [477.0423138141632, 440.55868005752563, 440.5648593902588, 458.73698115348816, 494.45734572410583, 440.0830092430115, 495.28828144073486, 457.8921866416931, 421.9848458766937, 440.30129957199097], [566.3378491401672, 566.4138894081116, 566.2321043014526, 566.3538665771484, 566.2703530788422, 566.5011601448059, 566.4170117378235, 566.5021555423737, 567.2956478595734, 566.2850472927094]]}}]}