{"cifar100_wrn164_r_0.0005": [{"regularization": 0.0005, "reps": 5, "classification": {"n_features": [153, 307, 768, 1536], "accuracy": [[0.4753, 0.4777, 0.4374, 0.4301, 0.4619], [0.5581, 0.565, 0.56, 0.5572, 0.5595], [0.6645, 0.6589, 0.6676, 0.667, 0.6659], [0.7021, 0.7012, 0.7024, 0.6999, 0.702]], "times": [[579.8593940734863, 596.6265077590942, 558.9597125053406, 597.224534034729, 597.0333981513977], [578.0992577075958, 578.6006288528442, 559.2709538936615, 577.8996615409851, 597.5382103919983], [443.895694732666, 463.2488627433777, 462.628048658371, 462.74507546424866, 443.01248049736023], [596.6118865013123, 597.1955347061157, 579.0031056404114, 597.4220757484436, 597.4237577915192]]}}]}