{"cifar100_wrn164_r_0.0005": [{"regularization": 0.0005, "reps": 5, "classification": {"n_features": [153, 307, 768, 1536], "accuracy": [[0.4999, 0.5007, 0.496, 0.5034, 0.5071], [0.5872, 0.5807, 0.5806, 0.5878, 0.5825], [0.6646, 0.6627, 0.6574, 0.6605, 0.6627], [0.7015, 0.6937, 0.6956, 0.6971, 0.6949]], "times": [[349.84708523750305, 346.96877121925354, 328.0423927307129, 347.8817563056946, 347.26149344444275], [328.7435784339905, 328.4355390071869, 329.5249390602112, 328.13602924346924, 328.233815908432], [271.04830598831177, 270.46976113319397, 270.2538962364197, 270.7549774646759, 270.3555414676666], [194.3561828136444, 194.58479523658752, 214.26905798912048, 194.23642468452454, 195.5441677570343]]}}, {"regularization": 0.0005, "reps": 10, "classification": {"n_features": [153, 307, 768, 1536], "accuracy": [[0.5003, 0.5052, 0.4959, 0.5003, 0.5033, 0.4969, 0.5077, 0.5013, 0.4992, 0.5003], [0.5898, 0.5809, 0.5836, 0.5858, 0.5846, 0.5944, 0.5884, 0.5837, 0.5879, 0.5825], [0.6605, 0.66, 0.6571, 0.6555, 0.6603, 0.6645, 0.6669, 0.6571, 0.6566, 0.6644], [0.6917, 0.6951, 0.6973, 0.6909, 0.6932, 0.6901, 0.6962, 0.6966, 0.6942, 0.6886]], "times": [[330.2321403026581, 329.8905756473541, 329.87505984306335, 330.5516691207886, 330.19119238853455, 329.9771132469177, 330.23479676246643, 329.93921875953674, 348.11106038093567, 330.32746839523315], [311.94926714897156, 311.8559219837189, 330.32362031936646, 330.20055770874023, 312.15335988998413, 348.7482240200043, 312.7002856731415, 331.6318168640137, 312.5903980731964, 296.2997624874115], [259.30160331726074, 258.5361659526825, 258.60994839668274, 258.37730145454407, 258.8296248912811, 258.57837677001953, 258.8669590950012, 259.32576036453247, 258.38952016830444, 258.5700116157532], [185.71778416633606, 185.56307125091553, 185.3624119758606, 185.6026463508606, 185.36657905578613, 185.58327054977417, 185.93477034568787, 187.24620747566223, 185.77667260169983, 185.9004294872284]]}}]}