{"cifar100_wrn164_r_0.0005": [{"regularization": 0.0005, "reps": 5, "classification": {"n_features": [153, 307, 768, 1536], "accuracy": [[0.4999, 0.5007, 0.496, 0.5034, 0.5071], [0.5872, 0.5807, 0.5806, 0.5878, 0.5825], [0.6646, 0.6627, 0.6574, 0.6605, 0.6627], [0.7015, 0.6937, 0.6956, 0.6971, 0.6949]], "times": [[349.84708523750305, 346.96877121925354, 328.0423927307129, 347.8817563056946, 347.26149344444275], [328.7435784339905, 328.4355390071869, 329.5249390602112, 328.13602924346924, 328.233815908432], [271.04830598831177, 270.46976113319397, 270.2538962364197, 270.7549774646759, 270.3555414676666], [194.3561828136444, 194.58479523658752, 214.26905798912048, 194.23642468452454, 195.5441677570343]]}}]}