{"kernel": "linear", "reps": 1, "classification": {"mus": [2.0833333333333335], "accuracy": [[0.9583333134651184, 0.9583333134651184, 1.0, 0.9166666865348816, 0.9583333134651184, 1.0, 0.9583333134651184, 0.9583333134651184, 0.9583333134651184, 1.0, 0.9583333134651184, 0.9166666865348816, 1.0, 1.0, 0.9166666865348816, 1.0, 0.8333333134651184, 1.0, 0.9583333134651184, 1.0, 0.8333333134651184, 0.9583333134651184, 1.0, 0.9583333134651184, 0.9166666865348816, 0.9583333134651184, 1.0, 0.875, 0.9583333134651184, 0.9583333134651184, 1.0, 1.0, 0.9166666865348816, 1.0, 0.9166666865348816, 0.9583333134651184, 0.9166666865348816, 0.9166666865348816, 1.0, 0.9166666865348816, 1.0, 0.9583333134651184, 1.0, 1.0, 0.9166666865348816, 1.0, 0.9583333134651184, 0.9583333134651184, 0.9583333134651184, 1.0, 0.9583333134651184, 1.0, 0.9166666865348816, 1.0, 0.9583333134651184, 0.9583333134651184, 0.9166666865348816, 1.0, 0.9583333134651184, 0.8333333134651184]], "mean_accuracy": [0.957638884584109], "svc_accuracy": [[100.0, 100.0, 87.5, 100.0, 95.83333333333333, 91.66666666666667, 91.66666666666667, 95.83333333333333, 95.83333333333333, 100.0, 95.83333333333333, 95.83333333333333, 95.83333333333333, 91.66666666666667, 91.66666666666667, 100.0, 87.5, 95.83333333333333, 100.0, 91.66666666666667, 91.66666666666667, 95.83333333333333, 95.83333333333333, 91.66666666666667, 95.83333333333333, 95.83333333333333, 95.83333333333333, 91.66666666666667, 91.66666666666667, 100.0, 91.66666666666667, 95.83333333333333, 87.5, 100.0, 95.83333333333333, 91.66666666666667, 95.83333333333333, 91.66666666666667, 91.66666666666667, 91.66666666666667, 91.66666666666667, 95.83333333333333, 95.83333333333333, 95.83333333333333, 91.66666666666667, 100.0, 95.83333333333333, 91.66666666666667, 100.0, 95.83333333333333, 95.83333333333333, 95.83333333333333, 91.66666666666667, 95.83333333333333, 95.83333333333333, 95.83333333333333, 95.83333333333333, 95.83333333333333, 95.83333333333333, 91.66666666666667]], "mean_svc_accuracy": [94.79166666666666], "BA": [[0.9375, 0.9375, 1.0, 0.875, 0.9375, 1.0, 0.9375, 0.9375, 0.9444444179534912, 1.0, 0.9375, 0.8888888955116272, 1.0, 1.0, 0.8888888955116272, 1.0, 0.75, 1.0, 0.9375, 1.0, 0.7777777910232544, 0.9375, 1.0, 0.9444444179534912, 0.875, 0.9375, 1.0, 0.8125, 0.9375, 0.9444444179534912, 1.0, 1.0, 0.8888888955116272, 1.0, 0.875, 0.9444444179534912, 0.875, 0.875, 1.0, 0.875, 1.0, 0.9444444179534912, 1.0, 1.0, 0.8888888955116272, 1.0, 0.9375, 0.9444444179534912, 0.9375, 1.0, 0.9444444179534912, 1.0, 0.875, 1.0, 0.9375, 0.9375, 0.8888888955116272, 1.0, 0.9375, 0.7777777910232544]], "mean_BA": [0.9393518497546514], "auc": [[0.953125, 1.0, 1.0, 1.0, 0.9453125, 1.0, 0.9921875, 1.0, 1.0, 1.0, 0.9921875, 1.0, 1.0, 1.0, 0.9333333333333332, 1.0, 0.9765625, 1.0, 1.0, 1.0, 0.9333333333333333, 1.0, 1.0, 0.9777777777777777, 0.9765625, 1.0, 1.0, 0.921875, 1.0, 1.0, 1.0, 1.0, 0.9037037037037037, 1.0, 1.0, 0.9851851851851852, 1.0, 0.984375, 1.0, 0.9609375, 1.0, 1.0, 1.0, 1.0, 0.9481481481481481, 1.0, 1.0, 0.9703703703703703, 1.0, 1.0, 0.9481481481481481, 1.0, 0.96875, 1.0, 1.0, 0.953125, 1.0, 1.0, 1.0, 0.9481481481481481]], "mean_auc": [0.9862191358024691], "svc_BA": [[1.0, 1.0, 0.8999999761581421, 1.0, 0.96875, 0.9333333373069763, 0.90625, 0.96875, 0.9666666984558105, 1.0, 0.96875, 0.9666666984558105, 0.96875, 0.9375, 0.9111111164093018, 1.0, 0.875, 0.9666666984558105, 1.0, 0.9375, 0.9111111164093018, 0.96875, 0.96875, 0.9111111164093018, 0.96875, 0.96875, 0.9666666984558105, 0.90625, 0.9375, 1.0, 0.9375, 0.96875, 0.8777778148651123, 1.0, 0.96875, 0.9333333373069763, 0.96875, 0.90625, 0.9333333373069763, 0.90625, 0.9375, 0.9666666984558105, 0.96875, 0.96875, 0.9111111164093018, 1.0, 0.96875, 0.9333333373069763, 1.0, 0.96875, 0.9444444179534912, 0.96875, 0.90625, 0.9666666984558105, 0.96875, 0.9375, 0.9666666984558105, 0.96875, 0.96875, 0.9111111164093018]], "svc_mean_BA": [0.9535879671573639], "svc_auc": [[1.0, 1.0, 1.0, 1.0, 0.9921875, 1.0, 0.9921875, 1.0, 1.0, 1.0, 0.9765625, 1.0, 1.0, 1.0, 0.9851851851851852, 1.0, 0.9609375, 1.0, 1.0, 1.0, 0.9925925925925926, 1.0, 1.0, 0.9925925925925926, 0.9921875, 1.0, 1.0, 0.9453125, 1.0, 1.0, 1.0, 0.9921875, 0.9629629629629629, 1.0, 1.0, 0.9851851851851852, 0.9921875, 0.984375, 1.0, 0.984375, 1.0, 1.0, 1.0, 1.0, 0.9703703703703703, 1.0, 1.0, 0.9851851851851852, 1.0, 0.9921875, 0.9925925925925926, 1.0, 0.9921875, 1.0, 1.0, 0.9921875, 1.0, 0.9921875, 1.0, 0.9777777777777777]], "svc_mean_auc": [0.993761574074074], "fs_time": [[]]}}