{"reps": 1, "classification": {"mus": [2.0833333333333335, 2.0833333333333335, 2.0833333333333335, 2.0833333333333335, 2.0833333333333335], "n_features": [10, 50, 100, 150, 200], "accuracy": [[0.5, 0.5, 0.5, 0.5, 0.5, 0.5, 0.5, 0.5, 0.5, 0.5, 0.5, 0.5, 0.5, 0.5, 0.5, 0.5, 0.5, 0.5, 0.5, 0.5, 0.5, 0.5, 0.5, 0.5, 0.5, 0.5, 0.5, 0.5, 0.5, 0.5, 0.5, 0.5, 0.5, 0.5, 0.5, 0.5, 0.5, 0.5, 0.5, 0.5, 0.5, 0.5, 0.5, 0.5, 0.5, 0.5, 0.5, 0.5, 0.5, 0.5, 0.5, 0.5, 0.5, 0.5, 0.5, 0.5, 0.5, 0.5, 0.5, 0.5], [0.5, 0.5, 0.5, 0.5, 0.5, 0.5, 0.5, 0.5, 0.5, 0.5, 0.5, 0.5, 0.5, 0.5, 0.5, 0.5, 0.5, 0.5, 0.5, 0.5, 0.5, 0.5, 0.5, 0.5, 0.5, 0.5, 0.5, 0.5, 0.5, 0.5, 0.5, 0.5, 0.5, 0.5, 0.5, 0.5, 0.5, 0.5, 0.5, 0.5, 0.5, 0.5, 0.5, 0.5, 0.5, 0.5, 0.5, 0.5, 0.5, 0.5, 0.5, 0.5, 0.5, 0.5, 0.5, 0.5, 0.5, 0.5, 0.5, 0.5], [0.5, 0.5, 0.5, 0.5, 0.5, 0.5, 0.5, 0.5, 0.5, 0.5, 0.5, 0.5, 0.5, 0.5, 0.5, 0.5, 0.5, 0.5, 0.5, 0.5, 0.5, 0.5, 0.5, 0.5, 0.5, 0.5, 0.5, 0.5, 0.5, 0.5, 0.5, 0.5, 0.5, 0.5, 0.5, 0.5, 0.5, 0.5, 0.5, 0.5, 0.5, 0.5, 0.5, 0.5, 0.5, 0.5, 0.5, 0.5, 0.5, 0.5, 0.5, 0.5, 0.5, 0.5, 0.5, 0.5, 0.5, 0.5, 0.5, 0.5], [0.5, 0.5, 0.5, 0.5, 0.5, 0.5, 0.5, 0.5, 0.5, 0.5, 0.5, 0.5, 0.5, 0.5, 0.5, 0.5, 0.5, 0.5, 0.5, 0.5, 0.5, 0.5, 0.5, 0.5, 0.5, 0.5, 0.5, 0.5, 0.5, 0.5, 0.5, 0.5, 0.5, 0.5, 0.5, 0.5, 0.5, 0.5, 0.5, 0.5, 0.5, 0.5, 0.5, 0.5, 0.5, 0.5, 0.5, 0.5, 0.5, 0.5, 0.5, 0.5, 0.5, 0.5, 0.5, 0.5, 0.5, 0.5, 0.5, 0.5], [0.5, 0.5, 0.5, 0.5, 0.5, 0.5, 0.5, 0.5, 0.5, 0.5, 0.5, 0.5, 0.5, 0.5, 0.5, 0.5, 0.5, 0.5, 0.5, 0.5, 0.5, 0.5, 0.5, 0.5, 0.5, 0.5, 0.5, 0.5, 0.5, 0.5, 0.5, 0.5, 0.5, 0.5, 0.5, 0.5, 0.5, 0.5, 0.5, 0.5, 0.5, 0.5, 0.5, 0.5, 0.5, 0.5, 0.5, 0.5, 0.5, 0.5, 0.5, 0.5, 0.5, 0.5, 0.5, 0.5, 0.5, 0.5, 0.5, 0.5]], "mean_accuracy": [0.5, 0.5, 0.5, 0.5, 0.5], "svc_accuracy": [[100.0, 100.0, 91.66666666666667, 95.83333333333333, 95.83333333333333, 95.83333333333333, 95.83333333333333, 95.83333333333333, 95.83333333333333, 95.83333333333333, 95.83333333333333, 95.83333333333333, 91.66666666666667, 91.66666666666667, 95.83333333333333, 100.0, 95.83333333333333, 91.66666666666667, 95.83333333333333, 91.66666666666667, 100.0, 95.83333333333333, 91.66666666666667, 100.0, 91.66666666666667, 100.0, 87.5, 91.66666666666667, 100.0, 100.0, 95.83333333333333, 95.83333333333333, 95.83333333333333, 95.83333333333333, 100.0, 91.66666666666667, 95.83333333333333, 100.0, 91.66666666666667, 95.83333333333333, 100.0, 95.83333333333333, 95.83333333333333, 95.83333333333333, 87.5, 95.83333333333333, 95.83333333333333, 91.66666666666667, 95.83333333333333, 91.66666666666667, 95.83333333333333, 100.0, 100.0, 87.5, 100.0, 100.0, 87.5, 95.83333333333333, 91.66666666666667, 95.83333333333333], [100.0, 100.0, 87.5, 95.83333333333333, 95.83333333333333, 91.66666666666667, 95.83333333333333, 91.66666666666667, 100.0, 95.83333333333333, 100.0, 95.83333333333333, 95.83333333333333, 95.83333333333333, 91.66666666666667, 100.0, 91.66666666666667, 87.5, 100.0, 91.66666666666667, 95.83333333333333, 100.0, 91.66666666666667, 100.0, 95.83333333333333, 100.0, 87.5, 91.66666666666667, 100.0, 100.0, 95.83333333333333, 95.83333333333333, 95.83333333333333, 100.0, 95.83333333333333, 91.66666666666667, 91.66666666666667, 95.83333333333333, 91.66666666666667, 95.83333333333333, 95.83333333333333, 95.83333333333333, 100.0, 95.83333333333333, 87.5, 95.83333333333333, 100.0, 87.5, 95.83333333333333, 91.66666666666667, 95.83333333333333, 95.83333333333333, 100.0, 87.5, 100.0, 100.0, 87.5, 95.83333333333333, 91.66666666666667, 91.66666666666667], [100.0, 100.0, 87.5, 100.0, 95.83333333333333, 91.66666666666667, 95.83333333333333, 91.66666666666667, 100.0, 95.83333333333333, 95.83333333333333, 91.66666666666667, 95.83333333333333, 95.83333333333333, 91.66666666666667, 100.0, 91.66666666666667, 91.66666666666667, 100.0, 91.66666666666667, 95.83333333333333, 100.0, 91.66666666666667, 91.66666666666667, 95.83333333333333, 100.0, 91.66666666666667, 87.5, 95.83333333333333, 100.0, 95.83333333333333, 95.83333333333333, 91.66666666666667, 100.0, 95.83333333333333, 91.66666666666667, 91.66666666666667, 95.83333333333333, 91.66666666666667, 95.83333333333333, 95.83333333333333, 95.83333333333333, 100.0, 91.66666666666667, 87.5, 100.0, 100.0, 87.5, 95.83333333333333, 87.5, 95.83333333333333, 95.83333333333333, 100.0, 87.5, 100.0, 100.0, 91.66666666666667, 95.83333333333333, 95.83333333333333, 91.66666666666667], [100.0, 100.0, 87.5, 100.0, 95.83333333333333, 91.66666666666667, 91.66666666666667, 91.66666666666667, 95.83333333333333, 95.83333333333333, 95.83333333333333, 91.66666666666667, 95.83333333333333, 95.83333333333333, 91.66666666666667, 100.0, 91.66666666666667, 91.66666666666667, 100.0, 91.66666666666667, 95.83333333333333, 100.0, 91.66666666666667, 91.66666666666667, 91.66666666666667, 100.0, 91.66666666666667, 87.5, 91.66666666666667, 100.0, 95.83333333333333, 95.83333333333333, 87.5, 100.0, 95.83333333333333, 91.66666666666667, 91.66666666666667, 91.66666666666667, 91.66666666666667, 95.83333333333333, 95.83333333333333, 95.83333333333333, 95.83333333333333, 95.83333333333333, 87.5, 100.0, 100.0, 87.5, 95.83333333333333, 87.5, 95.83333333333333, 95.83333333333333, 100.0, 87.5, 95.83333333333333, 95.83333333333333, 91.66666666666667, 95.83333333333333, 95.83333333333333, 91.66666666666667], [100.0, 100.0, 87.5, 100.0, 91.66666666666667, 91.66666666666667, 91.66666666666667, 91.66666666666667, 95.83333333333333, 95.83333333333333, 95.83333333333333, 91.66666666666667, 95.83333333333333, 95.83333333333333, 91.66666666666667, 100.0, 91.66666666666667, 91.66666666666667, 100.0, 91.66666666666667, 95.83333333333333, 100.0, 91.66666666666667, 95.83333333333333, 95.83333333333333, 100.0, 91.66666666666667, 87.5, 91.66666666666667, 100.0, 95.83333333333333, 95.83333333333333, 87.5, 100.0, 95.83333333333333, 91.66666666666667, 91.66666666666667, 95.83333333333333, 91.66666666666667, 95.83333333333333, 95.83333333333333, 95.83333333333333, 100.0, 91.66666666666667, 87.5, 100.0, 100.0, 87.5, 95.83333333333333, 87.5, 95.83333333333333, 95.83333333333333, 95.83333333333333, 91.66666666666667, 91.66666666666667, 95.83333333333333, 91.66666666666667, 95.83333333333333, 95.83333333333333, 91.66666666666667]], "mean_svc_accuracy": [95.41666666666666, 95.13888888888889, 94.93055555555557, 94.375, 94.44444444444443],