{"kernel": "linear", "reps": 1, "classification": {"mus": [2.0833333333333335], "accuracy": [[0.9583333134651184, 0.9583333134651184, 1.0, 0.9166666865348816, 0.9583333134651184, 0.9583333134651184, 0.9166666865348816, 0.9583333134651184, 0.9583333134651184, 1.0, 0.7916666865348816, 1.0, 1.0, 1.0, 0.9166666865348816, 0.9583333134651184, 0.9166666865348816, 1.0, 0.9583333134651184, 0.875, 0.8333333134651184, 1.0, 1.0, 0.875, 0.9166666865348816, 0.9583333134651184, 1.0, 0.9166666865348816, 0.9583333134651184, 0.9583333134651184, 1.0, 1.0, 0.875, 1.0, 0.9583333134651184, 0.9166666865348816, 0.9166666865348816, 0.9583333134651184, 0.9583333134651184, 0.9166666865348816, 0.9583333134651184, 1.0, 1.0, 1.0, 0.9166666865348816, 1.0, 0.9583333134651184, 0.9583333134651184, 0.9583333134651184, 1.0, 0.9583333134651184, 1.0, 0.9166666865348816, 1.0, 0.9583333134651184, 0.9583333134651184, 0.9166666865348816, 0.9583333134651184, 1.0, 0.75]], "mean_accuracy": [0.9513888855775198], "svc_accuracy": [[100.0, 100.0, 87.5, 100.0, 95.83333333333333, 91.66666666666667, 91.66666666666667, 95.83333333333333, 95.83333333333333, 100.0, 95.83333333333333, 95.83333333333333, 95.83333333333333, 91.66666666666667, 91.66666666666667, 100.0, 87.5, 95.83333333333333, 100.0, 91.66666666666667, 91.66666666666667, 95.83333333333333, 95.83333333333333, 91.66666666666667, 95.83333333333333, 95.83333333333333, 95.83333333333333, 91.66666666666667, 91.66666666666667, 100.0, 91.66666666666667, 95.83333333333333, 87.5, 100.0, 95.83333333333333, 91.66666666666667, 95.83333333333333, 91.66666666666667, 91.66666666666667, 91.66666666666667, 91.66666666666667, 95.83333333333333, 95.83333333333333, 95.83333333333333, 91.66666666666667, 100.0, 95.83333333333333, 91.66666666666667, 100.0, 95.83333333333333, 95.83333333333333, 95.83333333333333, 91.66666666666667, 95.83333333333333, 95.83333333333333, 95.83333333333333, 95.83333333333333, 95.83333333333333, 95.83333333333333, 91.66666666666667]], "mean_svc_accuracy": [94.79166666666666], "BA": [[0.9375, 0.9375, 1.0, 0.875, 0.9375, 0.9444444179534912, 0.875, 0.9375, 0.9444444179534912, 1.0, 0.6875, 1.0, 1.0, 1.0, 0.8888888955116272, 0.9375, 0.875, 1.0, 0.9375, 0.8125, 0.7777777910232544, 1.0, 1.0, 0.8333333730697632, 0.875, 0.9375, 1.0, 0.875, 0.9375, 0.9444444179534912, 1.0, 1.0, 0.8333333730697632, 1.0, 0.9375, 0.8888888955116272, 0.875, 0.9375, 0.9444444179534912, 0.875, 0.9375, 1.0, 1.0, 1.0, 0.8888888955116272, 1.0, 0.9375, 0.9444444179534912, 0.9375, 1.0, 0.9444444179534912, 1.0, 0.875, 1.0, 0.9375, 0.9375, 0.8888888955116272, 0.96875, 1.0, 0.6666666865348816]], "mean_BA": [0.931076388557752], "mAP": [[0.9737703013897867, 1.0, 1.0, 1.0, 0.9680884832079686, 1.0, 0.9963235294117647, 1.0, 1.0, 1.0, 0.9963235294117647, 1.0, 1.0, 1.0, 0.94747520997521, 1.0, 0.9882506127450981, 1.0, 1.0, 1.0, 0.948243183831419, 1.0, 1.0, 0.9958333333333333, 0.9882506127450981, 1.0, 1.0, 0.954894038763524, 1.0, 1.0, 1.0, 1.0, 0.8760514866397219, 1.0, 1.0, 0.9866269841269841, 1.0, 0.9924172794117647, 1.0, 0.9789786347231201, 1.0, 1.0, 1.0, 1.0, 0.9632159507159506, 1.0, 1.0, 0.9814987789987789, 1.0, 1.0, 0.94747520997521, 1.0, 0.9882506127450981, 1.0, 1.0, 0.9737703013897867, 1.0, 1.0, 1.0, 0.9632159507159506]], "mean_mAP": [0.9901492337376222], "svc_BA": [[1.0, 1.0, 0.8999999761581421, 1.0, 0.96875, 0.9333333373069763, 0.90625, 0.96875, 0.9666666984558105, 1.0, 0.96875, 0.9666666984558105, 0.96875, 0.9375, 0.9111111164093018, 1.0, 0.875, 0.9666666984558105, 1.0, 0.9375, 0.9111111164093018, 0.96875, 0.96875, 0.9111111164093018, 0.96875, 0.96875, 0.9666666984558105, 0.90625, 0.9375, 1.0, 0.9375, 0.96875, 0.8777778148651123, 1.0, 0.96875, 0.9333333373069763, 0.96875, 0.90625, 0.9333333373069763, 0.90625, 0.9375, 0.9666666984558105, 0.96875, 0.96875, 0.9111111164093018, 1.0, 0.96875, 0.9333333373069763, 1.0, 0.96875, 0.9444444179534912, 0.96875, 0.90625, 0.9666666984558105, 0.96875, 0.9375, 0.9666666984558105, 0.96875, 0.96875, 0.9111111164093018]], "svc_mean_BA": [0.9535879671573639], "svc_mAP": [[1.0, 1.0, 1.0, 1.0, 0.9963235294117647, 1.0, 0.9963235294117647, 1.0, 1.0, 1.0, 0.9901315789473684, 1.0, 1.0, 1.0, 0.9913888888888889, 1.0, 0.9789786347231201, 1.0, 1.0, 1.0, 0.9958333333333333, 1.0, 1.0, 0.9958333333333333, 0.9963235294117647, 1.0, 1.0, 0.9680884832079686, 1.0, 1.0, 1.0, 0.9963235294117647, 0.9759432234432234, 1.0, 1.0, 0.9913888888888889, 0.9963235294117647, 0.9924172794117647, 1.0, 0.9924172794117647, 1.0, 1.0, 1.0, 1.0, 0.9814987789987789, 1.0, 1.0, 0.9913888888888889, 1.0, 0.9963235294117647, 0.9958333333333333, 1.0, 0.9963235294117647, 1.0, 1.0, 0.9963235294117647, 1.0, 0.9963235294117647, 1.0, 0.9866269841269841]], "svc_mean_mAP": [0.9965780112273921], "fs_time": [[]]}}