{"reps": 1, "classification": {"regularization": 0.001, "n_features": [5, 10, 15, 20], "accuracy": [[0.6428571428571429, 0.5635103926096998, 0.5762124711316398, 0.6751152073732719, 0.6131639722863741, 0.648960739030023, 0.5990783410138248, 0.7066974595842956, 0.710161662817552, 0.6693548387096774, 0.5173210161662818, 0.5866050808314087, 0.5714285714285714, 0.6697459584295612, 0.5600461893764435, 0.5841013824884793, 0.6939953810623557, 0.7609699769053118, 0.565668202764977, 0.5866050808314087, 0.6189376443418014, 0.6923963133640553, 0.5704387990762124, 0.7240184757505773, 0.6463133640552995, 0.6247113163972287, 0.6778290993071594, 0.6762672811059908, 0.6189376443418014, 0.5958429561200924, 0.5875576036866359, 0.6362586605080831, 0.5923787528868361, 0.7016129032258065, 0.5808314087759815, 0.6755196304849884, 0.5956221198156681, 0.6085450346420324, 0.7066974595842956, 0.5956221198156681, 0.7020785219399538, 0.6235565819861432, 0.5645161290322581, 0.5646651270207852, 0.7725173210161663, 0.5806451612903226, 0.5935334872979214, 0.7909930715935335, 0.5910138248847926, 0.6674364896073903, 0.6535796766743649, 0.6601382488479263, 0.7575057736720554, 0.6304849884526559, 0.586405529953917, 0.49884526558891457, 0.6616628175519631, 0.6612903225806451, 0.6581986143187067, 0.6593533487297921], [0.6175115207373272, 0.6778290993071594, 0.5831408775981525, 0.6255760368663594, 0.6720554272517321, 0.640877598152425, 0.6658986175115207, 0.6766743648960739, 0.640877598152425, 0.6105990783410138, 0.5369515011547344, 0.6212471131639723, 0.5679723502304147, 0.6385681293302541, 0.7782909930715936, 0.5806451612903226, 0.6316397228637414, 0.6651270207852193, 0.5829493087557603, 0.5646651270207852, 0.6385681293302541, 0.7626728110599078, 0.5935334872979214, 0.6939953810623557, 0.5956221198156681, 0.7055427251732102, 0.628175519630485, 0.6152073732718893, 0.6189376443418014, 0.5577367205542725, 0.6094470046082949, 0.6454965357967667, 0.6108545034642032, 0.6831797235023042, 0.6535796766743649, 0.6131639722863741, 0.5472350230414746, 0.6685912240184757, 0.6177829099307159, 0.5622119815668203, 0.7297921478060047, 0.5484988452655889, 0.5645161290322581, 0.6212471131639723, 0.6963048498845266, 0.5875576036866359, 0.5092378752886836, 0.6824480369515011, 0.673963133640553, 0.6697459584295612, 0.6200923787528868, 0.7050691244239631, 0.707852193995381, 0.6073903002309469, 0.6474654377880185, 0.6616628175519631, 0.640877598152425, 0.717741935483871, 0.6662817551963048, 0.6154734411085451], [0.6405529953917051, 0.651270207852194, 0.5866050808314087, 0.6221198156682027, 0.6247113163972287, 0.6039260969976905, 0.6889400921658986, 0.6570438799076213, 0.6235565819861432, 0.6463133640552995, 0.5092378752886836, 0.6674364896073903, 0.6382488479262672, 0.6085450346420324, 0.7240184757505773, 0.5794930875576036, 0.651270207852194, 0.6293302540415704, 0.5460829493087558, 0.5473441108545035, 0.5993071593533488, 0.6981566820276498, 0.6916859122401847, 0.6685912240184757, 0.6036866359447005, 0.7286374133949192, 0.5831408775981525, 0.6370967741935484, 0.5935334872979214, 0.5415704387990762, 0.5737327188940092, 0.6270207852193995, 0.6235565819861432, 0.6578341013824884, 0.5900692840646651, 0.5889145496535797, 0.5829493087557603, 0.6351039260969977, 0.6039260969976905, 0.5564516129032258, 0.6339491916859122, 0.5796766743648961, 0.5552995391705069, 0.6212471131639723, 0.6547344110854504, 0.5944700460829493, 0.6004618937644342, 0.6200923787528868, 0.6278801843317973, 0.6385681293302541, 0.6027713625866051, 0.6670506912442397, 0.7113163972286374, 0.628175519630485, 0.6497695852534562, 0.6547344110854504, 0.6200923787528868, 0.6981566820276498, 0.6374133949191686, 0.5796766743648961], [0.6394009216589862, 0.6431870669745958, 0.6096997690531177, 0.6071428571428571, 0.5900692840646651, 0.5808314087759815, 0.6140552995391705, 0.6674364896073903, 0.6039260969976905, 0.5806451612903226, 0.5404157043879908, 0.6224018475750578, 0.6290322580645161, 0.6073903002309469, 0.6697459584295612, 0.5529953917050692, 0.6316397228637414, 0.6339491916859122, 0.5691244239631337, 0.6235565819861432, 0.6108545034642032, 0.6624423963133641, 0.6466512702078522, 0.6304849884526559, 0.5887096774193549, 0.7263279445727483, 0.5623556581986143, 0.6221198156682027, 0.5831408775981525, 0.546189376443418, 0.5668202764976958, 0.6547344110854504, 0.625866050808314, 0.6370967741935484, 0.5715935334872979, 0.6339491916859122, 0.618663594470046, 0.6709006928406467, 0.6039260969976905, 0.5552995391705069, 0.6189376443418014, 0.5658198614318707, 0.6129032258064516, 0.6443418013856813, 0.6478060046189377, 0.586405529953917, 0.5831408775981525, 0.6073903002309469, 0.6486175115207373, 0.6004618937644342, 0.5762124711316398, 0.6232718894009217, 0.6893764434180139, 0.5866050808314087, 0.6071428571428571, 0.6177829099307159, 0.5935334872979214, 0.6117511520737328, 0.6824480369515011, 0.5635103926096998]], "mean_accuracy": [0.6351059659504121, 0.6345641631457022, 0.6234424832288574, 0.6133705296168976],