{"reps": 1, "classification": {"regularization": 0.001, "n_features": [5, 10, 15, 20], "accuracy": [[0.6877880184331797, 0.687066974595843, 0.707852193995381, 0.7096774193548387, 0.6939953810623557, 0.6501154734411085, 0.7407834101382489, 0.674364896073903, 0.7055427251732102, 0.7188940092165899, 0.7136258660508084, 0.6974595842956121, 0.7407834101382489, 0.684757505773672, 0.6720554272517321, 0.6923963133640553, 0.7286374133949192, 0.6420323325635104, 0.6785714285714286, 0.7217090069284064, 0.7448036951501155, 0.7073732718894009, 0.733256351039261, 0.7020785219399538, 0.684331797235023, 0.6177829099307159, 0.707852193995381, 0.6728110599078341, 0.7297921478060047, 0.663972286374134, 0.7246543778801844, 0.6824480369515011, 0.7136258660508084, 0.6716589861751152, 0.6778290993071594, 0.6882217090069284, 0.6762672811059908, 0.6651270207852193, 0.6339491916859122, 0.6935483870967742, 0.7009237875288684, 0.6778290993071594, 0.6474654377880185, 0.6963048498845266, 0.6732101616628176, 0.7085253456221198, 0.6755196304849884, 0.7286374133949192, 0.7246543778801844, 0.6951501154734411, 0.6916859122401847, 0.6751152073732719, 0.7263279445727483, 0.6628175519630485, 0.7350230414746544, 0.812933025404157, 0.6766743648960739, 0.6785714285714286, 0.7159353348729792, 0.6720554272517321], [0.8824884792626728, 0.8729792147806005, 0.8695150115473441, 0.8847926267281107, 0.8706697459584296, 0.851039260969977, 0.8894009216589862, 0.8810623556581986, 0.8568129330254042, 0.8709677419354839, 0.8579676674364896, 0.8683602771362586, 0.868663594470046, 0.8937644341801386, 0.894919168591224, 0.8640552995391705, 0.8348729792147807, 0.8498845265588915, 0.8444700460829493, 0.8764434180138568, 0.8926096997690531, 0.8905529953917051, 0.8937644341801386, 0.8602771362586605, 0.8294930875576036, 0.8983833718244804, 0.8903002309468823, 0.8767281105990783, 0.8845265588914549, 0.8695150115473441, 0.8755760368663594, 0.8672055427251733, 0.8648960739030023, 0.8214285714285714, 0.8729792147806005, 0.8648960739030023, 0.8859447004608295, 0.8418013856812933, 0.8891454965357968, 0.8836405529953917, 0.8787528868360277, 0.8533487297921478, 0.8767281105990783, 0.8822170900692841, 0.8833718244803695, 0.8721198156682027, 0.874133949191686, 0.8914549653579676, 0.8778801843317973, 0.825635103926097, 0.8891454965357968, 0.8905529953917051, 0.8695150115473441, 0.8602771362586605, 0.8675115207373272, 0.8845265588914549, 0.8521939953810623, 0.8917050691244239, 0.8845265588914549, 0.8845265588914549], [0.8605990783410138, 0.8545034642032333, 0.859122401847575, 0.8329493087557603, 0.8637413394919169, 0.8394919168591224, 0.8663594470046083, 0.8568129330254042, 0.8394919168591224, 0.8732718894009217, 0.8625866050808314, 0.8521939953810623, 0.8617511520737328, 0.8672055427251733, 0.8729792147806005, 0.826036866359447, 0.8383371824480369, 0.848729792147806, 0.8294930875576036, 0.8579676674364896, 0.8706697459584296, 0.8513824884792627, 0.9006928406466512, 0.8556581986143187, 0.8502304147465438, 0.8614318706697459, 0.8660508083140878, 0.8421658986175116, 0.8752886836027713, 0.859122401847575, 0.8721198156682027, 0.8521939953810623, 0.8048498845265589, 0.880184331797235, 0.859122401847575, 0.8371824480369515, 0.836405529953917, 0.859122401847575, 0.8706697459584296, 0.881336405529954, 0.859122401847575, 0.8625866050808314, 0.8341013824884793, 0.8556581986143187, 0.8602771362586605, 0.8582949308755761, 0.8683602771362586, 0.8614318706697459, 0.869815668202765, 0.8556581986143187, 0.8521939953810623, 0.8559907834101382, 0.8533487297921478, 0.848729792147806, 0.8859447004608295, 0.8314087759815243, 0.8325635103926097, 0.8744239631336406, 0.8614318706697459, 0.8441108545034642], [0.8076036866359447, 0.8048498845265589, 0.8036951501154734, 0.8191244239631337, 0.7979214780600462, 0.792147806004619, 0.8052995391705069, 0.7759815242494227, 0.8036951501154734, 0.7949308755760369, 0.7990762124711316, 0.8302540415704388, 0.8214285714285714, 0.8117782909930716, 0.8175519630484989, 0.7845622119815668, 0.8163972286374134, 0.7840646651270208, 0.7868663594470046, 0.8060046189376443, 0.8083140877598153, 0.7845622119815668, 0.8198614318706697, 0.7967667436489607, 0.7684331797235023, 0.7909930715935335, 0.8106235565819861, 0.7960829493087558, 0.7829099307159353, 0.8244803695150116, 0.8006912442396313, 0.8025404157043879, 0.8198614318706697, 0.8018433179723502, 0.8036951501154734, 0.8002309468822171, 0.7396313364055299, 0.812933025404157, 0.815242494226328, 0.8237327188940092, 0.8210161662817552, 0.792147806004619, 0.8179723502304147, 0.8233256351039261, 0.8198614318706697, 0.8052995391705069, 0.8140877598152425, 0.8198614318706697, 0.815668202764977, 0.8048498845265589, 0.7909930715935335, 0.7983870967741935, 0.8233256351039261, 0.7886836027713626, 0.8099078341013825, 0.8048498845265589, 0.7909930715935335, 0.8283410138248848, 0.8325635103926097, 0.8060046189376443]], "mean_accuracy": [0.6952475406462966, 0.8721152925149797, 0.8562493126580886, 0.8045800473955506],