{"cifar10_densenet_r_0.0005": [{"regularization": 0.0005, "reps": 5, "classification": {"n_features": [153, 307, 768, 1536], "accuracy": [[0.6983, 0.6956, 0.6643, 0.7033, 0.7044], [0.8261, 0.8168, 0.83, 0.8194, 0.7972], [0.8944, 0.8986, 0.8915, 0.8937, 0.8954], [0.9133, 0.9164, 0.9141, 0.9174, 0.9132]], "times": [[2553.2888009548187, 2461.0339028835297, 2553.6152064800262, 2559.7187745571136, 2554.011113166809], [2560.571375131607, 2464.158711194992, 2366.9275529384613, 2939.6693711280823, 2560.320487976074], [2372.119998693466, 3030.744556427002, 3031.88805437088, 2939.4976036548615, 2930.076560497284], [2936.093327522278, 3024.215008020401, 3029.599258184433, 2938.8516521453857, 3034.68860912323]]}}]}