{"cifar10_densenet_r_0.0005": [{"regularization": 0.0005, "reps": 5, "classification": {"n_features": [153, 307, 768, 1536], "accuracy": [[0.448199987411499, 0.44909998774528503, 0.44830000400543213, 0.44859999418258667, 0.48969998955726624], [0.5356000065803528, 0.5504000186920166, 0.5440999865531921, 0.5435000061988831, 0.5386999845504761], [0.7483999729156494, 0.7347999811172485, 0.7357000112533569, 0.7476999759674072, 0.6980000138282776], [0.8228999972343445, 0.8278999924659729, 0.8305000066757202, 0.8269000053405762, 0.8133000135421753]], "times": [4449.245327711105, 4588.878044843674, 4635.444480895996, 4619.590669870377, 4598.622284650803]}}]}