{"cifar10_densenet_r_0.0005": [{"regularization": 0.0005, "reps": 5, "classification": {"n_features": [1536], "accuracy": [[0.8822, 0.8828, 0.8767, 0.8836, 0.8881]], "model_accuracy": [[0.885, 0.8839, 0.8906, 0.8856, 0.8768]], "times": [[19828.44093632698, 19925.365026950836, 19886.72842502594, 19904.33377289772, 20008.31752681732]]}}]}