{"cifar10_densenet_r_0.0005": [{"regularization": 0.0005, "reps": 5, "classification": {"n_features": [153, 307, 768, 1536], "accuracy": [[0.7579, 0.7574, 0.7448, 0.7601, 0.7576], [0.8266, 0.8307, 0.8325, 0.8312, 0.8309], [0.8888, 0.8881, 0.8877, 0.8879, 0.8913], [0.9082, 0.9113, 0.9098, 0.9102, 0.9101]], "times": [[1900.4848339557648, 1810.9153361320496, 1711.333250284195, 1713.3577749729156, 1806.285397052765], [1432.419192790985, 1432.6563532352448, 1433.9235527515411, 1527.4290807247162, 1432.9605231285095], [1246.0433342456818, 1245.2058098316193, 1150.67889046669, 1151.2255635261536, 1244.7533886432648], [962.7525172233582, 962.0623998641968, 1055.5330348014832, 960.6488106250763, 960.0961968898773]]}}]}