{"cifar10_densenet_r_0.0005": [{"regularization": 0.0005, "reps": 5, "classification": {"n_features": [153, 307, 768, 1536], "accuracy": [[0.6477, 0.6523, 0.6499, 0.6508, 0.6429], [0.7206, 0.7269, 0.7369, 0.7328, 0.7295], [0.8211, 0.8112, 0.8195, 0.8184, 0.8141], [0.8822, 0.8828, 0.8767, 0.8836, 0.8881]], "model_accuracy": [[0.6329, 0.6353, 0.6215, 0.6358, 0.6312], [0.7530, 0.7527, 0.7603, 0.7475, 0.7600], [0.8441, 0.8468, 0.8422, 0.8436, 0.8438], [0.885, 0.8839, 0.8906, 0.8856, 0.8768]], "times": [[8447.953844070435, 8480.347582817078, 8480.215859413147, 8472.542156457901, 8484.410914897919], [9468.148620605469, 9468.628961324692, 9409.614866256714, 9452.423770189285, 9417.494502544403], [13822.88377743392, 13901.93845628994, 13801.990988839322, 13842.11223884933, 13880.14435764289], [19828.44093632698, 19925.365026950836, 19886.72842502594, 19904.33377289772, 20008.31752681732]]}}]}