{"cifar10_densenet_r_0.0005": [{"regularization": 0.0005, "reps": 5, "classification": {"n_features": [153, 307, 768, 1536], "accuracy": [[0.43389999866485596, 0.45010000467300415, 0.4765999913215637, 0.4722000062465668, 0.46470001339912415], [0.5899999737739563, 0.5722000002861023, 0.5730999708175659, 0.5756000280380249, 0.5530999898910522], [0.7710000276565552, 0.7439000010490417, 0.7439000010490417, 0.7368999719619751, 0.7253000140190125], [0.850600004196167, 0.8500999808311462, 0.8461999893188477, 0.8482000231742859, 0.8454999923706055]], "times": [4827.036134004593, 4973.557136297226, 4912.844321012497, 5064.649223327637, 4976.9461941719055]}}]}