{"cifar10_densenet_r_0.0005": [{"regularization": 0.0005, "reps": 5, "classification": {"n_features": [153, 307, 768, 1536], "accuracy": [[0.6921, 0.6914, 0.6895, 0.6969, 0.6927], [0.7747, 0.7821, 0.7707, 0.779, 0.7771], [0.8389, 0.8395, 0.8472, 0.8407, 0.8382], [0.8964, 0.8975, 0.8939, 0.8961, 0.8951]], "times": [1452.9546110630035, 1459.6627869606018, 1460.5723323822021, 1461.1810455322266, 1460.2115423679352]}}]}