{"cifar10_efficientnetB0_r_0.0005": [{"regularization": 0.0005, "reps": 5, "classification": {"n_features": [153, 307, 768, 1536], "accuracy": [[0.3968000113964081, 0.3118000030517578, 0.2563000023365021, 0.15489999949932098, 0.29350000619888306], [0.4819999933242798, 0.5055000185966492, 0.4814999997615814, 0.28769999742507935, 0.49380001425743103], [0.6421, 0.6460, 0.6454, 0.6556, 0.6505], [0.722000002861023, 0.7432000041007996, 0.7347000241279602, 0.7329999804496765, 0.7185999751091003]], "model_accuracy": [[0.3214, 0.2483, 0.3460, 0.2472, 0.3276], [0.3799, 0.4159, 0.2951, 0.4033, 0.4033], [0.5422, 0.5377, 0.5462, 0.5449, 0.5491], [0.6495000123977661, 0.6593999862670898, 0.6607000231742859, 0.6556000113487244, 0.6567000150680542]], "times": [[1332.7889819145203, 1337.2442300319672, 1332.266591310501, 1329.882318019867, 1347.8955256938934], [1834.2512710094452, 1832.4921188354492, 1822.6623606681824, 1831.7442278862, 1823.200986623764], [6343.536174058914, 6341.401526451111, 6345.500039339066, 6359.875271320343, 6352.883385181427]]}}]}