{"cifar10_efficientnetB0_r_0.0005": [{"regularization": 0.0005, "reps": 5, "classification": {"n_features": [153, 307, 768, 1536], "accuracy": [[0.519599974155426, 0.5126000046730042, 0.5048999786376953, 0.49470001459121704, 0.5005999803543091], [0.583899974822998, 0.5817999839782715, 0.5788999795913696, 0.5605999827384949, 0.5720000267028809], [0.6434999704360962, 0.6485999822616577, 0.650600016117096, 0.638700008392334, 0.6477000117301941], [0.6929000020027161, 0.6869000196456909, 0.691100001335144, 0.6897000074386597, 0.6854000091552734]], "times": [1900.4311714172363, 1911.340747833252, 1852.0298614501953, 1902.307733297348, 1869.4468729496002]}}]}