{"cifar10_efficientnetB0_r_0.0005": [{"regularization": 0.0005, "reps": 5, "classification": {"n_features": [153, 307, 768, 1536], "accuracy": [[0.3504999876022339, 0.3626999855041504, 0.3801000118255615, 0.32839998602867126, 0.3425000011920929], [0.505299985408783, 0.4691999852657318, 0.47290000319480896, 0.44620001316070557, 0.448199987411499], [0.6402999758720398, 0.620199978351593, 0.6258000135421753, 0.617900013923645, 0.6230999827384949], [0.6931999921798706, 0.6984000205993652, 0.6940000057220459, 0.6991999745368958, 0.6905999779701233]], "times": [1924.8784885406494, 1956.097804069519, 1934.2620403766632, 1939.0449812412262, 1934.8745729923248]}}]}