{"cifar10_efficientnetB0_r_0.0005": [{"regularization": 0.0005, "reps": 5, "classification": {"n_features": [153, 307, 768, 1536], "accuracy": [[0.6360999941825867, 0.6568999886512756, 0.6563000082969666, 0.6639000177383423, 0.6557000279426575], [0.7307999730110168, 0.734499990940094, 0.7293000221252441, 0.7324000000953674, 0.7228000164031982], [0.7871000170707703, 0.782800018787384, 0.7875999808311462, 0.781499981880188, 0.7814000248908997], [0.8114, 0.8076, 0.8140, 0.8083, 0.8125]], "times": [[376.8337881565094, 412.6394968032837, 362.1927990913391, 359.7041392326355, 371.87783551216125], [343.89849185943604, 343.4420094490051, 344.08406686782837, 332.26823139190674, 347.15399193763733], [343.89849185943604, 343.4420094490051, 344.08406686782837, 332.26823139190674, 347.15399193763733], [309.89849185943604, 313.4420094490051, 319.08406686782837, 302.26823139190674, 308.15399193763733]]}}]}