{"cifar10_efficientnetB0_r_0.0005": [{"regularization": 0.0005, "reps": 5, "classification": {"n_features": [153, 307, 768, 1536], "accuracy": [[0.5685999989509583, 0.5508000254631042, 0.5663999915122986, 0.5659000277519226, 0.5631999969482422], [0.6252999901771545, 0.6151999831199646, 0.6240000128746033, 0.6230999827384949, 0.6172000169754028], [0.724399983882904, 0.7235999703407288, 0.7166000008583069, 0.7143999934196472, 0.7233999967575073], [0.7849000096321106, 0.7843000292778015, 0.7907999753952026, 0.7857000231742859, 0.7860000133514404]], "times": [186.38650035858154, 185.42846989631653, 185.7802655696869, 185.8871283531189, 188.36757731437683]}}]}