{"cifar10_efficientnetB0_r_0.0005": [{"regularization": 0.0005, "reps": 5, "classification": {"n_features": [153, 307, 768, 1536], "accuracy": [[0.6930999755859375, 0.6949999928474426, 0.6898999810218811, 0.6992999911308289, 0.696399986743927], [0.7318000197410583, 0.737500011920929, 0.7419999837875366, 0.741100013256073, 0.7429999709129333], [0.769599974155426, 0.7770000100135803, 0.7749999761581421, 0.776199996471405, 0.7736999988555908], [0.8041999936103821, 0.8044000267982483, 0.8032000064849854, 0.8041999936103821, 0.8068000078201294]], "times": [[244.4026689529419, 242.3977997303009, 228.05087876319885, 254.40915942192078, 255.12561750411987], [175.4979965686798, 161.9071707725525, 174.75459957122803, 161.3687722682953, 162.457594871521], [135.47924208641052, 148.78763437271118, 136.55615496635437, 136.70158338546753, 136.78160572052002], [123.91656947135925, 123.77460813522339, 125.17627882957458, 125.14961624145508, 122.98089981079102]]}}]}