{"cifar10_wrn164_r_0.0005": [{"regularization": 0.0005, "reps": 5, "classification": {"n_features": [153, 307, 768, 1536], "accuracy": [[0.7354, 0.7421, 0.7467, 0.7354, 0.7387], [0.8444, 0.8367, 0.8482, 0.8462, 0.844], [0.9081, 0.9102, 0.9074, 0.9072, 0.9086], [0.9261, 0.9234, 0.9263, 0.9265, 0.9264]], "times": [[568.8584458827972, 570.2991425991058, 571.1776554584503, 514.5082376003265, 552.683390378952], [514.3867123126984, 457.72141671180725, 476.55278635025024, 476.46923780441284, 457.51684188842773], [589.8202650547028, 589.9299123287201, 551.9659016132355, 589.5217800140381, 533.1354608535767], [589.8361961841583, 589.9784724712372, 590.3350796699524, 589.5325765609741, 589.6192758083344]]}}]}