{"cifar10_wrn164_r_0.0005": [{"regularization": 0.0005, "reps": 5, "classification": {"n_features": [153, 307, 768, 1536], "accuracy": [[0.7283, 0.7183, 0.7107, 0.7118, 0.7225], [0.803, 0.8049, 0.7903, 0.8071, 0.8063], [0.8693, 0.8626, 0.8624, 0.861, 0.8614], [0.9118, 0.91, 0.9101, 0.9115, 0.9152]], "times": [289.3667275905609, 292.74066734313965, 294.1223289966583, 294.24329113960266, 295.23254132270813]}}]}