{"cifar10_wrn164_r_0.0005": [{"regularization": 0.0005, "reps": 5, "classification": {"n_features": [153, 307, 768, 1536], "accuracy": [[0.7893, 0.7867, 0.7776, 0.7802, 0.7806], [0.8503, 0.8509, 0.8533, 0.8484, 0.8528], [0.9033, 0.9015, 0.9056, 0.904, 0.9085], [0.9204, 0.9209, 0.9227, 0.926, 0.9237]], "times": [[438.4207673072815, 419.27338433265686, 418.7647478580475, 419.0711045265198, 362.5813567638397], [305.9033377170563, 305.79984879493713, 305.6011424064636, 305.79669427871704, 305.8016130924225], [230.2033302783966, 229.98285174369812, 230.07886338233948, 211.0636055469513, 230.1263072490692], [173.30282402038574, 173.21813774108887, 173.29513812065125, 173.3188648223877, 173.1989495754242]]}}]}