{"cifar10_wrn164_r_0.0005": [{"regularization": 0.0005, "reps": 5, "classification": {"n_features": [153, 307, 768, 1536], "accuracy": [[0.6638, 0.6566, 0.6702, 0.6631, 0.6508], [0.7425, 0.7464, 0.7385, 0.7381, 0.7552], [0.8487, 0.8452, 0.8436, 0.8499, 0.8391], [0.905, 0.9049, 0.9052, 0.9074, 0.9042]], "model_accuracy": [[0.6881, 0.6833, 0.6939, 0.6928, 0.6848], [0.7646, 0.7576, 0.7574, 0.7599, 0.7608], [0.8553, 0.8487, 0.8506, 0.8395, 0.8397], [0.8916, 0.8872, 0.8947, 0.8921, 0.8866]]}, "times": [[3246.389758348465], [4514.257858037949], [8357.010311365128], [14824.105235815048]]}]}