{"cifar10_wrn164_r_0.0005": [{"regularization": 0.0005, "reps": 5, "classification": {"n_features": [153, 307, 768, 1536], "accuracy": [[0.7354, 0.7421, 0.7467, 0.7354, 0.7387], [0.8444, 0.8367, 0.8482, 0.8462, 0.844], [0.9081, 0.9102, 0.9074, 0.9072, 0.9086], [0.9261, 0.9234, 0.9263, 0.9265, 0.9264]], "times": [[568.8584458827972, 570.2991425991058, 571.1776554584503, 514.5082376003265, 552.683390378952], [514.3867123126984, 457.72141671180725, 476.55278635025024, 476.46923780441284, 457.51684188842773], [589.8202650547028, 589.9299123287201, 551.9659016132355, 589.5217800140381, 533.1354608535767], [589.8361961841583, 589.9784724712372, 590.3350796699524, 589.5325765609741, 589.6192758083344]]}}, {"regularization": 0.0005, "reps": 10, "classification": {"n_features": [153, 307, 768, 1536], "accuracy": [[0.7383, 0.7363, 0.7344, 0.7545, 0.7357, 0.7374, 0.7325, 0.7357, 0.7328, 0.7343], [0.8439, 0.8369, 0.8385, 0.8394, 0.8479, 0.8422, 0.846, 0.8334, 0.844, 0.8422], [0.9093, 0.9086, 0.9071, 0.9046, 0.9097, 0.9119, 0.9095, 0.9096, 0.9099, 0.9078], [0.9221, 0.9238, 0.9228, 0.9253, 0.9274, 0.9253, 0.9203, 0.9292, 0.9269, 0.9251]], "times": [[585.4306600093842, 592.5631251335144, 592.0159122943878, 591.8622577190399, 611.0885968208313, 612.0573041439056, 574.1458368301392, 612.3093638420105, 574.7891421318054, 595.6773073673248], [556.7327535152435, 457.4603145122528, 515.0796971321106, 515.3106813430786, 495.69781041145325, 496.8378686904907, 496.1288959980011, 476.6021900177002, 526.4622724056244, 526.2385966777802], [605.0848729610443, 605.7702894210815, 585.6349530220032, 585.5264477729797, 605.3696181774139, 623.5748040676117, 585.4324104785919, 604.9748435020447, 604.8746490478516, 585.2164769172668], [624.2061183452606, 605.0683014392853, 605.2580053806305, 605.2647669315338, 605.1533713340759, 605.7593240737915, 586.5464124679565, 605.8607635498047, 606.2640221118927, 606.3714981079102]]}}]}