{"cifar10_wrn164_r_0.0005": [{"regularization": 0.0005, "reps": 5, "classification": {"n_features": [153, 307, 768, 1536], "accuracy": [[0.7167, 0.7171, 0.7093, 0.718, 0.7225], [0.8168, 0.8096, 0.8062, 0.811, 0.8074], [0.8828, 0.8737, 0.8777, 0.8846, 0.8788], [0.9128, 0.9131, 0.9087, 0.911, 0.9114]], "times": [439.71543765068054, 423.04942560195923, 461.11929392814636, 460.13498091697693, 460.23498582839966]}}]}