{"kernel": "linear", "reps": 1, "classification": {"mus": [0.25], "accuracy": [[0.90625, 0.9151785969734192, 0.9419642686843872, 0.9107142686843872, 0.9508928656578064, 0.9196428656578064, 0.9285714030265808, 0.9285714030265808, 0.90625, 0.9107142686843872, 0.9553571343421936, 0.9375, 0.9375, 0.9017857313156128, 0.9196428656578064, 0.8616071343421936, 0.9419642686843872, 0.9017857313156128, 0.9419642686843872, 0.9330357313156128, 0.9196428656578064, 0.9196428656578064, 0.9419642686843872, 0.9375, 0.9330357313156128, 0.9241071343421936, 0.9330357313156128, 0.9151785969734192, 0.9598214030265808, 0.9107142686843872, 0.9196428656578064, 0.9419642686843872, 0.9464285969734192, 0.9196428656578064, 0.9285714030265808, 0.9464285969734192, 0.9285714030265808, 0.9241071343421936, 0.9151785969734192, 0.9330357313156128, 0.9196428656578064, 0.9375, 0.9330357313156128, 0.8928571343421936, 0.9419642686843872, 0.90625, 0.9508928656578064, 0.8973214030265808, 0.9241071343421936, 0.9285714030265808, 0.9151785969734192, 0.9375, 0.9330357313156128, 0.9151785969734192, 0.9241071343421936, 0.9375, 0.9375, 0.9330357313156128, 0.8794642686843872, 0.9151785969734192]], "mean_accuracy": [0.925148809949557], "svc_accuracy": [[91.5, 92.5, 94.0, 93.0, 93.0, 91.5, 93.0, 93.5, 92.0, 93.5, 94.5, 93.5, 94.0, 90.5, 93.0, 94.5, 93.0, 92.5, 93.5, 92.5, 94.5, 94.0, 94.0, 93.0, 95.0, 92.0, 94.5, 91.5, 95.0, 92.0, 94.0, 93.5, 95.0, 93.0, 95.5, 92.5, 95.0, 95.0, 92.0, 94.5, 94.0, 93.5, 92.0, 90.5, 93.0, 93.5, 94.0, 94.0, 93.5, 93.5, 95.0, 94.5, 94.5, 95.0, 93.0, 94.5, 94.0, 96.5, 92.0, 92.5]], "mean_svc_accuracy": [93.45833333333333], "BA": [[0.9099999666213989, 0.9350000023841858, 0.9350000023841858, 0.9300000071525574, 0.9449999928474426, 0.9249999523162842, 0.9350000023841858, 0.9200000166893005, 0.8949999809265137, 0.9300000071525574, 0.9500000476837158, 0.9300000071525574, 0.9300000071525574, 0.9049999713897705, 0.9399999976158142, 0.8899999856948853, 0.949999988079071, 0.9049999713897705, 0.9350000023841858, 0.9550000429153442, 0.9399999976158142, 0.9399999976158142, 0.9350000023841858, 0.9449999928474426, 0.940000057220459, 0.9149999618530273, 0.9550000429153442, 0.9199999570846558, 0.9550000429153442, 0.9149999618530273, 0.925000011920929, 0.9350000023841858, 0.9550000429153442, 0.925000011920929, 0.9350000023841858, 0.940000057220459, 0.9350000023841858, 0.9449999928474426, 0.9200000166893005, 0.9249999523162842, 0.925000011920929, 0.9300000071525574, 0.925000011920929, 0.9099999666213989, 0.9500000476837158, 0.925000011920929, 0.9449999928474426, 0.9300000071525574, 0.9150000214576721, 0.9350000023841858, 0.9350000023841858, 0.9300000071525574, 0.9399999976158142, 0.9350000023841858, 0.9149999618530273, 0.9449999928474426, 0.9300000071525574, 0.9399999976158142, 0.8799999952316284, 0.9350000023841858]], "mean_BA": [0.930416668454806], "auc": [[0.9691000000000001, 0.986, 0.9912000000000001, 0.9806, 0.9830999999999999, 0.9835, 0.9841, 0.98, 0.9791000000000001, 0.9924999999999999, 0.9877, 0.9776, 0.9763999999999999, 0.978, 0.9878, 0.9797, 0.9899, 0.9783, 0.9796, 0.9915, 0.9820000000000001, 0.9842, 0.9815999999999999, 0.9819, 0.9878, 0.9697, 0.9892000000000001, 0.9763, 0.9877, 0.9836, 0.9887, 0.9763999999999999, 0.9930000000000001, 0.9849, 0.9895, 0.9696, 0.9939, 0.9807, 0.9835999999999999, 0.9843999999999999, 0.9752000000000001, 0.9898, 0.9759000000000001, 0.9687999999999999, 0.9951000000000001, 0.9888, 0.9827, 0.9802, 0.9826, 0.9781, 0.9906999999999999, 0.9842, 0.986, 0.9843999999999999, 0.9725999999999999, 0.9919, 0.9837, 0.9856, 0.9811000000000001, 0.9788]], "mean_auc": [0.9830099999999999], "svc_BA": [[0.9149999618530273, 0.925000011920929, 0.9399999976158142, 0.9300000071525574, 0.9300000071525574, 0.9149999618530273, 0.9300000071525574, 0.9350000023841858, 0.9200000166893005, 0.9350000023841858, 0.9450000524520874, 0.9350000023841858, 0.9399999976158142, 0.9049999713897705, 0.9300000071525574, 0.9450000524520874, 0.9299999475479126, 0.925000011920929, 0.9350000023841858, 0.9249999523162842, 0.9449999928474426, 0.9399999976158142, 0.9399999976158142, 0.9300000071525574, 0.949999988079071, 0.9199999570846558, 0.9450000524520874, 0.9149999618530273, 0.9500000476837158, 0.9199999570846558, 0.9399999976158142, 0.9350000023841858, 0.949999988079071, 0.9300000071525574, 0.9549999833106995, 0.925000011920929, 0.9500000476837158, 0.949999988079071, 0.9200000166893005, 0.9449999928474426, 0.9399999976158142, 0.9350000023841858, 0.9200000166893005, 0.9049999713897705, 0.9300000071525574, 0.9350000023841858, 0.9399999976158142, 0.9399999976158142, 0.9350000023841858, 0.9350000023841858, 0.949999988079071, 0.9449999928474426, 0.9449999928474426, 0.949999988079071, 0.9300000071525574, 0.9450000524520874, 0.9399999976158142, 0.9650000333786011, 0.9200000166893005, 0.9249999523162842]], "svc_mean_BA": [0.9345833331346511], "svc_auc": [[0.9705999999999999, 0.985, 0.9896999999999999, 0.9818, 0.9855, 0.9825, 0.9841, 0.9808, 0.9742, 0.9932, 0.9862, 0.9793000000000001, 0.9769, 0.9778, 0.9843999999999999, 0.9819, 0.9831999999999999, 0.9796999999999999, 0.9836, 0.9881, 0.9810999999999999, 0.9839, 0.9832, 0.9837, 0.9854, 0.972, 0.988, 0.9833, 0.9844999999999999, 0.9812000000000001, 0.9881, 0.9805, 0.9911, 0.9827, 0.9904, 0.968, 0.9903, 0.9841000000000001, 0.9857, 0.9859, 0.9767000000000001, 0.9876999999999999, 0.977, 0.9699, 0.9922, 0.9907, 0.9848999999999999, 0.9804999999999999, 0.9856, 0.9778, 0.9913, 0.9850999999999999, 0.9892, 0.985, 0.9749, 0.9908, 0.9838, 0.9883000000000001, 0.9786, 0.977]], "svc_mean_auc": [0.9831433333333334], "fs_time": [[]]}}