{"kernel": "linear", "reps": 1, "classification": {"mus": [0.25], "accuracy": [[0.9, 0.945, 0.935, 0.935, 0.925, 0.93, 0.94, 0.905, 0.935, 0.945, 0.935, 0.925, 0.935, 0.965, 0.94, 0.92, 0.93, 0.925, 0.935, 0.96, 0.905, 0.94, 0.91, 0.95, 0.94, 0.955, 0.91, 0.93, 0.93, 0.935, 0.93, 0.915, 0.94, 0.945, 0.915, 0.94, 0.94, 0.935, 0.91, 0.91, 0.945, 0.935, 0.93, 0.925, 0.94, 0.925, 0.92, 0.915, 0.945, 0.895, 0.915, 0.91, 0.94, 0.935, 0.925, 0.92, 0.945, 0.935, 0.925, 0.905]], "mean_accuracy": [0.9296666666666665], "svc_accuracy": [[94.0, 93.0, 95.0, 94.0, 92.5, 93.0, 92.5, 93.0, 94.0, 93.0, 92.5, 94.5, 95.0, 96.0, 94.0, 93.0, 95.0, 93.0, 94.0, 95.0, 93.5, 94.0, 93.0, 95.0, 93.5, 94.0, 91.5, 94.0, 94.0, 92.5, 93.5, 92.0, 93.0, 95.5, 91.0, 93.0, 93.0, 95.5, 92.5, 93.5, 95.0, 93.0, 95.0, 93.5, 95.0, 95.0, 94.0, 92.0, 94.5, 94.5, 93.0, 93.5, 92.0, 95.0, 93.0, 95.0, 96.0, 94.0, 93.0, 92.5]], "mean_svc_accuracy": [93.7], "BA": [[0.8999999761581421, 0.9449999928474426, 0.9350000023841858, 0.9350000023841858, 0.925000011920929, 0.9300000071525574, 0.9399999976158142, 0.9049999713897705, 0.9350000023841858, 0.9449999928474426, 0.9350000023841858, 0.925000011920929, 0.9350000023841858, 0.9650000333786011, 0.9399999976158142, 0.9200000166893005, 0.9300000071525574, 0.925000011920929, 0.9350000023841858, 0.9600000381469727, 0.9049999713897705, 0.9399999976158142, 0.9099999666213989, 0.9500000476837158, 0.9399999976158142, 0.9549999833106995, 0.9100000262260437, 0.9299999475479126, 0.9300000071525574, 0.9350000023841858, 0.9300000071525574, 0.9150000214576721, 0.9399999976158142, 0.9450000524520874, 0.9149999618530273, 0.9399999976158142, 0.9399999976158142, 0.9350000023841858, 0.9099999666213989, 0.9099999666213989, 0.9449999928474426, 0.9350000023841858, 0.9300000071525574, 0.925000011920929, 0.940000057220459, 0.9249999523162842, 0.9200000166893005, 0.9149999618530273, 0.9449999928474426, 0.8949999809265137, 0.9150000214576721, 0.9100000262260437, 0.9399999976158142, 0.9350000023841858, 0.9249999523162842, 0.9200000166893005, 0.9449999928474426, 0.9350000023841858, 0.925000011920929, 0.9049999713897705]], "mean_BA": [0.9296666661898295], "mAP": [[0.9748215149757086, 0.9845975704415382, 0.984199688429181, 0.9790045213508809, 0.9776847675804159, 0.9772766799499462, 0.985466948654263, 0.963039925434576, 0.9888388416909337, 0.9888663205496576, 0.9697238391705357, 0.9743945992357832, 0.9833592639704001, 0.9853896918884663, 0.9696752321742543, 0.9756303820969952, 0.9839086324452297, 0.979836910080454, 0.9817097927776544, 0.9801143845034768, 0.9801794619578129, 0.9716051169309761, 0.9864709244927741, 0.9820905941690551, 0.9825578024271862, 0.9904188166226783, 0.9792506760552331, 0.9675337651347672, 0.9880785339848475, 0.9799677478292668, 0.9854410439323713, 0.9742266688295397, 0.9901590237298166, 0.9806650261659788, 0.9740025100477008, 0.990388206886436, 0.9814734684167563, 0.9941110646288738, 0.9619482049962704, 0.9723782875108303, 0.9846890274007061, 0.9926571616119348, 0.981417003337448, 0.9734036630722768, 0.9822449759179636, 0.9784176684819188, 0.9810858999632395, 0.9715656971734556, 0.9837302668342676, 0.9900545964554563, 0.970831604795711, 0.9837669274002937, 0.9793445743586284, 0.975278318353509, 0.9747642383342304, 0.9916118898350899, 0.9844777158135622, 0.9824859494243535, 0.9819769783745111, 0.9728441823440981]], "mean_mAP": [0.9802855798572028], "svc_BA": [[0.940000057220459, 0.9300000071525574, 0.949999988079071, 0.9399999976158142, 0.9249999523162842, 0.9300000071525574, 0.925000011920929, 0.9300000071525574, 0.9399999976158142, 0.9300000071525574, 0.925000011920929, 0.9449999928474426, 0.949999988079071, 0.9599999785423279, 0.9399999976158142, 0.9300000071525574, 0.949999988079071, 0.9300000071525574, 0.940000057220459, 0.949999988079071, 0.9350000023841858, 0.9399999976158142, 0.9300000071525574, 0.949999988079071, 0.9350000023841858, 0.9399999976158142, 0.9149999618530273, 0.9399999976158142, 0.9399999976158142, 0.9249999523162842, 0.9350000023841858, 0.9200000166893005, 0.9300000071525574, 0.9550000429153442, 0.9099999666213989, 0.9300000071525574, 0.9300000071525574, 0.9550000429153442, 0.925000011920929, 0.9350000023841858, 0.949999988079071, 0.9300000071525574, 0.949999988079071, 0.9350000023841858, 0.949999988079071, 0.9500000476837158, 0.9399999976158142, 0.9199999570846558, 0.9449999928474426, 0.9449999928474426, 0.9300000071525574, 0.9350000023841858, 0.9200000166893005, 0.949999988079071, 0.9300000071525574, 0.949999988079071, 0.9600000381469727, 0.9399999976158142, 0.9300000071525574, 0.925000011920929]], "svc_mean_BA": [0.9370000014702479], "svc_mAP": [[0.9791702724922895, 0.9850491894772071, 0.985185444348898, 0.9780536066496779, 0.9747763797545088, 0.9826304759642174, 0.9855586413952486, 0.9617141980383076, 0.9876374131629532, 0.9898564491645858, 0.9732329794097508, 0.9701856515893844, 0.9857640975397948, 0.9850372295317481, 0.9729431994064024, 0.980693792698922, 0.9865819397925784, 0.981596310770777, 0.9836570648257807, 0.9809745305697414, 0.9819808862291699, 0.9774603705399485, 0.986024933535162, 0.9818356667989443, 0.9840032873794319, 0.9928210799304542, 0.9840154591224419, 0.9671403836519059, 0.9885393118260875, 0.977708386572627, 0.9858684846463118, 0.9747850244500407, 0.991022635063214, 0.9797686065032546, 0.9770325611346942, 0.9884910114733085, 0.9817500597152615, 0.9923371740766667, 0.9694579219904504, 0.973358500074101, 0.988854537744606, 0.9896011453939507, 0.9814791247407457, 0.9785802387024826, 0.9818977798078269, 0.9780957477307494, 0.9828810677476851, 0.9681582090823622, 0.9826564786736454, 0.9893864217152003, 0.969889221295104, 0.9862845765793087, 0.976143994295479, 0.9752958687720041, 0.9750630633642061, 0.9898423500780864, 0.9877190535555882, 0.9769146051706955, 0.9843675953671198, 0.972580056327922]], "svc_mean_mAP": [0.9810231957906836], "fs_time": [[]]}}