{"kernel": "linear", "reps": 1, "classification": {"mus": [2.4390243902439024], "accuracy": [[0.761904776096344, 0.761904776096344, 0.949999988079071, 0.8095238208770752, 0.7142857313156128, 0.8500000238418579, 0.761904776096344, 0.8571428656578064, 0.699999988079071, 0.8095238208770752, 0.8571428656578064, 0.800000011920929, 0.8571428656578064, 0.761904776096344, 0.8500000238418579, 0.8571428656578064, 0.761904776096344, 0.8500000238418579, 0.7142857313156128, 0.8095238208770752, 0.8999999761581421, 0.761904776096344, 0.9523809552192688, 0.800000011920929, 0.7142857313156128, 0.9047619104385376, 0.8999999761581421, 0.9523809552192688, 0.8095238208770752, 0.8500000238418579, 0.8571428656578064, 0.761904776096344, 0.8999999761581421, 0.8571428656578064, 0.761904776096344, 0.8500000238418579, 0.8571428656578064, 0.761904776096344, 0.6499999761581421, 0.761904776096344, 0.761904776096344, 0.8500000238418579, 0.8571428656578064, 0.9047619104385376, 0.800000011920929, 0.8095238208770752, 0.9047619104385376, 0.699999988079071, 0.761904776096344, 0.9047619104385376, 0.699999988079071, 0.8095238208770752, 0.761904776096344, 0.8999999761581421, 0.7142857313156128, 0.8571428656578064, 0.75, 0.7142857313156128, 0.8571428656578064, 0.8500000238418579]], "mean_accuracy": [0.8138095319271088], "svc_accuracy": [[80.95238095238095, 76.19047619047619, 90.0, 71.42857142857143, 76.19047619047619, 90.0, 71.42857142857143, 71.42857142857143, 85.0, 85.71428571428571, 85.71428571428571, 75.0, 66.66666666666667, 80.95238095238095, 90.0, 85.71428571428571, 85.71428571428571, 75.0, 90.47619047619048, 80.95238095238095, 70.0, 90.47619047619048, 85.71428571428571, 75.0, 66.66666666666667, 85.71428571428571, 75.0, 76.19047619047619, 85.71428571428571, 90.0, 80.95238095238095, 76.19047619047619, 65.0, 80.95238095238095, 71.42857142857143, 80.0, 85.71428571428571, 71.42857142857143, 85.0, 80.95238095238095, 85.71428571428571, 90.0, 76.19047619047619, 85.71428571428571, 85.0, 66.66666666666667, 85.71428571428571, 70.0, 80.95238095238095, 85.71428571428571, 90.0, 71.42857142857143, 71.42857142857143, 85.0, 76.19047619047619, 100.0, 70.0, 71.42857142857143, 80.95238095238095, 80.0]], "mean_svc_accuracy": [80.01190476190477], "BA": [[0.7142857313156128, 0.7355769276618958, 0.9285714626312256, 0.75, 0.6730769276618958, 0.8186813592910767, 0.75, 0.8365384340286255, 0.6043956279754639, 0.75, 0.8125, 0.8131868243217468, 0.8928571343421936, 0.7355769276618958, 0.7857142686843872, 0.8214285373687744, 0.759615421295166, 0.7857142686843872, 0.6071428656578064, 0.7980769276618958, 0.9230769276618958, 0.6785714030265808, 0.9615384340286255, 0.7802197933197021, 0.6428571343421936, 0.8990384340286255, 0.8901098966598511, 0.9642857313156128, 0.7980769276618958, 0.7857142686843872, 0.7857142686843872, 0.7115384340286255, 0.9230769276618958, 0.8214285373687744, 0.7355769276618958, 0.8186813592910767, 0.7857142686843872, 0.7355769276618958, 0.5329670310020447, 0.7142857313156128, 0.7355769276618958, 0.8186813592910767, 0.8214285373687744, 0.875, 0.8131868243217468, 0.75, 0.8990384340286255, 0.6373626589775085, 0.7142857313156128, 0.875, 0.6373626589775085, 0.75, 0.7355769276618958, 0.8901098966598511, 0.6428571343421936, 0.8125, 0.7417582273483276, 0.7142857313156128, 0.8365384340286255, 0.7857142686843872]], "mean_BA": [0.779120879371961], "auc": [[0.8877551020408163, 0.8557692307692307, 0.8791208791208792, 0.8877551020408163, 0.8173076923076923, 0.956043956043956, 0.7346938775510203, 0.8942307692307693, 0.8351648351648352, 0.9183673469387756, 0.9423076923076923, 0.8571428571428572, 0.9387755102040817, 0.8269230769230769, 0.9340659340659341, 0.9489795918367347, 0.8173076923076923, 0.7912087912087912, 0.8367346938775511, 0.8173076923076923, 0.9450549450549451, 0.8775510204081634, 0.9711538461538461, 0.7692307692307692, 0.7448979591836735, 0.9615384615384616, 0.8571428571428572, 0.9795918367346939, 0.8076923076923077, 0.8131868131868132, 0.8877551020408163, 0.8076923076923077, 0.8791208791208791, 0.9387755102040817, 0.8173076923076923, 0.8571428571428572, 0.8163265306122449, 0.8461538461538461, 0.8351648351648353, 0.826530612244898, 0.826923076923077, 0.9010989010989011, 0.8877551020408164, 0.875, 0.8681318681318682, 0.7857142857142857, 0.9230769230769231, 0.6923076923076923, 0.7857142857142857, 0.875, 0.8131868131868132, 0.8367346938775511, 0.826923076923077, 0.9450549450549451, 0.8163265306122448, 0.9230769230769231, 0.8351648351648352, 0.8979591836734695, 0.9038461538461539, 0.8351648351648351]], "mean_auc": [0.8611688906331761], "svc_BA": [[0.8214285373687744, 0.759615421295166, 0.8901098966598511, 0.75, 0.759615421295166, 0.8901098966598511, 0.7142857313156128, 0.7692307829856873, 0.8516483306884766, 0.8928571343421936, 0.8365384340286255, 0.7747253179550171, 0.75, 0.7980769276618958, 0.8571428656578064, 0.8571428656578064, 0.884615421295166, 0.7417582273483276, 0.8928571343421936, 0.822115421295166, 0.7692307829856873, 0.8928571343421936, 0.884615421295166, 0.7087912559509277, 0.6785714626312256, 0.8365384340286255, 0.7417582273483276, 0.7857142686843872, 0.8605769276618958, 0.8901098966598511, 0.75, 0.807692289352417, 0.6648352146148682, 0.7857142686843872, 0.7211538553237915, 0.8461538553237915, 0.8571428656578064, 0.697115421295166, 0.8186813592910767, 0.7857142686843872, 0.884615421295166, 0.8901098966598511, 0.7142857313156128, 0.8605769276618958, 0.884615421295166, 0.7142857313156128, 0.8365384340286255, 0.7362637519836426, 0.8571428656578064, 0.8365384340286255, 0.8901098966598511, 0.7142857313156128, 0.745192289352417, 0.8516483306884766, 0.75, 1.0, 0.7362637519836426, 0.75, 0.822115421295166, 0.7802197933197021]], "svc_mean_BA": [0.8058608134587606], "svc_auc": [[0.9183673469387755, 0.8173076923076923, 0.8131868131868132, 0.8571428571428572, 0.7980769230769231, 0.989010989010989, 0.7551020408163265, 0.8942307692307693, 0.7692307692307692, 0.9081632653061225, 0.9134615384615384, 0.868131868131868, 0.9591836734693878, 0.8846153846153846, 1.0, 0.8775510204081634, 0.875, 0.8351648351648352, 0.9387755102040817, 0.8173076923076924, 0.9450549450549451, 0.8775510204081632, 0.9423076923076923, 0.7142857142857143, 0.7244897959183674, 0.8461538461538461, 0.8571428571428572, 0.8673469387755102, 0.7980769230769231, 0.9120879120879122, 0.8673469387755102, 0.951923076923077, 0.7692307692307693, 0.8775510204081632, 0.7692307692307693, 0.9450549450549451, 0.8979591836734695, 0.7980769230769231, 0.8901098901098903, 0.7040816326530612, 0.8557692307692308, 0.9120879120879122, 0.8673469387755102, 0.875, 0.879120879120879, 0.826530612244898, 0.9230769230769231, 0.7582417582417581, 0.8367346938775511, 0.7980769230769231, 0.9010989010989012, 0.7551020408163265, 0.8365384615384616, 0.945054945054945, 0.8061224489795917, 1.0, 0.8021978021978022, 0.8775510204081632, 0.9134615384615384, 0.9230769230769231]], "svc_mean_auc": [0.8622710622710623], "fs_time": [[]]}}