{"kernel": "linear", "reps": 1, "classification": {"mus": [0.021431633090441493], "accuracy": [[0.9734588861465454, 0.9708461165428162, 0.9670376777648926, 0.971746563911438, 0.9691780805587769, 0.9751712083816528, 0.9726027250289917, 0.96875, 0.9738426804542542, 0.9708904027938843, 0.9669933319091797, 0.9700342416763306, 0.9708904027938843, 0.9661815166473389, 0.9755992889404297, 0.96875, 0.9691337943077087, 0.9730308055877686, 0.9687214493751526, 0.9726027250289917, 0.9713184833526611, 0.9760273694992065, 0.966137170791626, 0.9691780805587769, 0.9700056910514832, 0.9721746444702148, 0.9751712083816528, 0.9648972749710083, 0.9755550026893616, 0.9751269221305847, 0.9700056910514832, 0.9696061611175537, 0.9730308055877686, 0.974743127822876, 0.9652368426322937, 0.9708904027938843, 0.9717180728912354, 0.971746563911438, 0.9730308055877686, 0.971746563911438, 0.9695618748664856, 0.9730308055877686, 0.9691780805587769, 0.9691780805587769, 0.9738426804542542, 0.9751712083816528, 0.9738426804542542, 0.965753436088562, 0.9708618521690369, 0.96875, 0.9708904027938843, 0.9734303951263428, 0.9666095972061157, 0.9721746444702148, 0.96875, 0.9721746444702148, 0.9725584387779236, 0.9708904027938843, 0.9696061611175537, 0.9708018898963928]], "mean_accuracy": [0.9709977676471074], "svc_accuracy": [[97.38646101113967, 97.34247749678525, 97.29961423060438, 97.4293059125964, 97.38534076296614, 97.85683669095584, 97.64353041988004, 97.25675096442349, 97.64252036005144, 97.38646101113967, 97.4710672953279, 97.38534076296614, 97.34361610968294, 96.4852121731676, 97.4710672953279, 97.08654670094259, 97.12816116588084, 97.4710672953279, 97.04370179948586, 97.29961423060438, 97.08529789969995, 97.64353041988004, 96.78525503643378, 96.87098156879554, 97.04370179948586, 97.25675096442349, 97.94256322331762, 96.91516709511568, 97.94256322331762, 97.89969995713673, 97.25792630676949, 97.42820402914703, 97.42820402914703, 97.64353041988004, 96.7423917702529, 97.42820402914703, 97.25792630676949, 97.34247749678525, 97.34247749678525, 97.47215081405312, 97.17102443206173, 97.4710672953279, 97.17223650385604, 96.82811830261466, 97.4710672953279, 97.4293059125964, 97.55679382768967, 96.82811830261466, 97.34361610968294, 96.99957136733819, 97.38534076296614, 97.17223650385604, 96.91384483497643, 97.51393056150879, 97.25792630676949, 97.34247749678525, 97.34247749678525, 97.55784061696659, 96.91384483497643, 97.42820402914703]], "mean_svc_accuracy": [97.31071233949078], "BA": [[0.973436176776886, 0.9708541035652161, 0.9669910669326782, 0.9717223644256592, 0.9691377282142639, 0.9751378297805786, 0.9725792407989502, 0.9687074422836304, 0.9738525152206421, 0.9708654880523682, 0.9669924974441528, 0.9699957370758057, 0.9708654880523682, 0.9661378264427185, 0.9755655527114868, 0.9687232375144958, 0.9691369533538818, 0.9729992151260376, 0.9687231779098511, 0.9725631475448608, 0.9712799787521362, 0.9760068655014038, 0.9661352634429932, 0.9691373109817505, 0.9700086116790771, 0.9721394777297974, 0.975140392780304, 0.9648671746253967, 0.9755692481994629, 0.9751378297805786, 0.9700086116790771, 0.9695690870285034, 0.9729955792427063, 0.9747215509414673, 0.9652794599533081, 0.970853328704834, 0.9717223644256592, 0.9717094898223877, 0.9729940891265869, 0.9717223644256592, 0.9695650339126587, 0.9729940891265869, 0.9691516757011414, 0.9691410064697266, 0.9738520979881287, 0.9751499891281128, 0.9738550186157227, 0.9657078981399536, 0.9708654880523682, 0.9687037467956543, 0.9708511233329773, 0.9734361171722412, 0.96656334400177, 0.9721405506134033, 0.9687231779098511, 0.9721390604972839, 0.9725686311721802, 0.9708654880523682, 0.9695661664009094, 0.9708563089370728]], "mean_BA": [0.9709780146678288], "auc": [[0.9953476384639277, 0.9954391859615703, 0.9944242835788647, 0.9958843929277643, 0.9938032897241318, 0.9967068953099898, 0.9967780046685155, 0.99476307430908, 0.9951202376385478, 0.9949760957023662, 0.9950636500328502, 0.9956126232985136, 0.9943872077680339, 0.9927178365602967, 0.996527578741286, 0.9956589707384376, 0.9944801362805922, 0.9953701049883812, 0.9946735747186444, 0.9960998646306887, 0.9952238590983317, 0.9956479566249525, 0.994582287932436, 0.9954502095211218, 0.9956802646911753, 0.9951555130291125, 0.9953032287271022, 0.9935714290959101, 0.996670885015455, 0.9954575585608229, 0.9952698053953003, 0.9954303671139292, 0.9962012813785622, 0.995394632014797, 0.9936004562283847, 0.9952694231444776, 0.9953351558019778, 0.9947314734383658, 0.9962424360008877, 0.9937902428171459, 0.9957008117749253, 0.9966312002010697, 0.9954386884687372, 0.9942390877784001, 0.9956625967684802, 0.9957118384831656, 0.9943706355890477, 0.9954619679846435, 0.9942814722785778, 0.9955736733880984, 0.994006858123849, 0.996416741746207, 0.9945095324393962, 0.995421548266288, 0.9949004654564358, 0.994950474821455, 0.9951253819663385, 0.9948703602129102, 0.9953223362303248, 0.9957155098543273]], "mean_auc": [0.9952025715584234], "svc_BA": [[0.9738646149635315, 0.9734258651733398, 0.9729963541030884, 0.974293053150177, 0.9738543033599854, 0.9785687327384949, 0.9764353036880493, 0.9725674986839294, 0.9764242768287659, 0.9738646149635315, 0.9747097492218018, 0.9738528728485107, 0.9734361171722412, 0.96485435962677, 0.9747093915939331, 0.9708654880523682, 0.9712784886360168, 0.9747123718261719, 0.9704370498657227, 0.9729940891265869, 0.9708511233329773, 0.9764353036880493, 0.9678512811660767, 0.9687095880508423, 0.9704370498657227, 0.9725693464279175, 0.9794267416000366, 0.9691516757011414, 0.9794274568557739, 0.9789964556694031, 0.9725792407989502, 0.9742846488952637, 0.9742823839187622, 0.9764353036880493, 0.9674246311187744, 0.9742802381515503, 0.9725792407989502, 0.9734240174293518, 0.9734233021736145, 0.9747214913368225, 0.9717094898223877, 0.9747083187103271, 0.9717223644256592, 0.9682822227478027, 0.9747079014778137, 0.974293053150177, 0.9755696058273315, 0.9682830572128296, 0.9734361171722412, 0.9699923992156982, 0.9738517999649048, 0.9717223644256592, 0.9691365957260132, 0.9751400351524353, 0.9725792407989502, 0.9734255075454712, 0.9734255075454712, 0.9755784273147583, 0.9691380262374878, 0.9742842316627502]], "svc_mean_BA": [0.9731070230404536], "svc_auc": [[0.9956273969464472, 0.9958911519031808, 0.9950651198407905, 0.996245655850073, 0.9944000317478515, 0.9967421707005545, 0.9970239865363477, 0.9951628620688134, 0.9957162447582975, 0.9952962392676643, 0.9959315716215361, 0.9960520958726323, 0.9950098723170537, 0.9939054413759753, 0.9965790220191928, 0.9961222977790407, 0.9951753554363051, 0.9960462166408716, 0.9954834791969096, 0.9958999707508219, 0.9959029103667024, 0.995739006629762, 0.995556035692816, 0.9953730446042615, 0.9963139433536801, 0.9956104185866033, 0.9958367690093936, 0.9942036392099503, 0.997314660893261, 0.9955891063714705, 0.9954497025822222, 0.9961865832991603, 0.9969104637097072, 0.9957882030033285, 0.9939605591737327, 0.9959859545153236, 0.995578934847113, 0.9954303671139292, 0.9966679453995746, 0.9946757775413414, 0.9960631194321837, 0.9968384431206374, 0.9961215635048084, 0.9938701659854107, 0.9962578689842598, 0.9962610756089519, 0.9948527325934321, 0.9959367159493269, 0.9946706376217151, 0.9962020162825324, 0.9946197680349109, 0.9959783800295031, 0.995503857510939, 0.9955178206863708, 0.9954526396791515, 0.9957779766917857, 0.995697872159045, 0.9953938977405646, 0.9950952509035644, 0.995832359585573]], "svc_mean_auc": [0.9956565728439727], "fs_time": [[]]}}