{"mnist_densenet_r_0.0005": [{"regularization": 0.0005, "reps": 5, "classification": {"n_features": [39, 78, 196, 392], "accuracy": [[0.58160001039505, 0.5737000107765198, 0.5687000155448914, 0.5734999775886536, 0.5672000050544739], [0.7756999731063843, 0.7720000147819519, 0.7766000032424927, 0.7768999934196472, 0.776199996471405], [0.9370999932289124, 0.9376999735832214, 0.9359999895095825, 0.9362999796867371, 0.9375], [0.9605000019073486, 0.9620000123977661, 0.9616000056266785, 0.9628999829292297, 0.9605000019073486]], "times": [5820.727959156036, 5851.978647947311, 5845.2057564258575, 5673.784891605377, 5680.997945070267]}}]}