{"mnist_densenet_r_0.0005": [{"regularization": 0.0005, "reps": 5, "classification": {"n_features": [39, 78, 196, 392], "accuracy": [[0.9700999855995178, 0.9736999869346619, 0.9678999781608582, 0.9684000015258789, 0.9660000205039978], [0.9886999726295471, 0.9876000285148621, 0.9848999977111816, 0.9871000051498413, 0.9860000014305115], [0.9930999875068665, 0.9927999973297119, 0.9922000169754028, 0.9926000237464905, 0.9922000169754028], [0.9941999912261963, 0.9945999979972839, 0.9943000078201294, 0.994700014591217, 0.9932000041007996]], "times": [[1515.837254524231, 1300.6135954856873, 1441.736156463623, 1372.2256925106049, 1515.1839761734009], [726.9671013355255, 726.4628965854645, 654.8354184627533, 655.0981194972992, 653.807576417923], [511.4294855594635, 510.88818359375, 511.03403878211975, 510.8076765537262, 510.9270842075348], [438.79285430908203, 439.0406517982483, 438.90036249160767, 448.97958278656006, 438.9367735385895]]}}]}