{"mnist_densenet_r_0.0005": [{"regularization": 0.0005, "reps": 5, "classification": {"n_features": [39, 78, 196, 392], "accuracy": [[0.4968999922275543, 0.7258999943733215, 0.7939000129699707, 0.5149000287055969, 0.39910000562667847], [0.7817999720573425, 0.9259999990463257, 0.9246000051498413, 0.8170999884605408, 0.8134999871253967], [0.9851999878883362, 0.9872000217437744, 0.987500011920929, 0.9793999791145325, 0.9857000112533569], [0.9915000200271606, 0.9919999837875366, 0.991599977016449, 0.9901000261306763, 0.9908999800682068]], "times": [7088.432699680328, 7082.86630487442, 7095.864777088165, 7057.128824710846, 6986.362836360931]}}]}