{"mnist_densenet_r_0.0005": [{"regularization": 0.0005, "reps": 5, "classification": {"n_features": [39, 78, 196, 392], "accuracy": [[0.8507999777793884, 0.9214000105857849, 0.86080002784729, 0.8810999989509583, 0.8935999870300293], [0.9652000069618225, 0.9758999943733215, 0.9681000113487244, 0.9678000211715698, 0.9587000012397766], [0.9918000102043152, 0.9921000003814697, 0.9922000169754028, 0.9922000169754028, 0.9919999837875366], [0.9940999746322632, 0.9936000108718872, 0.9932000041007996, 0.9934999942779541, 0.9933000206947327]], "times": [[1808.6663165092468, 1512.0341334342957, 1513.9110598564148, 1729.3257274627686, 1801.6412482261658], [1800.9919390678406, 1586.3415138721466, 1728.6402094364166, 1730.0310773849487, 1730.4868400096893], [1443.3081469535828, 1443.406133890152, 1370.0752928256989, 1453.9597477912903, 1443.4649920463562], [1517.054440021515, 1659.401076078415, 1730.4216663837433, 1587.224331855774, 1442.9697427749634]]}}]}