{"mnist_densenet_r_0.0005": [{"regularization": 0.0005, "reps": 5, "classification": {"n_features": [39, 78, 196, 392], "accuracy": [[0.8976, 0.8985, 0.9089, 0.9157, 0.9151], [0.9651, 0.9653, 0.9673, 0.972, 0.959], [0.9863, 0.9876, 0.9876, 0.9858, 0.9858], [0.9934, 0.9937, 0.9928, 0.9933, 0.9931]], "times": [964.6666724681854, 967.3827884197235, 968.545382976532, 967.4302871227264, 967.3265736103058]}}]}