{"mnist_densenet_r_0.0005": [{"regularization": 0.0005, "reps": 5, "classification": {"n_features": [39, 78, 196, 392], "accuracy": [[0.4559, 0.1028, 0.7464, 0.6534, 0.098], [0.0974, 0.9354, 0.8323, 0.7742, 0.7403], [0.861, 0.0892, 0.9544, 0.9714, 0.9751], [0.9297, 0.89, 0.981, 0.0892, 0.9759]], "model_accuracy": [[0.0982, 0.5827, 0.3743, 0.101, 0.098], [0.1028, 0.9257, 0.1032, 0.9351, 0.1032], [0.1028, 0.9934, 0.1135, 0.9922, 0.9932], [0.0974, 0.9934, 0.9939, 0.098, 0.1032]], "times": [[10202.509484767914, 10244.91857624054, 10243.405091285706, 10245.235517024994, 10211.430318832397], [10307.51077747345, 10311.835464477539, 10316.792004346848, 10310.957327127457, 10325.769613027573], [10597.604459047318, 10632.063386917114, 10627.748597621918, 10640.271083831787, 10600.4801902771], [11081.022055149078, 11142.363043308258, 11094.077152729034, 11125.530831336975, 11091.444112062454]]}}]}