{"mnist_efficientnetB0_r_0.0005": [{"regularization": 0.0005, "reps": 5, "classification": {"n_features": [39, 78, 196, 392], "accuracy": [[0.941100001335144, 0.8906999826431274, 0.9419999718666077, 0.9261999726295471, 0.8895999789237976], [0.9731000065803528, 0.9836999773979187, 0.9850999712944031, 0.9811999797821045, 0.9754999876022339], [0.9908999800682068, 0.9912999868392944, 0.9912999868392944, 0.9916999936103821, 0.9883000254631042], [0.9918000102043152, 0.993399977684021, 0.9915000200271606, 0.9929999709129333, 0.9922000169754028]], "times": [[325.5477352142334, 357.99606227874756, 276.8525388240814, 277.3564033508301, 345.4299781322479], [345.88136863708496, 277.16562271118164, 291.7580072879791, 305.49148893356323, 332.29841661453247], [265.4856207370758, 294.1518552303314, 305.7826178073883, 292.1277446746826, 252.4485375881195], [293.8165807723999, 306.7633213996887, 294.4494295120239, 364.0723788738251, 347.31049728393555]]}}]}