{"mnist_efficientnetB0_r_0.0005": [{"regularization": 0.0005, "reps": 5, "classification": {"n_features": [39, 78, 196, 392], "accuracy": [[0.6279000043869019, 0.6104999780654907, 0.7372000217437744, 0.5321000218391418, 0.5103999972343445], [0.8765000104904175, 0.7371000051498413, 0.8349000215530396, 0.8165000081062317, 0.824400007724762], [0.9706000089645386, 0.9614999890327454, 0.968500018119812, 0.9527999758720398, 0.9650999903678894], [0.9868000149726868, 0.9843000173568726, 0.9865999817848206, 0.9815999865531921, 0.9869999885559082]], "times": [2153.6819348335266, 2108.7862305641174, 2095.8379673957825, 2062.803549528122, 2137.9466931819916]}}]}