{"mnist_efficientnetB0_r_0.0005": [{"regularization": 0.0005, "reps": 5, "classification": {"n_features": [39, 78, 196, 392], "accuracy": [[0.963100016117096, 0.9623000025749207, 0.9706000089645386, 0.9718999862670898, 0.964900016784668], [0.9879000186920166, 0.9857000112533569, 0.9851999878883362, 0.9868999719619751, 0.9857000112533569], [0.9905999898910522, 0.9926999807357788, 0.9936000108718872, 0.9919999837875366, 0.9904000163078308], [0.992900013923645, 0.9909999966621399, 0.992900013923645, 0.9940000176429749, 0.9945999979972839]], "times": [[197.6690468788147, 212.08202385902405, 308.5054039955139, 211.36051440238953, 279.24666023254395], [198.2259669303894, 183.3190450668335, 184.42290496826172, 210.61161398887634, 197.70184922218323], [128.53722977638245, 115.50482106208801, 128.58698415756226, 115.38510513305664, 128.4065387248993], [102.84318685531616, 101.68111729621887, 101.18051052093506, 101.56358575820923, 100.74124431610107]]}}]}