{"mnist_efficientnetB0_r_0.0005": [{"regularization": 0.0005, "reps": 5, "classification": {"n_features": [39, 78, 196, 392], "accuracy": [[0.6154000163078308, 0.7519000172615051, 0.5450000166893005, 0.4350000023841858, 0.5509999990463257], [0.7699999809265137, 0.8614000082015991, 0.7742999792098999, 0.8417999744415283, 0.8220000267028809], [0.9613000154495239, 0.972599983215332, 0.9699000120162964, 0.9649999737739563, 0.9767000079154968], [0.9853000044822693, 0.9890999794006348, 0.9858999848365784, 0.9853000044822693, 0.9858999848365784]], "times": [2248.1595294475555, 2250.0119540691376, 2196.541868209839, 2201.680932044983, 2261.2598128318787]}}]}