{"mnist_efficientnetB0_r_0.0005": [{"regularization": 0.0005, "reps": 5, "classification": {"n_features": [39, 78, 196, 392], "accuracy": [[0.8557000160217285, 0.8787000179290771, 0.9526000022888184, 0.8309000134468079, 0.8378000259399414], [0.9366000294685364, 0.8992999792098999, 0.8952000141143799, 0.980400025844574, 0.9351999759674072], [0.986299991607666, 0.9724000096321106, 0.986299991607666, 0.9641000032424927, 0.9858999848365784], [0.98580002784729, 0.9854000210762024, 0.9890000224113464, 0.9869999885559082, 0.9890999794006348]], "model_accuracy": [[0.12460000067949295, 0.6276999711990356, 0.9514999985694885, 0.18559999763965607, 0.11349999904632568], [0.1257999986410141, 0.11349999904632568, 0.11349999904632568, 0.9811000227928162, 0.0957999974489212], [0.9898999929428101, 0.09740000218153, 0.9908999800682068, 0.10300000011920929, 0.9796000123023987], [0.10320000350475311, 0.09799999743700027, 0.9916999936103821, 0.9909999966621399, 0.9911999702453613]], "times": [[1393.0792598724365, 1396.3334715366364, 1394.890142440796, 1386.6145267486572, 1392.7190511226654], [1396.3724343776703, 1398.6420855522156, 1398.2190337181091, 1412.499804019928, 1404.992421388626], [1445.5512609481812, 1445.5695006847382, 1453.5654022693634, 1462.1181426048279, 1451.7880020141602], [1675.8194217681885, 1670.6726586818695, 1680.4601261615753, 1684.8104190826416, 1682.715754032135]]}}]}