{"mnist_efficientnetB0_r_0.0005": [{"regularization": 0.0005, "reps": 5, "classification": {"n_features": [39, 78, 196, 392], "accuracy": [[0.9628999829292297, 0.9606999754905701, 0.9671000242233276, 0.9646000266075134, 0.9690999984741211], [0.9860000014305115, 0.9843999743461609, 0.9872000217437744, 0.9882000088691711, 0.9829000234603882], [0.9914000034332275, 0.991599977016449, 0.9915000200271606, 0.9908000230789185, 0.991599977016449], [0.9929999709129333, 0.9937000274658203, 0.9914000034332275, 0.9936000108718872, 0.9930999875068665]], "times": [187.82383346557617, 196.0171241760254, 196.8520703315735, 197.6365749835968, 184.96320629119873]}}]}