{"mnist_efficientnetB0_r_0.0005": [{"regularization": 0.0005, "reps": 5, "classification": {"n_features": [39, 78, 196, 392], "accuracy": [[0.9542999863624573, 0.9550999999046326, 0.958299994468689, 0.9549999833106995, 0.9545000195503235], [0.9781000018119812, 0.9776999950408936, 0.9797000288963318, 0.9768999814987183, 0.9768000245094299], [0.9847000241279602, 0.9857000112533569, 0.9861000180244446, 0.9851999878883362, 0.9855999946594238], [0.9886999726295471, 0.9886999726295471, 0.9887999892234802, 0.9883999824523926, 0.9882000088691711]], "times": [17.368335962295532, 15.716906309127808, 15.524293899536133, 15.599687576293945, 15.595339298248291]}}]}