{"mnist_three_layer_nn_r_0.0005": [{"regularization": 0.0005, "reps": 5, "classification": {"n_features": [39, 78, 196, 392], "accuracy": [[0.9138, 0.9265, 0.9055, 0.9191, 0.9019], [0.9852, 0.9823, 0.9837, 0.9836, 0.9831], [0.9929, 0.9943, 0.9934, 0.993, 0.9936], [0.994, 0.9948, 0.9938, 0.9954, 0.9944]], "times": [[54.065545082092285, 57.06596922874451, 56.86826515197754, 59.68032455444336, 57.268364906311035], [52.75799322128296, 54.758421659469604, 52.10481524467468, 50.162779331207275, 48.13708853721619], [41.328702449798584, 39.44038653373718, 39.239306926727295, 39.4313383102417, 41.333669900894165], [57.37289571762085, 48.36093997955322, 56.85881972312927, 50.76066064834595, 44.73865795135498]]}}]}