{"mnist_three_layer_nn_densenet_r_0.0005": [{"regularization": 0.0005, "reps": 5, "classification": {"n_features": [39, 78, 196, 392], "accuracy": [[0.9467, 0.9399, 0.9459, 0.9208, 0.956], [0.9819, 0.9795, 0.9805, 0.9783, 0.9798], [0.9888, 0.9879, 0.9882, 0.9895, 0.988], [0.9917, 0.9906, 0.9911, 0.9918, 0.993]], "times": [[313.3587739467621, 353.0657420158386, 387.4944884777069, 362.44703936576843, 386.3610587120056], [471.0772285461426, 485.9923436641693, 470.856333732605, 481.96135663986206, 498.6603033542633], [811.4783782958984, 819.1081311702728, 770.1672487258911, 764.3649892807007, 801.8645958900452], [1169.9082334041595, 1144.3579304218292, 1170.1492133140564, 1152.053528547287, 1148.9718866348267]]}}]}