{"mnist_wrn164_r_5e-06": [{"regularization": 5e-06, "reps": 5, "classification": {"n_features": [39, 78, 196, 392], "accuracy": [[0.7831000089645386, 0.832099974155426, 0.8518999814987183, 0.798799991607666, 0.8870999813079834], [0.9179999828338623, 0.9327999949455261, 0.9264000058174133, 0.927299976348877, 0.9549999833106995], [0.9771000146865845, 0.9811000227928162, 0.9757999777793884, 0.9775000214576721, 0.98089998960495], [0.9876000285148621, 0.9878000020980835, 0.9882000088691711, 0.9889000058174133, 0.9897000193595886]], "times": [193.18975353240967, 187.04524159431458, 185.6022686958313, 194.743985414505, 192.05430674552917]}}]}