{"mnist_densenet_r_5e-06": [{"regularization": 5e-06, "reps": 5, "classification": {"n_features": [39, 78, 196, 392], "accuracy": [[0.8427000045776367, 0.824999988079071, 0.8687000274658203, 0.8116999864578247, 0.8752999901771545], [0.9178000092506409, 0.9391999840736389, 0.9557999968528748, 0.9397000074386597, 0.9354000091552734], [0.9832000136375427, 0.9840999841690063, 0.9861999750137329, 0.9851999878883362, 0.9789000153541565], [0.9919000267982483, 0.9925000071525574, 0.9902999997138977, 0.9929999709129333, 0.991599977016449]], "times": [84.11174273490906, 83.44776177406311, 83.73373675346375, 84.13813519477844, 83.77144837379456]}}]}