{"mnist_efficientnetB0_r_5e-06": [{"regularization": 5e-06, "reps": 5, "classification": {"n_features": [39, 78, 196, 392], "accuracy": [[0.8138999938964844, 0.8410999774932861, 0.8198999762535095, 0.8343999981880188, 0.8622999787330627], [0.9121000170707703, 0.9376999735832214, 0.9476000070571899, 0.9208999872207642, 0.9434000253677368], [0.9758999943733215, 0.9810000061988831, 0.9799000024795532, 0.9775999784469604, 0.9775999784469604], [0.9901999831199646, 0.9894999861717224, 0.989300012588501, 0.9891999959945679, 0.9904999732971191]], "times": [69.48055791854858, 70.20287537574768, 70.63897681236267, 70.21610951423645, 69.71994972229004]}}]}