{"mnist_wrn164_r_5e-06": [{"regularization": 5e-06, "reps": 5, "classification": {"n_features": [39, 78, 196, 392], "accuracy": [[0.8539999723434448, 0.77920001745224, 0.8514999747276306, 0.8586000204086304, 0.8562999963760376], [0.9459999799728394, 0.9289000034332275, 0.9210000038146973, 0.9581000208854675, 0.9404000043869019], [0.9815999865531921, 0.9765999913215637, 0.9715999960899353, 0.9839000105857849, 0.9718999862670898], [0.9878000020980835, 0.9886999726295471, 0.9889000058174133, 0.9876999855041504, 0.98580002784729]], "times": [5247.016721963882, 5264.365283966064, 5313.693192720413, 5234.938832044601, 5278.220170259476]}}]}