{"mnist_three_layer_nn_wrn164_r_0.0005": [{"regularization": 0.0005, "reps": 5, "classification": {"n_features": [39, 78, 196, 392], "accuracy": [[0.9402, 0.961, 0.9564, 0.9551, 0.9655], [0.9846, 0.9849, 0.9878, 0.9873, 0.9861], [0.993, 0.992, 0.9933, 0.9927, 0.9925], [0.9943, 0.9944, 0.9943, 0.9941, 0.9951]], "times": [[351.61518573760986, 403.5488693714142, 394.8918375968933, 390.4929618835449, 393.5354824066162], [498.64454078674316, 455.5458393096924, 489.32237815856934, 491.90412044525146, 462.82122707366943], [769.6615045070648, 798.7041211128235, 767.090651512146, 766.3020086288452, 811.752756357193], [1160.178876399994, 1157.9681384563446, 1160.2464923858643, 1140.9382123947144, 1141.622261762619]]}}]}