{"mnist_efficientnetB0_r_5e-06": [{"regularization": 5e-06, "reps": 5, "classification": {"n_features": [39, 78, 196, 392], "accuracy": [[0.8033000230789185, 0.8482999801635742, 0.8235999941825867, 0.7752000093460083, 0.784500002861023], [0.9235000014305115, 0.9498999714851379, 0.9247999787330627, 0.9172999858856201, 0.9103000164031982], [0.9842000007629395, 0.9789999723434448, 0.9847000241279602, 0.98089998960495, 0.9787999987602234], [0.9902999997138977, 0.9876999855041504, 0.9890999794006348, 0.9868000149726868, 0.9890000224113464]], "times": [70.97586727142334, 70.72550582885742, 70.33888602256775, 70.84181356430054, 70.53982782363892]}}]}