{"mnist_wrn164_r_0.0005": [{"regularization": 0.0005, "reps": 5, "classification": {"n_features": [39, 78, 196, 392], "accuracy": [[0.9718, 0.9759, 0.9704, 0.9727, 0.9784], [0.9894, 0.991, 0.9879, 0.9882, 0.9895], [0.995, 0.9941, 0.9936, 0.9939, 0.9951], [0.9955, 0.996, 0.9955, 0.9953, 0.996]], "times": [34.36266565322876, 34.58715081214905, 34.630159854888916, 34.59686636924744, 33.42351317405701]}}]}