{"mnist_wrn164_r_5e-06": [{"regularization": 5e-06, "reps": 5, "classification": {"n_features": [39, 78, 196, 392], "accuracy": [[0.7713000178337097, 0.7628999948501587, 0.6834999918937683, 0.8091999888420105, 0.8198000192642212], [0.9362000226974487, 0.9265999794006348, 0.9332000017166138, 0.9332000017166138, 0.9264000058174133], [0.9796000123023987, 0.9804999828338623, 0.9797999858856201, 0.9775000214576721, 0.98089998960495], [0.9873999953269958, 0.9882000088691711, 0.9876000285148621, 0.9858999848365784, 0.989300012588501]], "times": [155.10803031921387, 197.39580488204956, 200.8371832370758, 197.68818426132202, 192.23693943023682]}}]}