{"mnist_three_layer_nn_r_0.0005": [{"regularization": 0.0005, "reps": 5, "classification": {"n_features": [39, 78, 196, 392], "accuracy": [[0.9659, 0.9688, 0.9663, 0.9625, 0.9689], [0.9803, 0.9796, 0.9868, 0.9864, 0.9861], [0.9907, 0.9901, 0.9895, 0.9891, 0.9903], [0.9934, 0.9941, 0.9939, 0.9935, 0.9935]], "times": [[35.359723806381226, 34.26080679893494, 35.22630596160889, 32.7555832862854, 32.76124835014343], [26.06430172920227, 25.951614141464233, 24.543882369995117, 26.155123949050903, 25.929359197616577], [16.537641763687134, 17.306199073791504, 16.32814335823059, 16.441497564315796, 16.340118408203125], [9.62265396118164, 9.4986732006073, 9.632277250289917, 9.503635168075562, 9.53113079071045]]}}]}