{"mnist_densenet_r_5e-06": [{"regularization": 5e-06, "reps": 5, "classification": {"n_features": [39, 78, 196, 392], "accuracy": [[0.8238999843597412, 0.8414000272750854, 0.7738999724388123, 0.76419997215271, 0.8022000193595886], [0.9391000270843506, 0.944599986076355, 0.9574000239372253, 0.9362999796867371, 0.9408000111579895], [0.9858999848365784, 0.9830999970436096, 0.9891999959945679, 0.9848999977111816, 0.9890999794006348], [0.9921000003814697, 0.991599977016449, 0.9932000041007996, 0.9911999702453613, 0.9932000041007996]], "times": [85.51607131958008, 83.3866491317749, 83.45212006568909, 83.54090428352356, 83.82291221618652]}}]}