{"mnist_three_layer_nn_efficientnetB0_r_0.0005": [{"regularization": 0.0005, "reps": 5, "classification": {"n_features": [39, 78, 196, 392], "accuracy": [[0.8824999928474426, 0.9088000059127808, 0.9320999979972839, 0.9397000074386597, 0.9135000109672546], [0.9569000005722046, 0.9376000165939331, 0.9528999924659729, 0.9383000135421753, 0.9696000218391418], [0.83160001039505, 0.9556000232696533, 0.9725000262260437, 0.9779999852180481, 0.9639999866485596], [0.9706000089645386, 0.9850000143051147, 0.9775000214576721, 0.9854000210762024, 0.9739000201225281]], "times": [[91.44298362731934, 90.69354462623596, 90.71281385421753, 90.83253502845764, 90.67712235450745], [133.31948232650757, 133.68342447280884, 133.95590233802795, 134.38461923599243, 133.20960092544556], [266.42532896995544, 266.3174250125885, 266.4063529968262, 265.8714337348938, 266.05612874031067], [467.04312539100647, 467.20346188545227, 465.96421003341675, 466.9483025074005, 466.7777795791626]]}}]}