{"mnist_efficientnetB0_r_5e-06": [{"regularization": 5e-06, "reps": 5, "classification": {"n_features": [39, 78, 196, 392], "accuracy": [[0.8080000281333923, 0.7937999963760376, 0.8525999784469604, 0.8112000226974487, 0.8544999957084656], [0.941100001335144, 0.9440000057220459, 0.9337000250816345, 0.9337000250816345, 0.9218999743461609], [0.9815999865531921, 0.9797000288963318, 0.9778000116348267, 0.9797000288963318, 0.9775000214576721], [0.9890999794006348, 0.989799976348877, 0.9865000247955322, 0.9878000020980835, 0.9882000088691711]], "times": [1980.525365114212, 1938.4278428554535, 1953.7072443962097, 1949.0861406326294, 1943.9474320411682]}}]}