{"mnist_densenet_r_0.0005": [{"regularization": 0.0005, "reps": 5, "classification": {"n_features": [39, 78, 196, 392], "accuracy": [[0.9677, 0.9689, 0.9641, 0.966, 0.9674], [0.9792, 0.9848, 0.9866, 0.9796, 0.986], [0.9897, 0.9917, 0.9896, 0.99, 0.9901], [0.9943, 0.9943, 0.9939, 0.9949, 0.9942]], "times": [24.18333148956299, 23.847086668014526, 25.068061590194702, 23.999160766601562, 24.087106227874756]}}]}