{"mnist_three_layer_nn_r_0.0005": [{"regularization": 0.0005, "reps": 5, "classification": {"n_features": [39, 78, 196, 392], "accuracy": [[0.9158999919891357, 0.9293000102043152, 0.917900025844574, 0.9128000140190125, 0.9352999925613403], [0.9810000061988831, 0.9818000197410583, 0.9803000092506409, 0.980400025844574, 0.9800999760627747], [0.9890999794006348, 0.9912999868392944, 0.9919000267982483, 0.9914000034332275, 0.991100013256073], [0.9921000003814697, 0.9925000071525574, 0.991599977016449, 0.9914000034332275, 0.9926999807357788]], "times": [[27.427042484283447, 25.21357488632202, 25.276978015899658, 27.01012659072876, 25.51802086830139], [25.262739181518555, 24.302459716796875, 24.26444101333618, 23.197481393814087, 23.124844551086426], [18.142428874969482, 19.02031683921814, 22.913928031921387, 23.057763814926147, 23.1353280544281], [21.038068771362305, 20.93609881401062, 25.097679376602173, 26.487762212753296, 26.030107498168945]]}}]}