{"mnist_wrn164_r_0.0005": [{"regularization": 0.0005, "reps": 5, "classification": {"n_features": [39, 78, 196, 392], "accuracy": [[0.9717, 0.9706, 0.97, 0.9714, 0.971], [0.9853, 0.9859, 0.9864, 0.9884, 0.9852], [0.991, 0.992, 0.991, 0.9913, 0.9915], [0.9935, 0.9935, 0.9931, 0.9936, 0.993]], "times": [[111.4528284072876, 112.33580803871155, 112.73919010162354, 113.35035991668701, 113.12977004051208], [113.2504301071167, 113.24962568283081, 113.74416065216064, 113.5600049495697, 113.60342597961426], [113.86561560630798, 113.53349900245667, 113.9161171913147, 113.51850461959839, 114.07667303085327], [115.91612386703491, 115.3912513256073, 115.58062982559204, 115.58398652076721, 115.25245237350464]]}}]}