{"mnist_densenet_r_0.0005": [{"regularization": 0.0005, "reps": 5, "classification": {"n_features": [39, 78, 196, 392], "accuracy": [[0.9641, 0.9659, 0.9625, 0.9649, 0.965], [0.9836, 0.9838, 0.9804, 0.9837, 0.9831], [0.9881, 0.9878, 0.9882, 0.9884, 0.9893], [0.9919, 0.991, 0.991, 0.9908, 0.99]], "times": [[114.16182351112366, 117.17708826065063, 115.8276298046112, 116.33685040473938, 116.45392632484436], [118.89570212364197, 116.34776711463928, 115.86633729934692, 115.92313480377197, 116.74126839637756], [116.74433207511902, 116.06181859970093, 117.74784541130066, 119.4362142086029, 119.87882471084595], [121.56001019477844, 122.1780354976654, 118.51861619949341, 118.85653734207153, 120.03945136070251]]}}]}