{"mnist_three_layer_nn_r_0.0005": [{"regularization": 0.0005, "reps": 5, "classification": {"n_features": [39, 78, 196, 392], "accuracy": [[0.9022, 0.9263, 0.9201, 0.9111, 0.9081], [0.9791, 0.9775, 0.9796, 0.9809, 0.9792], [0.9899, 0.991, 0.9912, 0.9912, 0.9922], [0.9927, 0.9917, 0.9911, 0.9925, 0.9925]], "times": [[34.67509579658508, 35.668052434921265, 35.670498847961426, 35.56952142715454, 35.44353127479553], [31.559329748153687, 32.76659059524536, 32.76166224479675, 31.33151078224182, 34.257943630218506], [30.05302619934082, 26.05240750312805, 27.361867427825928, 31.098774909973145, 25.95182490348816], [34.2595317363739, 31.427759170532227, 35.42568039894104, 28.652127742767334, 34.160133361816406]]}}]}