{"mnist_densenet_r_5e-06": [{"regularization": 5e-06, "reps": 5, "classification": {"n_features": [39, 78, 196, 392], "accuracy": [[0.7434999942779541, 0.8658999800682068, 0.8237000107765198, 0.8672000169754028, 0.8661999702453613], [0.940500020980835, 0.9458000063896179, 0.9203000068664551, 0.9538999795913696, 0.9517999887466431], [0.9850999712944031, 0.9855999946594238, 0.9836000204086304, 0.9890999794006348, 0.9876000285148621], [0.9918000102043152, 0.9915000200271606, 0.9926000237464905, 0.9926000237464905, 0.9923999905586243]], "times": [2357.8010795116425, 2360.344557285309, 2355.7160725593567, 2354.5613675117493, 2355.3758919239044]}}]}