{"mnist_three_layer_nn_r_0.0005": [{"regularization": 0.0005, "reps": 5, "classification": {"n_features": [39, 78, 196, 392], "accuracy": [[0.9738, 0.9723, 0.9708, 0.9742, 0.972], [0.9905, 0.991, 0.9887, 0.9901, 0.9904], [0.9943, 0.994, 0.9943, 0.9947, 0.9942], [0.9963, 0.9959, 0.9958, 0.9956, 0.996]], "times": [[52.48935794830322, 54.783523082733154, 57.097681760787964, 53.0910918712616, 54.58874988555908], [39.364562034606934, 41.455178022384644, 40.05820083618164, 39.057594537734985, 41.25731015205383], [26.13807225227356, 23.6333487033844, 25.92871403694153, 23.525981426239014, 25.93470597267151], [14.902714490890503, 14.707710027694702, 14.605238914489746, 14.808878898620605, 14.725718021392822]]}}]}