{"mnist_three_layer_nn_r_0.0005": [{"regularization": 0.0005, "reps": 5, "classification": {"n_features": [39, 78, 196, 392], "accuracy": [[0.9678000211715698, 0.9682999849319458, 0.9657999873161316, 0.9641000032424927, 0.9667999744415283], [0.9865000247955322, 0.9850999712944031, 0.9869999885559082, 0.9861999750137329, 0.9861000180244446], [0.9918000102043152, 0.991100013256073, 0.9919000267982483, 0.9908000230789185, 0.9919000267982483], [0.9937000274658203, 0.9934999942779541, 0.9926000237464905, 0.9925000071525574, 0.9936000108718872]], "times": [[24.050286531448364, 24.20416808128357, 26.09214687347412, 24.446139097213745, 25.272578239440918], [17.982330560684204, 16.924616813659668, 17.926132202148438, 18.03937315940857, 18.032073974609375], [10.875802755355835, 11.537536144256592, 10.933094501495361, 11.03800630569458, 10.919670104980469], [6.923528671264648, 6.929506301879883, 6.8957602977752686, 6.91033411026001, 6.835615873336792]]}}]}