{"mnist_efficientnetB0_r_0.0005": [{"regularization": 0.0005, "reps": 5, "classification": {"n_features": [39, 78, 196, 392], "accuracy": [[0.9677000045776367, 0.9668999910354614, 0.9648000001907349, 0.9646000266075134, 0.9672999978065491], [0.9787999987602234, 0.9805999994277954, 0.9815999865531921, 0.9805999994277954, 0.9767000079154968], [0.9872000217437744, 0.987500011920929, 0.9905999898910522, 0.9901000261306763, 0.9883000254631042], [0.9854000210762024, 0.9904999732971191, 0.9896000027656555, 0.9898999929428101, 0.9897000193595886]], "times": [[85.2415509223938, 84.60646033287048, 84.94959545135498, 84.98834538459778, 85.17814540863037], [83.9219741821289, 84.30476140975952, 84.87636971473694, 84.1829092502594, 84.29213333129883], [85.21596956253052, 84.90812563896179, 85.10710167884827, 85.41392827033997, 86.28896951675415], [86.8527262210846, 87.49054288864136, 87.0376410484314, 85.64960169792175, 86.00727415084839]]}}]}