{"mnist_wrn164_r_0.0005": [{"regularization": 0.0005, "reps": 5, "classification": {"n_features": [39, 78, 196, 392], "accuracy": [[0.8637, 0.7892, 0.8044, 0.9036, 0.8061], [0.9321, 0.9595, 0.9617, 0.9549, 0.9305], [0.994, 0.9927, 0.9935, 0.9928, 0.9927], [0.9955, 0.9942, 0.9951, 0.9948, 0.9944]], "times": [[424.3637773990631, 465.333065032959, 447.34383630752563, 427.37125992774963, 408.8481695652008], [466.8498911857605, 467.3307912349701, 447.91203474998474, 467.04418087005615, 467.7283387184143], [390.74913477897644, 370.7036962509155, 390.4311189651489, 390.5220510959625, 390.3317379951477], [468.2358183860779, 429.0896751880646, 429.2925343513489, 390.7439467906952, 467.64308166503906]]}}]}