{"mnist_wrn164_r_0.0005": [{"regularization": 0.0005, "reps": 5, "classification": {"n_features": [39, 78, 196, 392], "accuracy": [[0.9667, 0.973, 0.9661, 0.964, 0.9642], [0.9899, 0.989, 0.9895, 0.9905, 0.9901], [0.9939, 0.9935, 0.9941, 0.9944, 0.9938], [0.9958, 0.9956, 0.9956, 0.9949, 0.9957]], "times": [[428.7852702140808, 351.46783781051636, 371.2101604938507, 332.45040822029114, 351.79598927497864], [274.1707034111023, 274.0627567768097, 274.2735710144043, 254.96453046798706, 293.7201313972473], [177.14046263694763, 177.1387541294098, 177.3335816860199, 157.80502104759216, 177.13860058784485], [138.28847670555115, 138.17876744270325, 138.29245233535767, 138.38681364059448, 138.277987241745]]}}]}