{"mnist_wrn164_r_0.0005": [{"regularization": 0.0005, "reps": 5, "classification": {"n_features": [39, 78, 196, 392], "accuracy": [[0.7405, 0.9617, 0.9468, 0.9593, 0.9588], [0.9888, 0.9859, 0.9858, 0.9885, 0.987], [0.9945, 0.9933, 0.9932, 0.9935, 0.9938], [0.9946, 0.9948, 0.9955, 0.9954, 0.9957]], "model_accuracy": [[0.1009, 0.9367, 0.5671, 0.973, 0.9713], [0.9905, 0.9911, 0.9906, 0.9909, 0.991], [0.9943, 0.9942, 0.9937, 0.9945, 0.995], [0.9958, 0.9957, 0.9962, 0.9958, 0.9961]], "times": [[2124.3499615192413, 2143.5632729530334, 2142.0130455493927, 2143.551120996475, 2144.9053263664246], [2233.7619485855103, 2233.6073026657104, 2235.4825620651245, 2235.4563570022583, 2234.7392132282257], [2529.7393639087677, 2526.696907520294, 2525.0286593437195, 2530.9625618457794, 2527.9251248836517], [3010.7743616104126, 3015.063776254654, 3013.276781797409, 3013.5862576961517, 3009.5946617126465]]}}]}