{"mnist_wrn164_r_0.0005": [{"regularization": 0.0005, "reps": 5, "classification": {"n_features": [39, 78, 196, 392], "accuracy": [[0.974, 0.9713, 0.9721, 0.973, 0.973], [0.9877, 0.988, 0.9886, 0.9881, 0.9879], [0.9928, 0.9935, 0.9936, 0.9941, 0.9943], [0.996, 0.9951, 0.9953, 0.9955, 0.994]], "times": [199.4790394306183, 199.75961232185364, 199.79760551452637, 200.35285139083862, 200.6435673236847]}}, {"regularization": 0.0005, "reps": 5, "classification": {"n_features": [39, 78, 196, 392], "accuracy": [[0.9724, 0.9709, 0.9655, 0.9741, 0.9739], [0.9877, 0.9896, 0.9874, 0.9889, 0.989], [0.9935, 0.9943, 0.993, 0.9951, 0.9952], [0.9962, 0.9951, 0.9952, 0.9951, 0.9951]], "times": [275.0112075805664, 278.3049781322479, 279.00353956222534, 298.12398171424866, 278.63108801841736]}}]}