{"reps": 1, "classification": {"mus": [0.8333333333333334, 0.8333333333333334, 0.8333333333333334, 0.8333333333333334, 0.8333333333333334], "n_features": [10, 50, 100, 150, 200], "accuracy": [[0.5, 0.5, 0.5, 0.5, 0.5, 0.5, 0.5, 0.5, 0.5, 0.5, 0.5, 0.5, 0.5, 0.5, 0.5, 0.5, 0.5, 0.5, 0.5, 0.5, 0.5, 0.5, 0.5, 0.5, 0.5, 0.5, 0.5, 0.5, 0.5, 0.5, 0.5, 0.5, 0.5, 0.5, 0.5, 0.5, 0.5, 0.5, 0.5, 0.5, 0.5, 0.5, 0.5, 0.5, 0.5, 0.5, 0.5, 0.5, 0.5, 0.5, 0.5, 0.5, 0.5, 0.5, 0.5, 0.5, 0.5, 0.5, 0.5, 0.5], [0.5, 0.5, 0.5, 0.5, 0.5, 0.5, 0.5, 0.5, 0.5, 0.5, 0.5, 0.5, 0.5, 0.5, 0.5, 0.5, 0.5, 0.5, 0.5, 0.5, 0.5, 0.5, 0.5, 0.5, 0.5, 0.5, 0.5, 0.5, 0.5, 0.5, 0.5, 0.5, 0.5, 0.5, 0.5, 0.5, 0.5, 0.5, 0.5, 0.5, 0.5, 0.5, 0.5, 0.5, 0.5, 0.5, 0.5, 0.5, 0.5, 0.5, 0.5, 0.5, 0.5, 0.5, 0.5, 0.5, 0.5, 0.5, 0.5, 0.5], [0.5, 0.5, 0.5, 0.5, 0.5, 0.5, 0.5, 0.5, 0.5, 0.5, 0.5, 0.5, 0.5, 0.5, 0.5, 0.5, 0.5, 0.5, 0.5, 0.5, 0.5, 0.5, 0.5, 0.5, 0.5, 0.5, 0.5, 0.5, 0.5, 0.5, 0.5, 0.5, 0.5, 0.5, 0.5, 0.5, 0.5, 0.5, 0.5, 0.5, 0.5, 0.5, 0.5, 0.5, 0.5, 0.5, 0.5, 0.5, 0.5, 0.5, 0.5, 0.5, 0.5, 0.5, 0.5, 0.5, 0.5, 0.5, 0.5, 0.5], [0.5, 0.5, 0.5, 0.5, 0.5, 0.5, 0.5, 0.5, 0.5, 0.5, 0.5, 0.5, 0.5, 0.5, 0.5, 0.5, 0.5, 0.5, 0.5, 0.5, 0.5, 0.5, 0.5, 0.5, 0.5, 0.5, 0.5, 0.5, 0.5, 0.5, 0.5, 0.5, 0.5, 0.5, 0.5, 0.5, 0.5, 0.5, 0.5, 0.5, 0.5, 0.5, 0.5, 0.5, 0.5, 0.5, 0.5, 0.5, 0.5, 0.5, 0.5, 0.5, 0.5, 0.5, 0.5, 0.5, 0.5, 0.5, 0.5, 0.5], [0.5, 0.5, 0.5, 0.5, 0.5, 0.5, 0.5, 0.5, 0.5, 0.5, 0.5, 0.5, 0.5, 0.5, 0.5, 0.5, 0.5, 0.5, 0.5, 0.5, 0.5, 0.5, 0.5, 0.5, 0.5, 0.5, 0.5, 0.5, 0.5, 0.5, 0.5, 0.5, 0.5, 0.5, 0.5, 0.5, 0.5, 0.5, 0.5, 0.5, 0.5, 0.5, 0.5, 0.5, 0.5, 0.5, 0.5, 0.5, 0.5, 0.5, 0.5, 0.5, 0.5, 0.5, 0.5, 0.5, 0.5, 0.5, 0.5, 0.5]], "mean_accuracy": [0.5, 0.5, 0.5, 0.5, 0.5], "svc_accuracy": [[98.36065573770492, 93.33333333333333, 100.0, 98.36065573770492, 98.33333333333333, 95.0, 100.0, 95.0, 96.66666666666667, 91.80327868852459, 100.0, 100.0, 100.0, 98.33333333333333, 98.33333333333333, 96.72131147540983, 96.66666666666667, 93.33333333333333, 98.36065573770492, 100.0, 96.66666666666667, 98.36065573770492, 98.33333333333333, 93.33333333333333, 98.36065573770492, 98.33333333333333, 96.66666666666667, 96.72131147540983, 98.33333333333333, 98.33333333333333, 100.0, 96.66666666666667, 100.0, 96.72131147540983, 98.33333333333333, 100.0, 98.36065573770492, 96.66666666666667, 98.33333333333333, 100.0, 95.0, 96.66666666666667, 98.36065573770492, 98.33333333333333, 98.33333333333333, 100.0, 98.33333333333333, 100.0, 96.72131147540983, 98.33333333333333, 98.33333333333333, 95.08196721311475, 96.66666666666667, 100.0, 95.08196721311475, 96.66666666666667, 98.33333333333333, 98.36065573770492, 98.33333333333333, 98.33333333333333], [98.36065573770492, 95.0, 98.33333333333333, 100.0, 100.0, 96.66666666666667, 100.0, 93.33333333333333, 98.33333333333333, 88.52459016393442, 100.0, 100.0, 100.0, 96.66666666666667, 98.33333333333333, 100.0, 100.0, 96.66666666666667, 100.0, 100.0, 96.66666666666667, 100.0, 100.0, 91.66666666666667, 100.0, 98.33333333333333, 96.66666666666667, 100.0, 98.33333333333333, 100.0, 100.0, 98.33333333333333, 98.33333333333333, 98.36065573770492, 100.0, 98.33333333333333, 96.72131147540983, 100.0, 100.0, 98.36065573770492, 96.66666666666667, 100.0, 98.36065573770492, 98.33333333333333, 98.33333333333333, 96.72131147540983, 100.0, 100.0, 96.72131147540983, 100.0, 95.0, 96.72131147540983, 98.33333333333333, 100.0, 96.72131147540983, 100.0, 100.0, 95.08196721311475, 100.0, 100.0], [98.36065573770492, 95.0, 98.33333333333333, 100.0, 100.0, 95.0, 100.0, 91.66666666666667, 100.0, 90.1639344262295, 100.0, 100.0, 98.36065573770492, 96.66666666666667, 100.0, 100.0, 100.0, 95.0, 98.36065573770492, 100.0, 95.0, 100.0, 100.0, 93.33333333333333, 100.0, 100.0, 98.33333333333333, 98.36065573770492, 96.66666666666667, 100.0, 100.0, 98.33333333333333, 98.33333333333333, 98.36065573770492, 100.0, 98.33333333333333, 98.36065573770492, 100.0, 100.0, 95.08196721311475, 96.66666666666667, 100.0, 100.0, 98.33333333333333, 100.0, 95.08196721311475, 100.0, 100.0, 96.72131147540983, 100.0, 96.66666666666667, 95.08196721311475, 100.0, 100.0, 98.36065573770492, 98.33333333333333, 100.0, 96.72131147540983, 100.0, 98.33333333333333], [100.0, 95.0, 98.33333333333333, 100.0, 100.0, 95.0, 100.0, 91.66666666666667, 98.33333333333333, 88.52459016393442, 100.0, 100.0, 98.36065573770492, 96.66666666666667, 98.33333333333333, 100.0, 100.0, 93.33333333333333, 98.36065573770492, 100.0, 95.0, 100.0, 100.0, 91.66666666666667, 100.0, 100.0, 98.33333333333333, 98.36065573770492, 95.0, 98.33333333333333, 100.0, 96.66666666666667, 98.33333333333333, 98.36065573770492, 100.0, 96.66666666666667, 96.72131147540983, 96.66666666666667, 100.0, 96.72131147540983, 96.66666666666667, 100.0, 98.36065573770492, 98.33333333333333, 100.0, 96.72131147540983, 100.0, 100.0, 96.72131147540983, 98.33333333333333, 100.0, 95.08196721311475, 100.0, 98.33333333333333, 98.36065573770492, 98.33333333333333, 98.33333333333333, 96.72131147540983, 100.0, 98.33333333333333], [100.0, 95.0, 100.0, 100.0, 100.0, 95.0, 100.0, 91.66666666666667, 100.0, 90.1639344262295, 100.0, 100.0, 96.72131147540983, 96.66666666666667, 98.33333333333333, 100.0, 100.0, 93.33333333333333, 98.36065573770492, 100.0, 95.0, 100.0, 100.0, 91.66666666666667, 98.36065573770492, 98.33333333333333, 96.66666666666667, 98.36065573770492, 95.0, 96.66666666666667, 98.36065573770492, 98.33333333333333, 98.33333333333333, 98.36065573770492, 100.0, 96.66666666666667, 98.36065573770492, 96.66666666666667, 100.0, 95.08196721311475, 96.66666666666667, 100.0, 98.36065573770492, 98.33333333333333, 98.33333333333333, 96.72131147540983, 100.0, 100.0, 96.72131147540983, 98.33333333333333, 96.66666666666667, 95.08196721311475, 100.0, 100.0, 98.36065573770492, 98.33333333333333, 98.33333333333333, 95.08196721311475, 100.0, 96.66666666666667]], "mean_svc_accuracy": [97.70673952641164, 98.28870673952642, 98.261839708561, 97.95628415300546, 97.79098360655738],