{"kernel": "linear", "reps": 1, "classification": {"mus": [0.8333333333333334], "accuracy": [[0.984375, 1.0, 1.0, 0.984375, 1.0, 0.984375, 1.0, 0.9821428656578064, 0.96875, 0.984375, 0.984375, 1.0, 1.0, 0.9821428656578064, 1.0, 1.0, 1.0, 0.9821428656578064, 1.0, 1.0, 1.0, 0.982758641242981, 0.9821428656578064, 0.984375, 1.0, 0.96875, 1.0, 1.0, 0.953125, 0.96875, 0.96875, 1.0, 0.984375, 0.984375, 1.0, 1.0, 1.0, 1.0, 0.984375, 1.0, 0.953125, 0.96875, 0.9310344457626343, 0.9375, 0.984375, 1.0, 0.984375, 1.0, 1.0, 1.0, 0.9821428656578064, 1.0, 1.0, 1.0, 0.984375, 1.0, 1.0, 0.982758641242981, 0.96875, 1.0]], "mean_accuracy": [0.9879336009422938], "svc_accuracy": [[96.72131147540983, 100.0, 100.0, 100.0, 98.33333333333333, 98.33333333333333, 100.0, 96.66666666666667, 98.33333333333333, 95.08196721311475, 100.0, 100.0, 98.36065573770492, 100.0, 98.33333333333333, 96.72131147540983, 100.0, 98.33333333333333, 100.0, 100.0, 96.66666666666667, 100.0, 98.33333333333333, 98.33333333333333, 100.0, 98.33333333333333, 98.33333333333333, 98.36065573770492, 98.33333333333333, 100.0, 98.36065573770492, 98.33333333333333, 100.0, 100.0, 98.33333333333333, 98.33333333333333, 100.0, 100.0, 96.66666666666667, 100.0, 98.33333333333333, 98.33333333333333, 98.36065573770492, 98.33333333333333, 100.0, 100.0, 98.33333333333333, 100.0, 98.36065573770492, 100.0, 98.33333333333333, 100.0, 96.66666666666667, 100.0, 96.72131147540983, 100.0, 100.0, 98.36065573770492, 98.33333333333333, 100.0]], "mean_svc_accuracy": [98.84016393442623], "BA": [[0.9545454978942871, 1.0, 1.0, 0.9545454978942871, 1.0, 0.949999988079071, 1.0, 0.9900000095367432, 0.8999999761581421, 0.9545454978942871, 0.949999988079071, 1.0, 1.0, 0.9900000095367432, 1.0, 1.0, 1.0, 0.9900000095367432, 1.0, 1.0, 1.0, 0.9900000095367432, 0.9900000095367432, 0.949999988079071, 1.0, 0.8999999761581421, 1.0, 1.0, 0.8500000238418579, 0.8999999761581421, 0.9090908765792847, 1.0, 0.949999988079071, 0.9545454978942871, 1.0, 1.0, 1.0, 1.0, 0.949999988079071, 1.0, 0.8500000238418579, 0.8999999761581421, 0.9600000381469727, 0.800000011920929, 0.949999988079071, 1.0, 0.949999988079071, 1.0, 1.0, 1.0, 0.9900000095367432, 1.0, 1.0, 1.0, 0.9545454978942871, 1.0, 1.0, 0.9900000095367432, 0.8999999761581421, 1.0]], "mean_BA": [0.9703636387983958], "mAP": [[1.0, 1.0, 1.0, 1.0, 1.0, 1.0, 1.0, 1.0, 1.0, 1.0, 1.0, 1.0, 1.0, 1.0, 1.0, 1.0, 1.0, 1.0, 1.0, 1.0, 1.0, 1.0, 1.0, 1.0, 1.0, 1.0, 1.0, 1.0, 1.0, 1.0, 0.9924242424242424, 1.0, 1.0, 1.0, 1.0, 1.0, 1.0, 1.0, 1.0, 1.0, 1.0, 0.9416666666666667, 0.9924242424242424, 1.0, 1.0, 1.0, 1.0, 1.0, 1.0, 1.0, 1.0, 1.0, 1.0, 1.0, 1.0, 1.0, 1.0, 0.9924242424242424, 0.9909090909090909, 1.0]], "mean_mAP": [0.9984974747474747], "svc_BA": [[0.9445455074310303, 1.0, 1.0, 1.0, 0.949999988079071, 0.9900000095367432, 1.0, 0.9800000190734863, 0.949999988079071, 0.9345454573631287, 1.0, 1.0, 0.9900000095367432, 1.0, 0.949999988079071, 0.9445455074310303, 1.0, 0.9900000095367432, 1.0, 1.0, 0.9399999976158142, 1.0, 0.9900000095367432, 0.949999988079071, 1.0, 0.949999988079071, 0.9900000095367432, 0.9900000095367432, 0.949999988079071, 1.0, 0.9900000095367432, 0.949999988079071, 1.0, 1.0, 0.949999988079071, 0.9900000095367432, 1.0, 1.0, 0.9399999976158142, 1.0, 0.949999988079071, 0.9900000095367432, 0.9545454978942871, 0.9900000095367432, 1.0, 1.0, 0.949999988079071, 1.0, 0.9545454978942871, 1.0, 0.9900000095367432, 1.0, 0.9399999976158142, 1.0, 0.9445455074310303, 1.0, 1.0, 0.9545454978942871, 0.9900000095367432, 1.0]], "svc_mean_BA": [0.9801969746748607], "svc_mAP": [[0.9924242424242424, 1.0, 1.0, 1.0, 0.9909090909090909, 1.0, 1.0, 1.0, 1.0, 0.986013986013986, 1.0, 1.0, 1.0, 1.0, 0.9909090909090909, 0.986013986013986, 1.0, 1.0, 1.0, 1.0, 0.9909090909090909, 1.0, 1.0, 0.9769230769230769, 1.0, 1.0, 1.0, 1.0, 1.0, 1.0, 1.0, 0.9909090909090909, 1.0, 1.0, 1.0, 1.0, 1.0, 1.0, 0.9909090909090909, 1.0, 1.0, 1.0, 0.9924242424242424, 1.0, 1.0, 1.0, 1.0, 1.0, 1.0, 1.0, 1.0, 1.0, 0.9909090909090909, 1.0, 0.986013986013986, 1.0, 1.0, 1.0, 1.0, 1.0]], "svc_mean_mAP": [0.9977544677544679], "fs_time": [[]]}}