{"kernel": "linear", "reps": 1, "classification": {"mus": [0.8333333333333334], "accuracy": [[1.0, 1.0, 0.96875, 0.984375, 0.984375, 1.0, 1.0, 1.0, 1.0, 0.96875, 1.0, 1.0, 1.0, 1.0, 1.0, 0.953125, 1.0, 1.0, 1.0, 0.96875, 0.984375, 1.0, 1.0, 1.0, 1.0, 1.0, 0.9821428656578064, 1.0, 1.0, 1.0, 0.984375, 1.0, 1.0, 1.0, 0.953125, 1.0, 0.96875, 0.953125, 0.9821428656578064, 0.9482758641242981, 0.984375, 0.984375, 0.984375, 0.96875, 1.0, 1.0, 0.984375, 0.984375, 0.96875, 1.0, 1.0, 1.0, 1.0, 1.0, 0.984375, 1.0, 1.0, 1.0, 0.953125, 1.0]], "mean_accuracy": [0.9896885265906652], "svc_accuracy": [[96.72131147540983, 100.0, 100.0, 100.0, 98.33333333333333, 98.33333333333333, 100.0, 96.66666666666667, 98.33333333333333, 95.08196721311475, 100.0, 100.0, 98.36065573770492, 100.0, 98.33333333333333, 96.72131147540983, 100.0, 98.33333333333333, 100.0, 100.0, 96.66666666666667, 100.0, 98.33333333333333, 98.33333333333333, 100.0, 98.33333333333333, 98.33333333333333, 98.36065573770492, 98.33333333333333, 100.0, 98.36065573770492, 98.33333333333333, 100.0, 100.0, 98.33333333333333, 98.33333333333333, 100.0, 100.0, 96.66666666666667, 100.0, 98.33333333333333, 98.33333333333333, 98.36065573770492, 98.33333333333333, 100.0, 100.0, 98.33333333333333, 100.0, 98.36065573770492, 100.0, 98.33333333333333, 100.0, 96.66666666666667, 100.0, 96.72131147540983, 100.0, 100.0, 98.36065573770492, 98.33333333333333, 100.0]], "mean_svc_accuracy": [98.84016393442623], "BA": [[1.0, 1.0, 0.8999999761581421, 0.9545454978942871, 0.949999988079071, 1.0, 1.0, 1.0, 1.0, 0.9090908765792847, 1.0, 1.0, 1.0, 1.0, 1.0, 0.8636363744735718, 1.0, 1.0, 1.0, 0.8999999761581421, 0.949999988079071, 1.0, 1.0, 1.0, 1.0, 1.0, 0.9900000095367432, 1.0, 1.0, 1.0, 0.9545454978942871, 1.0, 1.0, 1.0, 0.8500000238418579, 1.0, 0.9090908765792847, 0.8500000238418579, 0.9900000095367432, 0.9700000286102295, 0.949999988079071, 0.949999988079071, 0.9545454978942871, 0.8999999761581421, 1.0, 1.0, 0.949999988079071, 0.949999988079071, 0.9090908765792847, 1.0, 1.0, 1.0, 1.0, 1.0, 0.9545454978942871, 1.0, 1.0, 1.0, 0.8500000238418579, 1.0]], "mean_BA": [0.9718181828657786], "auc": [[1.0, 1.0, 1.0, 1.0, 1.0, 1.0, 1.0, 1.0, 1.0, 1.0, 1.0, 1.0, 1.0, 1.0, 1.0, 1.0, 1.0, 1.0, 1.0, 1.0, 1.0, 1.0, 1.0, 1.0, 1.0, 1.0, 1.0, 1.0, 1.0, 1.0, 1.0, 1.0, 1.0, 1.0, 1.0, 1.0, 1.0, 1.0, 1.0, 1.0, 1.0, 1.0, 1.0, 1.0, 1.0, 1.0, 1.0, 1.0, 0.9963636363636363, 1.0, 1.0, 1.0, 1.0, 1.0, 1.0, 1.0, 1.0, 1.0, 1.0, 1.0]], "mean_auc": [0.999939393939394], "svc_BA": [[0.9445455074310303, 1.0, 1.0, 1.0, 0.949999988079071, 0.9900000095367432, 1.0, 0.9800000190734863, 0.949999988079071, 0.9345454573631287, 1.0, 1.0, 0.9900000095367432, 1.0, 0.949999988079071, 0.9445455074310303, 1.0, 0.9900000095367432, 1.0, 1.0, 0.9399999976158142, 1.0, 0.9900000095367432, 0.949999988079071, 1.0, 0.949999988079071, 0.9900000095367432, 0.9900000095367432, 0.949999988079071, 1.0, 0.9900000095367432, 0.949999988079071, 1.0, 1.0, 0.949999988079071, 0.9900000095367432, 1.0, 1.0, 0.9399999976158142, 1.0, 0.949999988079071, 0.9900000095367432, 0.9545454978942871, 0.9900000095367432, 1.0, 1.0, 0.949999988079071, 1.0, 0.9545454978942871, 1.0, 0.9900000095367432, 1.0, 0.9399999976158142, 1.0, 0.9445455074310303, 1.0, 1.0, 0.9545454978942871, 0.9900000095367432, 1.0]], "svc_mean_BA": [0.9801969746748607], "svc_auc": [[0.9981818181818182, 1.0, 1.0, 1.0, 0.998, 1.0, 1.0, 1.0, 1.0, 0.9963636363636363, 1.0, 1.0, 1.0, 1.0, 0.998, 0.9963636363636363, 1.0, 1.0, 1.0, 1.0, 0.998, 1.0, 1.0, 0.994, 1.0, 1.0, 1.0, 1.0, 1.0, 1.0, 1.0, 0.998, 1.0, 1.0, 1.0, 1.0, 1.0, 1.0, 0.998, 1.0, 1.0, 1.0, 0.9981818181818182, 1.0, 1.0, 1.0, 1.0, 1.0, 1.0, 1.0, 1.0, 1.0, 0.998, 1.0, 0.9963636363636363, 1.0, 1.0, 1.0, 1.0, 1.0]], "svc_mean_auc": [0.9994575757575758], "fs_time": [[]]}}