{"kernel": "linear", "reps": 1, "classification": {"mus": [2.4390243902439024], "accuracy": [[0.8095238208770752, 0.761904776096344, 0.949999988079071, 0.8095238208770752, 0.7142857313156128, 0.8500000238418579, 0.761904776096344, 0.8571428656578064, 0.6499999761581421, 0.8095238208770752, 0.8571428656578064, 0.800000011920929, 0.8571428656578064, 0.761904776096344, 0.8500000238418579, 0.8571428656578064, 0.761904776096344, 0.8500000238418579, 0.8095238208770752, 0.8095238208770752, 0.8999999761581421, 0.761904776096344, 0.9523809552192688, 0.800000011920929, 0.7142857313156128, 0.8571428656578064, 0.8999999761581421, 0.9523809552192688, 0.8095238208770752, 0.8500000238418579, 0.8571428656578064, 0.761904776096344, 0.8999999761581421, 0.8571428656578064, 0.761904776096344, 0.8500000238418579, 0.8571428656578064, 0.761904776096344, 0.6499999761581421, 0.761904776096344, 0.761904776096344, 0.8500000238418579, 0.8571428656578064, 0.9047619104385376, 0.800000011920929, 0.8095238208770752, 0.9047619104385376, 0.699999988079071, 0.761904776096344, 0.9047619104385376, 0.6000000238418579, 0.8571428656578064, 0.761904776096344, 0.8999999761581421, 0.7142857313156128, 0.8571428656578064, 0.75, 0.7142857313156128, 0.8571428656578064, 0.8500000238418579]], "mean_accuracy": [0.8136904845635097], "svc_accuracy": [[80.95238095238095, 76.19047619047619, 90.0, 71.42857142857143, 76.19047619047619, 90.0, 71.42857142857143, 71.42857142857143, 85.0, 85.71428571428571, 85.71428571428571, 75.0, 66.66666666666667, 80.95238095238095, 90.0, 85.71428571428571, 85.71428571428571, 75.0, 90.47619047619048, 80.95238095238095, 70.0, 90.47619047619048, 85.71428571428571, 75.0, 66.66666666666667, 85.71428571428571, 75.0, 76.19047619047619, 85.71428571428571, 90.0, 80.95238095238095, 76.19047619047619, 65.0, 80.95238095238095, 71.42857142857143, 80.0, 85.71428571428571, 71.42857142857143, 85.0, 80.95238095238095, 85.71428571428571, 90.0, 76.19047619047619, 85.71428571428571, 85.0, 66.66666666666667, 85.71428571428571, 70.0, 80.95238095238095, 85.71428571428571, 90.0, 71.42857142857143, 71.42857142857143, 85.0, 76.19047619047619, 100.0, 70.0, 71.42857142857143, 80.95238095238095, 80.0]], "mean_svc_accuracy": [80.01190476190477], "BA": [[0.7857142686843872, 0.7355769276618958, 0.9285714626312256, 0.75, 0.6730769276618958, 0.8186813592910767, 0.75, 0.8365384340286255, 0.5329670310020447, 0.75, 0.8125, 0.8131868243217468, 0.8928571343421936, 0.7355769276618958, 0.7857142686843872, 0.8214285373687744, 0.759615421295166, 0.7857142686843872, 0.75, 0.7980769276618958, 0.9230769276618958, 0.6785714030265808, 0.9615384340286255, 0.7802197933197021, 0.6428571343421936, 0.8365384340286255, 0.8901098966598511, 0.9642857313156128, 0.7980769276618958, 0.7857142686843872, 0.7857142686843872, 0.7115384340286255, 0.9230769276618958, 0.8214285373687744, 0.7355769276618958, 0.8186813592910767, 0.7857142686843872, 0.7355769276618958, 0.5329670310020447, 0.7142857313156128, 0.7355769276618958, 0.8186813592910767, 0.8214285373687744, 0.875, 0.8131868243217468, 0.75, 0.8990384340286255, 0.6373626589775085, 0.7142857313156128, 0.875, 0.49450549483299255, 0.8214285373687744, 0.7355769276618958, 0.8901098966598511, 0.6428571343421936, 0.8125, 0.7417582273483276, 0.7142857313156128, 0.8365384340286255, 0.7857142686843872]], "mean_BA": [0.779269686837991], "mAP": [[0.9627976190476188, 0.9242035742035739, 0.8909054620593082, 0.9564625850340134, 0.8928368864603682, 0.9796597633136095, 0.8739548150262435, 0.9513755475293935, 0.9067238541934897, 0.9710884353741496, 0.9627308588847048, 0.9254615267773161, 0.9746031746031745, 0.9058552558552557, 0.958945755099601, 0.9760531135531136, 0.9210994134071055, 0.8714171512248434, 0.9314384863257043, 0.897824561059855, 0.9786324786324785, 0.9439643689643689, 0.9819004524886878, 0.8679886352963275, 0.8786513090084518, 0.9774161735700195, 0.9195443670140024, 0.9910714285714286, 0.91028416028416, 0.8924794222871145, 0.9401418143014781, 0.8623711758327142, 0.9538461538461536, 0.9761009667024704, 0.899640316948009, 0.9141082020041296, 0.8907058336154975, 0.9178368864603681, 0.9234470657547578, 0.8698245207173778, 0.9235285632046764, 0.9463407130827945, 0.9478545264259548, 0.8605025316563779, 0.9446434132668948, 0.8981469918969919, 0.9706959706959704, 0.8538638262322471, 0.9109497645211928, 0.8652644364182827, 0.9269230769230767, 0.9208703994418279, 0.8868198041274962, 0.9786324786324785, 0.9238412589916347, 0.9493303704842164, 0.8947563120640043, 0.9534100819815104, 0.9583685545224003, 0.8939751487828411]], "mean_mAP": [0.9255685299114218], "svc_BA": [[0.8214285373687744, 0.759615421295166, 0.8901098966598511, 0.75, 0.759615421295166, 0.8901098966598511, 0.7142857313156128, 0.7692307829856873, 0.8516483306884766, 0.8928571343421936, 0.8365384340286255, 0.7747253179550171, 0.75, 0.7980769276618958, 0.8571428656578064, 0.8571428656578064, 0.884615421295166, 0.7417582273483276, 0.8928571343421936, 0.822115421295166, 0.7692307829856873, 0.8928571343421936, 0.884615421295166, 0.7087912559509277, 0.6785714626312256, 0.8365384340286255, 0.7417582273483276, 0.7857142686843872, 0.8605769276618958, 0.8901098966598511, 0.75, 0.807692289352417, 0.6648352146148682, 0.7857142686843872, 0.7211538553237915, 0.8461538553237915, 0.8571428656578064, 0.697115421295166, 0.8186813592910767, 0.7857142686843872, 0.884615421295166, 0.8901098966598511, 0.7142857313156128, 0.8605769276618958, 0.884615421295166, 0.7142857313156128, 0.8365384340286255, 0.7362637519836426, 0.8571428656578064, 0.8365384340286255, 0.8901098966598511, 0.7142857313156128, 0.745192289352417, 0.8516483306884766, 0.75, 1.0, 0.7362637519836426, 0.75, 0.822115421295166, 0.7802197933197021]], "svc_mean_BA": [0.8058608134587606], "svc_mAP": [[0.9679748822605965, 0.80043396774166, 0.8109298820837282, 0.9313182848897132, 0.8942011205169098, 0.9945054945054943, 0.8810521037024795, 0.9513755475293935, 0.8297601693112528, 0.9666666666666666, 0.9449453324453324, 0.9325768248845172, 0.9841269841269841, 0.9300172929132204, 0.9999999999999998, 0.9503178194354664, 0.9474358974358972, 0.8913042086119007, 0.9650528043385185, 0.902753870061562, 0.9786324786324785, 0.940449629735344, 0.9757085020242913, 0.7704668984795205, 0.8526325681787865, 0.9210661133738054, 0.8948784121861044, 0.9347903923561818, 0.9006687756687755, 0.9445684657223117, 0.9317862809459447, 0.9786324786324785, 0.8942011205169098, 0.9499148512306406, 0.7992425121384397, 0.9786324786324785, 0.9260788814360241, 0.8827674462289845, 0.9556776556776554, 0.7693646456251498, 0.9423558897243105, 0.9445684657223117, 0.927344195253859, 0.8268028979567441, 0.9495977878330819, 0.8560914127643451, 0.9706959706959704, 0.8762452909214042, 0.9351561137275421, 0.7916824853059671, 0.9607495069033529, 0.8493558845449601, 0.8593597641674564, 0.9745879120879121, 0.9093571320075078, 0.9999999999999998, 0.8854996310878664, 0.9409042463139101, 0.9607495069033529, 0.9645011850894203]], "svc_mean_mAP": [0.9163752503315813], "fs_time": [[]]}}