{"kernel": "linear", "reps": 1, "classification": {"mus": [0.04329004329004329], "accuracy": [[0.8451557093425606, 0.8640692640692641, 0.8683982684498741, 0.8719723183391004, 0.8502164502680559, 0.8753246753246753, 0.8719723183391004, 0.8536796536796537, 0.8640692640692641, 0.8624567474048442, 0.8597402597402597, 0.8701298701814759, 0.8719723183391004, 0.8528138528654585, 0.8683982683982684, 0.8650519031141869, 0.8545454545454545, 0.8493506493506493, 0.8762975778546713, 0.8458874459390516, 0.8666666666666667, 0.8650519031141869, 0.8528138528138528, 0.8770562770562771, 0.8737024221453287, 0.8571428571944629, 0.8692640692640693, 0.8494809688581315, 0.8528138528138528, 0.8761904762420819, 0.856401384083045, 0.869264069315675, 0.8701298701814759, 0.8520761245674741, 0.8666666667182724, 0.8640692641208698, 0.865916955017301, 0.8580086580602637, 0.8727272727788785, 0.8667820069204152, 0.8571428571428571, 0.8545454545454545, 0.8486159169550173, 0.8597402597660626, 0.8796536796536797, 0.8460207612456747, 0.8666666667182724, 0.8683982683982684, 0.8572664359861591, 0.8640692641208698, 0.8640692640692641, 0.8650519031141869, 0.8562770562770563, 0.8701298701814759, 0.8598615916955017, 0.8623376623892681, 0.8770562770562771, 0.865916955017301, 0.8683982683982684, 0.8623376623376623]], "mean_accuracy": [0.8629547327102688], "svc_accuracy": [[85.6401384083045, 86.14718614718615, 86.58008658008659, 86.159169550173, 85.02164502164503, 87.79220779220779, 86.24567474048443, 85.10822510822511, 86.06060606060606, 86.41868512110727, 86.49350649350649, 87.18614718614718, 86.5916955017301, 85.36796536796537, 86.75324675324676, 85.89965397923875, 85.88744588744589, 86.06060606060606, 87.62975778546713, 84.5021645021645, 86.4069264069264, 85.72664359861592, 86.58008658008659, 87.35930735930737, 87.19723183391004, 85.62770562770562, 86.49350649350649, 85.46712802768167, 84.32900432900433, 88.57142857142857, 85.38062283737024, 86.32034632034632, 87.61904761904762, 86.41868512110727, 87.18614718614718, 85.80086580086581, 87.11072664359861, 84.84848484848484, 87.18614718614718, 86.5916955017301, 86.23376623376623, 85.54112554112554, 86.159169550173, 86.06060606060606, 86.49350649350649, 85.2076124567474, 86.23376623376623, 87.0995670995671, 85.38062283737024, 85.97402597402598, 86.23376623376623, 85.89965397923875, 85.1948051948052, 86.14718614718615, 85.29411764705883, 86.32034632034632, 86.83982683982684, 86.33217993079585, 87.01298701298701, 85.88744588744589]], "mean_svc_accuracy": [86.22189392691122], "BA": [[0.845304012298584, 0.8637332916259766, 0.8681346774101257, 0.8717243671417236, 0.8502756357192993, 0.8751199841499329, 0.8720537424087524, 0.8535972833633423, 0.8641036748886108, 0.8624305725097656, 0.8595312833786011, 0.8702657222747803, 0.8718740940093994, 0.8527740240097046, 0.868334174156189, 0.8650714159011841, 0.8544490933418274, 0.8493384122848511, 0.8758862614631653, 0.8459312319755554, 0.8665165901184082, 0.8647420406341553, 0.8526885509490967, 0.8772794008255005, 0.8733053207397461, 0.8574888706207275, 0.8688725233078003, 0.848956823348999, 0.852432131767273, 0.8763136863708496, 0.8558194637298584, 0.8691574335098267, 0.8704936504364014, 0.8521665334701538, 0.8664880990982056, 0.8635623455047607, 0.8659217357635498, 0.8577708005905151, 0.8727925419807434, 0.8663528561592102, 0.8570329546928406, 0.854620099067688, 0.8484658002853394, 0.8600727319717407, 0.8792934417724609, 0.8456752300262451, 0.8664596080780029, 0.8686190843582153, 0.8569092750549316, 0.8641891479492188, 0.8640466928482056, 0.8652510046958923, 0.8555543422698975, 0.8699807524681091, 0.8599992990493774, 0.8618017435073853, 0.8768520355224609, 0.8662810325622559, 0.86802077293396, 0.8620297312736511]], "mean_BA": [0.8628368188937505], "mAP": [[0.9215988277198386, 0.9316693628054293, 0.9199728616164345, 0.9273121920786536, 0.9226666212436998, 0.9298147119591913, 0.9329544432941821, 0.9109770652059069, 0.9261693686652921, 0.9153192419934874, 0.9239576575226562, 0.9398183984304701, 0.9376502392177132, 0.9207292779172844, 0.92699205287937, 0.9207633755185023, 0.9309470780892642, 0.922605985177074, 0.9380442845954113, 0.9189077641223071, 0.9314142455383281, 0.9280751135744623, 0.9258781354187249, 0.941480325990508, 0.9413086149408463, 0.9168984329714003, 0.931105502029643, 0.918657791198095, 0.9225693230524784, 0.9401985977477954, 0.9249314305885958, 0.9300801379823997, 0.9333465172599436, 0.9199815295958964, 0.9355245351824875, 0.9267184605478987, 0.9312273611446287, 0.9141417940403558, 0.939225118784276, 0.9334462471897929, 0.9157566772422032, 0.9202820178121727, 0.9169238589717718, 0.928086157890868, 0.9385195210692261, 0.9262062992271332, 0.9308231662158549, 0.9213539607323467, 0.9293054327028184, 0.9255395784903865, 0.9290227621267989, 0.932105074706222, 0.9276548720684037, 0.9292230276258092, 0.9214737089617746, 0.9350279343855843, 0.9249322697910543, 0.9202578424923268, 0.9308270364247045, 0.9276542473585164]], "mean_mAP": [0.9272675911854452], "svc_BA": [[0.856418251991272, 0.8610354661941528, 0.8652374148368835, 0.8610711693763733, 0.8499337434768677, 0.8777322769165039, 0.8621610403060913, 0.8508139848709106, 0.860297679901123, 0.863951563835144, 0.8644710779190063, 0.8717982769012451, 0.8655325174331665, 0.8533408641815186, 0.867254376411438, 0.8585501313209534, 0.8587650060653687, 0.8603261709213257, 0.8760659694671631, 0.8449939489364624, 0.8638187646865845, 0.8566398620605469, 0.8655508756637573, 0.8735873699188232, 0.8714549541473389, 0.8564090728759766, 0.8645565509796143, 0.8541487455368042, 0.8427774906158447, 0.8858258724212646, 0.8531187176704407, 0.8629955053329468, 0.8761997222900391, 0.8640713095664978, 0.8716843128204346, 0.8573148846626282, 0.8709039688110352, 0.8480591773986816, 0.8718552589416504, 0.8653228878974915, 0.8622006773948669, 0.8553009033203125, 0.8611909747123718, 0.860297679901123, 0.8645851016044617, 0.8513880968093872, 0.8618587851524353, 0.8712314367294312, 0.8534181118011475, 0.8597592711448669, 0.8619157075881958, 0.8589692711830139, 0.8514093160629272, 0.8612064123153687, 0.8528372645378113, 0.8626535534858704, 0.8679352402687073, 0.8635203838348389, 0.8693538904190063, 0.8585085868835449]], "svc_mean_BA": [0.8619264483451843], "svc_mAP": [[0.9209770254317454, 0.9353628064177051, 0.9231974445566662, 0.935140207274747, 0.9204244038125897, 0.9312544399672981, 0.9330787991851173, 0.9135159570672309, 0.9319447899384535, 0.9159848933404651, 0.9311729112690906, 0.939647853693674, 0.9390499951498441, 0.9216465492636772, 0.9280571680168231, 0.921363629909046, 0.9319744741115422, 0.9262169978277363, 0.9396429870501243, 0.9176833682420373, 0.9314220574663469, 0.9285777427732139, 0.9282800289806562, 0.9400033232798164, 0.9439428445164229, 0.9160191959350471, 0.9331266151565532, 0.927044472358943, 0.9190118753075444, 0.9399264628907462, 0.9291229149262377, 0.9316266321069976, 0.9342261359745574, 0.9233427000420619, 0.9381681585656892, 0.9257847150058685, 0.9343287836552561, 0.9128862667832973, 0.9402464903054016, 0.9372677629296386, 0.9201452890872142, 0.92131893051551, 0.9219656322188879, 0.9285751270766688, 0.9379589436071131, 0.9262634451619457, 0.9340492041067883, 0.9184573138553622, 0.9321413469319539, 0.9239512079544205, 0.9312524177831261, 0.9337070446174042, 0.9234584978986362, 0.9257566748079953, 0.9212109527802914, 0.9349963934043608, 0.9333566706715417, 0.9215839886880787, 0.9408359576428378, 0.9263060519919554]], "svc_mean_mAP": [0.9288163828548001], "fs_time": [[]]}}