{"kernel": "linear", "reps": 1, "classification": {"mus": [0.04329004329004329], "accuracy": [[0.8673986196517944, 0.8643018007278442, 0.8614864945411682, 0.8631756901741028, 0.8561373949050903, 0.8572635054588318, 0.8589527010917664, 0.8499436974525452, 0.8640202879905701, 0.8657094836235046, 0.8651464581489563, 0.8490990996360779, 0.8631756901741028, 0.8597972989082336, 0.8707770109176636, 0.8758445978164673, 0.8609234094619751, 0.8474099040031433, 0.8716216087341309, 0.8643018007278442, 0.8699324131011963, 0.8707770109176636, 0.8426238894462585, 0.8567004203796387, 0.869087815284729, 0.8826013803482056, 0.8530405163764954, 0.8597972989082336, 0.8589527010917664, 0.8564189076423645, 0.8581081032752991, 0.8490990996360779, 0.875, 0.8572635054588318, 0.8673986196517944, 0.8524774312973022, 0.8589527010917664, 0.8640202879905701, 0.8457207083702087, 0.8640202879905701, 0.8766891956329346, 0.8507882952690125, 0.8589527010917664, 0.8513513803482056, 0.8637387752532959, 0.8673986196517944, 0.8476914763450623, 0.8597972989082336, 0.8699324131011963, 0.8657094836235046, 0.8490990996360779, 0.8640202879905701, 0.8617680072784424, 0.8521959185600281, 0.8699324131011963, 0.8507882952690125, 0.8673986196517944, 0.8623310923576355, 0.8499436974525452, 0.8735923767089844]], "mean_accuracy": [0.8610266516606013], "svc_accuracy": [[86.67820069204153, 85.97402597402598, 86.66666666666667, 86.24567474048443, 86.92640692640693, 85.10822510822511, 85.72664359861592, 85.45454545454545, 85.80086580086581, 85.81314878892734, 85.97402597402598, 85.97402597402598, 85.6401384083045, 85.45454545454545, 86.14718614718615, 87.0242214532872, 86.66666666666667, 85.10822510822511, 86.50519031141869, 87.27272727272727, 86.49350649350649, 87.37024221453287, 84.93506493506493, 85.1948051948052, 87.19723183391004, 87.44588744588745, 84.15584415584415, 85.46712802768167, 85.71428571428571, 85.10822510822511, 86.07266435986159, 86.06060606060606, 87.0995670995671, 85.81314878892734, 86.14718614718615, 85.71428571428571, 86.67820069204153, 86.32034632034632, 85.80086580086581, 86.76470588235294, 87.35930735930737, 85.1948051948052, 86.159169550173, 84.84848484848484, 88.22510822510823, 86.33217993079585, 85.88744588744589, 85.88744588744589, 86.24567474048443, 85.88744588744589, 84.67532467532467, 85.89965397923875, 87.35930735930737, 85.45454545454545, 87.0242214532872, 85.1948051948052, 85.97402597402598, 85.03460207612457, 85.80086580086581, 87.7056277056277]], "mean_svc_accuracy": [86.09775336159419], "BA": [[0.8638617396354675, 0.8692998886108398, 0.8580557107925415, 0.8660115003585815, 0.8692713975906372, 0.8532553911209106, 0.8612807989120483, 0.8548195362091064, 0.8606395721435547, 0.8622509241104126, 0.8697242736816406, 0.8537397384643555, 0.8656522035598755, 0.8562381267547607, 0.8677672743797302, 0.8728741407394409, 0.8659782409667969, 0.8515803217887878, 0.868353009223938, 0.8694138526916504, 0.866374135017395, 0.867592453956604, 0.8553578853607178, 0.8613203763961792, 0.8716944456100464, 0.8795783519744873, 0.8490249514579773, 0.8627598881721497, 0.8549875020980835, 0.8525745868682861, 0.8606400489807129, 0.8533123731613159, 0.8721686601638794, 0.8539271354675293, 0.8637617826461792, 0.8570329546928406, 0.8616700172424316, 0.8606395721435547, 0.8497912883758545, 0.8664127588272095, 0.8734734058380127, 0.8555858135223389, 0.8549990653991699, 0.8479197025299072, 0.8769375085830688, 0.8702033758163452, 0.860383152961731, 0.8562381267547607, 0.8665624856948853, 0.8624001145362854, 0.8535118103027344, 0.8603405952453613, 0.8664311170578003, 0.8485435247421265, 0.8665624856948853, 0.8551299571990967, 0.8639612197875977, 0.8589992523193359, 0.8547055721282959, 0.8784701824188232]], "mean_BA": [0.8618674546480178], "auc": [[0.9275384449554471, 0.934490246418888, 0.9317699210595772, 0.9354849334099838, 0.9313050363509849, 0.9230300885380426, 0.9320027306697327, 0.9243797538210523, 0.9355579816205581, 0.9297870556673373, 0.9347751757564124, 0.9281798114067711, 0.9308320159049536, 0.9288156537178779, 0.9374235189672961, 0.9336195745903995, 0.9330356071694221, 0.9312690452767713, 0.9351675529366675, 0.9334734985723541, 0.9397869328406555, 0.9370478825332951, 0.9285577176860139, 0.9272440434772177, 0.9373023857430297, 0.9398109268901313, 0.9260143484415864, 0.9340657037462872, 0.9239058713439067, 0.9274569906663147, 0.9360148989173135, 0.922904119778295, 0.9320668474218393, 0.929221160295104, 0.9308041605681792, 0.9334435060105093, 0.9281941649899396, 0.9337014420423736, 0.9272260479401108, 0.9384641180415828, 0.9400238740792284, 0.9251565611728291, 0.9230891300182045, 0.9260683350529069, 0.9396909566427527, 0.937458081824279, 0.9295174796650431, 0.930732178419752, 0.9404193015234263, 0.9258283945581496, 0.9246076972910717, 0.9279965507329692, 0.9375404899584903, 0.9266112004222953, 0.9341944524288588, 0.9270550903375964, 0.9308641456918685, 0.9350058685446009, 0.9288066559493247, 0.9433560477001705]], "mean_auc": [0.9316532234699673], "svc_BA": [[0.8664726614952087, 0.8595312833786011, 0.8664311170578003, 0.8624005913734436, 0.8693568706512451, 0.8505575656890869, 0.8569692373275757, 0.8542781472206116, 0.8577138185501099, 0.8578195571899414, 0.8593034148216248, 0.8594743609428406, 0.8559991121292114, 0.8542211651802063, 0.861491322517395, 0.8701135516166687, 0.8664311170578003, 0.8506715297698975, 0.8647719621658325, 0.8726500868797302, 0.8643856048583984, 0.8735148906707764, 0.8490534424781799, 0.8518082499504089, 0.8715746998786926, 0.8744391202926636, 0.840959906578064, 0.8549870848655701, 0.8564915657043457, 0.8507285118103027, 0.8605202436447144, 0.8598987460136414, 0.8712029457092285, 0.8578794002532959, 0.8610924482345581, 0.8569759726524353, 0.8666523098945618, 0.8628529906272888, 0.857542872428894, 0.8671733140945435, 0.8732739686965942, 0.8519222140312195, 0.8609514236450195, 0.8488284945487976, 0.8819912672042847, 0.8630713224411011, 0.8586225509643555, 0.8584800958633423, 0.8620113134384155, 0.8587650060653687, 0.8465835452079773, 0.8587297797203064, 0.8732739686965942, 0.8542495965957642, 0.8698740005493164, 0.8516373038291931, 0.8593888878822327, 0.8501065969467163, 0.8577423095703125, 0.8767380714416504]], "svc_mean_BA": [0.8607105751832326], "svc_auc": [[0.925403612149085, 0.9365597331861698, 0.9345322360054705, 0.9413055715243843, 0.9322677975861987, 0.9203697483024209, 0.9277480358340519, 0.9258913789380234, 0.9373515368188688, 0.9304278049247869, 0.9362628068239075, 0.9359088945941407, 0.9271881287726357, 0.9299103822252082, 0.9389261463157137, 0.938721615406726, 0.9353780262494902, 0.9320578496532861, 0.9343591309763342, 0.9343582791467716, 0.941790435971879, 0.9414103669636869, 0.9286027065287809, 0.9241488110948485, 0.939024025102999, 0.934856155673393, 0.927028097031936, 0.930050541343298, 0.9286716894210236, 0.930855147923315, 0.9337722765162404, 0.9264012524893825, 0.9303302780910334, 0.9334818434416019, 0.9322977901480431, 0.9359328886436163, 0.9266940931302098, 0.9368596588046165, 0.9351230894738105, 0.9394462010156175, 0.9436949636490151, 0.9249976005950524, 0.9284935805308039, 0.9222682774671882, 0.9447596995945006, 0.9382665037846123, 0.9315599731266646, 0.932849653285985, 0.9406827871993868, 0.9292445473522567, 0.9227661539938095, 0.9293558972884929, 0.9423902872087723, 0.9316949396549656, 0.9359011210117849, 0.9310021114763538, 0.931826906927082, 0.9356466178020504, 0.9289986083451304, 0.9413255512632867]], "svc_mean_auc": [0.9329905307633369], "fs_time": [[]]}}