{"kernel": "linear", "reps": 1, "classification": {"mus": [3.3333333333333335], "accuracy": [[0.9333333373069763, 1.0, 0.9333333373069763, 0.8666666746139526, 0.800000011920929, 0.8666666746139526, 0.8666666746139526, 0.8666666746139526, 0.9333333373069763, 0.8666666746139526, 0.9333333373069763, 0.9333333373069763, 0.7333333492279053, 1.0, 1.0, 0.7333333492279053, 0.9333333373069763, 0.7333333492279053, 0.8666666746139526, 0.7333333492279053, 0.8666666746139526, 0.8666666746139526, 1.0, 0.800000011920929, 0.9333333373069763, 0.9333333373069763, 0.9333333373069763, 0.8666666746139526, 0.8666666746139526, 0.8666666746139526, 1.0, 0.9333333373069763, 0.800000011920929, 1.0, 0.8666666746139526, 1.0, 0.9333333373069763, 0.8666666746139526, 1.0, 1.0, 1.0, 0.8666666746139526, 1.0, 0.9333333373069763, 0.800000011920929, 1.0, 0.9333333373069763, 0.800000011920929, 0.9333333373069763, 1.0, 0.6666666865348816, 1.0, 1.0, 0.8666666746139526, 0.7333333492279053, 0.800000011920929, 0.7333333492279053, 0.9333333373069763, 0.8666666746139526, 0.8666666746139526]], "mean_accuracy": [0.8933333396911621], "svc_accuracy": [[100.0, 100.0, 93.33333333333333, 86.66666666666667, 86.66666666666667, 100.0, 86.66666666666667, 86.66666666666667, 93.33333333333333, 86.66666666666667, 93.33333333333333, 93.33333333333333, 80.0, 100.0, 86.66666666666667, 100.0, 93.33333333333333, 93.33333333333333, 86.66666666666667, 73.33333333333333, 93.33333333333333, 93.33333333333333, 100.0, 93.33333333333333, 100.0, 93.33333333333333, 100.0, 80.0, 93.33333333333333, 100.0, 100.0, 93.33333333333333, 86.66666666666667, 100.0, 93.33333333333333, 86.66666666666667, 93.33333333333333, 93.33333333333333, 100.0, 100.0, 100.0, 86.66666666666667, 100.0, 80.0, 100.0, 100.0, 86.66666666666667, 93.33333333333333, 86.66666666666667, 100.0, 73.33333333333333, 100.0, 100.0, 86.66666666666667, 73.33333333333333, 80.0, 100.0, 86.66666666666667, 86.66666666666667, 86.66666666666667]], "mean_svc_accuracy": [92.00000000000001], "BA": [[0.9375, 1.0, 0.9375, 0.8660714626312256, 0.7857142686843872, 0.875, 0.8571428656578064, 0.8660714626312256, 0.9375, 0.875, 0.9285714626312256, 0.9375, 0.7142857313156128, 1.0, 1.0, 0.7142857313156128, 0.9375, 0.75, 0.8571428656578064, 0.7410714626312256, 0.8660714626312256, 0.8571428656578064, 1.0, 0.8125, 0.9285714626312256, 0.9375, 0.9375, 0.8660714626312256, 0.8571428656578064, 0.875, 1.0, 0.9375, 0.8125, 1.0, 0.8660714626312256, 1.0, 0.9285714626312256, 0.875, 1.0, 1.0, 1.0, 0.875, 1.0, 0.9375, 0.8125, 1.0, 0.9285714626312256, 0.8125, 0.9375, 1.0, 0.6785714626312256, 1.0, 1.0, 0.8660714626312256, 0.7142857313156128, 0.8125, 0.75, 0.9375, 0.875, 0.875]], "mean_BA": [0.8947916746139526], "mAP": [[1.0, 1.0, 0.9821428571428572, 0.932426948051948, 0.9659090909090909, 0.9999999999999998, 1.0, 0.975, 0.9999999999999998, 1.0, 1.0, 0.9617346938775511, 0.975, 1.0, 0.9999999999999998, 1.0, 1.0, 0.9999999999999998, 1.0, 0.9415178571428572, 0.9821428571428572, 1.0, 1.0, 0.9821428571428572, 1.0, 1.0, 0.9999999999999998, 0.9659090909090909, 1.0, 0.9821428571428572, 1.0, 1.0, 0.9821428571428572, 1.0, 0.9861111111111112, 0.9999999999999998, 1.0, 1.0, 0.9999999999999998, 1.0, 1.0, 0.9821428571428572, 1.0, 0.975, 0.9999999999999998, 1.0, 1.0, 0.9999999999999998, 1.0, 1.0, 0.9480519480519478, 1.0, 1.0, 0.9379251700680272, 0.9293650793650794, 0.9861111111111112, 0.9999999999999998, 1.0, 0.959375, 0.9999999999999998]], "mean_mAP": [0.9888715707242494], "svc_BA": [[1.0, 1.0, 0.9285714626312256, 0.8660714626312256, 0.8660714626312256, 1.0, 0.8571428656578064, 0.875, 0.9285714626312256, 0.875, 0.9375, 0.9285714626312256, 0.7857142686843872, 1.0, 0.8571428656578064, 1.0, 0.9375, 0.9285714626312256, 0.8571428656578064, 0.7410714626312256, 0.9285714626312256, 0.9285714626312256, 1.0, 0.9375, 1.0, 0.9375, 1.0, 0.8125, 0.9285714626312256, 1.0, 1.0, 0.9375, 0.8660714626312256, 1.0, 0.9375, 0.8571428656578064, 0.9285714626312256, 0.9375, 1.0, 1.0, 1.0, 0.8660714626312256, 1.0, 0.7946428656578064, 1.0, 1.0, 0.875, 0.9375, 0.875, 1.0, 0.7410714626312256, 1.0, 1.0, 0.8660714626312256, 0.7142857313156128, 0.8125, 1.0, 0.8571428656578064, 0.875, 0.8660714626312256]], "svc_mean_BA": [0.9197916766007741], "svc_mAP": [[1.0, 1.0, 0.9999999999999998, 0.9415178571428572, 0.9502840909090909, 0.9999999999999998, 1.0, 0.959375, 0.9999999999999998, 1.0, 1.0, 0.9821428571428572, 0.975, 1.0, 0.9999999999999998, 1.0, 1.0, 0.9999999999999998, 0.9472222222222222, 0.9526289682539683, 0.9999999999999998, 0.9861111111111112, 1.0, 0.9821428571428572, 1.0, 1.0, 0.9999999999999998, 0.9861111111111112, 1.0, 0.9999999999999998, 1.0, 1.0, 0.9379251700680272, 1.0, 1.0, 0.9999999999999998, 1.0, 1.0, 0.9999999999999998, 1.0, 1.0, 0.9682539682539681, 1.0, 0.975, 0.9999999999999998, 1.0, 1.0, 0.9821428571428572, 1.0, 1.0, 0.9571428571428571, 1.0, 1.0, 0.9821428571428572, 0.9085317460317461, 0.9861111111111112, 0.9999999999999998, 1.0, 1.0, 0.9821428571428572]], "svc_mean_mAP": [0.9890321583178726], "fs_time": [[]]}}