{"kernel": "linear", "reps": 1, "classification": {"mus": [3.3333333333333335], "accuracy": [[0.9333333373069763, 1.0, 0.9333333373069763, 0.8666666746139526, 0.800000011920929, 0.9333333373069763, 0.8666666746139526, 0.800000011920929, 1.0, 1.0, 0.9333333373069763, 0.9333333373069763, 0.6666666865348816, 1.0, 1.0, 0.7333333492279053, 1.0, 0.7333333492279053, 0.8666666746139526, 0.800000011920929, 0.800000011920929, 0.9333333373069763, 1.0, 0.800000011920929, 0.8666666746139526, 0.9333333373069763, 0.9333333373069763, 0.800000011920929, 0.9333333373069763, 0.8666666746139526, 1.0, 0.8666666746139526, 0.8666666746139526, 1.0, 0.8666666746139526, 0.9333333373069763, 0.9333333373069763, 0.8666666746139526, 1.0, 1.0, 0.9333333373069763, 0.6666666865348816, 1.0, 0.800000011920929, 0.7333333492279053, 1.0, 0.9333333373069763, 0.8666666746139526, 0.800000011920929, 1.0, 0.6666666865348816, 0.9333333373069763, 0.9333333373069763, 0.8666666746139526, 0.6666666865348816, 0.800000011920929, 0.800000011920929, 0.9333333373069763, 0.8666666746139526, 0.7333333492279053]], "mean_accuracy": [0.8822222292423249], "svc_accuracy": [[100.0, 100.0, 93.33333333333333, 86.66666666666667, 86.66666666666667, 100.0, 86.66666666666667, 86.66666666666667, 93.33333333333333, 86.66666666666667, 93.33333333333333, 93.33333333333333, 80.0, 100.0, 86.66666666666667, 100.0, 93.33333333333333, 93.33333333333333, 86.66666666666667, 73.33333333333333, 93.33333333333333, 93.33333333333333, 100.0, 93.33333333333333, 100.0, 93.33333333333333, 100.0, 80.0, 93.33333333333333, 100.0, 100.0, 93.33333333333333, 86.66666666666667, 100.0, 93.33333333333333, 86.66666666666667, 93.33333333333333, 93.33333333333333, 100.0, 100.0, 100.0, 86.66666666666667, 100.0, 80.0, 100.0, 100.0, 86.66666666666667, 93.33333333333333, 86.66666666666667, 100.0, 73.33333333333333, 100.0, 100.0, 86.66666666666667, 73.33333333333333, 80.0, 100.0, 86.66666666666667, 86.66666666666667, 86.66666666666667]], "mean_svc_accuracy": [92.00000000000001], "BA": [[0.9375, 1.0, 0.9375, 0.8660714626312256, 0.7857142686843872, 0.9375, 0.8571428656578064, 0.7946428656578064, 1.0, 1.0, 0.9285714626312256, 0.9375, 0.6428571343421936, 1.0, 1.0, 0.7142857313156128, 1.0, 0.75, 0.8571428656578064, 0.8125, 0.8125, 0.9285714626312256, 1.0, 0.8125, 0.875, 0.9375, 0.9375, 0.8125, 0.9285714626312256, 0.875, 1.0, 0.8660714626312256, 0.875, 1.0, 0.8660714626312256, 0.9375, 0.9285714626312256, 0.875, 1.0, 1.0, 0.9375, 0.6875, 1.0, 0.8125, 0.75, 1.0, 0.9285714626312256, 0.8660714626312256, 0.8125, 1.0, 0.6785714626312256, 0.9285714626312256, 0.9285714626312256, 0.8660714626312256, 0.6428571343421936, 0.8125, 0.8125, 0.9375, 0.875, 0.75]], "mean_BA": [0.884226197997729], "auc": [[1.0, 1.0, 1.0, 0.9285714285714286, 0.9464285714285714, 1.0, 1.0, 0.9642857142857143, 1.0, 1.0, 1.0, 1.0, 0.9821428571428572, 1.0, 1.0, 1.0, 1.0, 1.0, 1.0, 0.9107142857142857, 0.9642857142857143, 1.0, 1.0, 0.9821428571428571, 1.0, 1.0, 1.0, 0.9642857142857143, 1.0, 0.9821428571428571, 1.0, 0.9821428571428572, 0.9642857142857143, 1.0, 0.9821428571428572, 1.0, 1.0, 1.0, 1.0, 1.0, 1.0, 0.9821428571428571, 1.0, 0.9642857142857143, 1.0, 1.0, 1.0, 0.9821428571428571, 1.0, 1.0, 0.9285714285714286, 1.0, 1.0, 0.9464285714285714, 0.875, 0.9642857142857143, 1.0, 0.9821428571428572, 0.9821428571428572, 1.0]], "mean_auc": [0.9860119047619046], "svc_BA": [[1.0, 1.0, 0.9285714626312256, 0.8660714626312256, 0.8660714626312256, 1.0, 0.8571428656578064, 0.875, 0.9285714626312256, 0.875, 0.9375, 0.9285714626312256, 0.7857142686843872, 1.0, 0.8571428656578064, 1.0, 0.9375, 0.9285714626312256, 0.8571428656578064, 0.7410714626312256, 0.9285714626312256, 0.9285714626312256, 1.0, 0.9375, 1.0, 0.9375, 1.0, 0.8125, 0.9285714626312256, 1.0, 1.0, 0.9375, 0.8660714626312256, 1.0, 0.9375, 0.8571428656578064, 0.9285714626312256, 0.9375, 1.0, 1.0, 1.0, 0.8660714626312256, 1.0, 0.7946428656578064, 1.0, 1.0, 0.875, 0.9375, 0.875, 1.0, 0.7410714626312256, 1.0, 1.0, 0.8660714626312256, 0.7142857313156128, 0.8125, 1.0, 0.8571428656578064, 0.875, 0.8660714626312256]], "svc_mean_BA": [0.9197916766007741], "svc_auc": [[1.0, 1.0, 1.0, 0.9285714285714286, 0.9285714285714286, 1.0, 1.0, 0.9464285714285714, 1.0, 1.0, 1.0, 0.9821428571428571, 0.9642857142857143, 1.0, 1.0, 1.0, 1.0, 1.0, 0.9285714285714286, 0.9464285714285715, 1.0, 0.9821428571428572, 1.0, 0.9821428571428571, 1.0, 1.0, 1.0, 0.9821428571428572, 1.0, 1.0, 1.0, 1.0, 0.9464285714285714, 1.0, 1.0, 1.0, 1.0, 1.0, 1.0, 1.0, 1.0, 0.9642857142857143, 1.0, 0.9642857142857143, 1.0, 1.0, 1.0, 0.9821428571428571, 1.0, 1.0, 0.9464285714285714, 1.0, 1.0, 0.9821428571428571, 0.8928571428571428, 0.9821428571428572, 1.0, 1.0, 1.0, 0.9821428571428571]], "svc_mean_auc": [0.986904761904762], "fs_time": [[]]}}