{"reps": 1, "classification": {"mus": [3.3333333333333335, 3.3333333333333335, 3.3333333333333335, 3.3333333333333335, 3.3333333333333335], "n_features": [10, 50, 100, 150, 200], "accuracy": [[0.5, 0.5, 0.5, 0.5, 0.5, 0.5, 0.5, 0.5, 0.5, 0.5, 0.5, 0.5, 0.5, 0.5, 0.5, 0.5, 0.5, 0.5, 0.5, 0.5, 0.5, 0.5, 0.5, 0.5, 0.5, 0.5, 0.5, 0.5, 0.5, 0.5, 0.5, 0.5, 0.5, 0.5, 0.5, 0.5, 0.5, 0.5, 0.5, 0.5, 0.5, 0.5, 0.5, 0.5, 0.5, 0.5, 0.5, 0.5, 0.5, 0.5, 0.5, 0.5, 0.5, 0.5, 0.5, 0.5, 0.5, 0.5, 0.5, 0.5], [0.5, 0.5, 0.5, 0.5, 0.5, 0.5, 0.5, 0.5, 0.5, 0.5, 0.5, 0.5, 0.5, 0.5, 0.5, 0.5, 0.5, 0.5, 0.5, 0.5, 0.5, 0.5, 0.5, 0.5, 0.5, 0.5, 0.5, 0.5, 0.5, 0.5, 0.5, 0.5, 0.5, 0.5, 0.5, 0.5, 0.5, 0.5, 0.5, 0.5, 0.5, 0.5, 0.5, 0.5, 0.5, 0.5, 0.5, 0.5, 0.5, 0.5, 0.5, 0.5, 0.5, 0.5, 0.5, 0.5, 0.5, 0.5, 0.5, 0.5], [0.5, 0.5, 0.5, 0.5, 0.5, 0.5, 0.5, 0.5, 0.5, 0.5, 0.5, 0.5, 0.5, 0.5, 0.5, 0.5, 0.5, 0.5, 0.5, 0.5, 0.5, 0.5, 0.5, 0.5, 0.5, 0.5, 0.5, 0.5, 0.5, 0.5, 0.5, 0.5, 0.5, 0.5, 0.5, 0.5, 0.5, 0.5, 0.5, 0.5, 0.5, 0.5, 0.5, 0.5, 0.5, 0.5, 0.5, 0.5, 0.5, 0.5, 0.5, 0.5, 0.5, 0.5, 0.5, 0.5, 0.5, 0.5, 0.5, 0.5], [0.5, 0.5, 0.5, 0.5, 0.5, 0.5, 0.5, 0.5, 0.5, 0.5, 0.5, 0.5, 0.5, 0.5, 0.5, 0.5, 0.5, 0.5, 0.5, 0.5, 0.5, 0.5, 0.5, 0.5, 0.5, 0.5, 0.5, 0.5, 0.5, 0.5, 0.5, 0.5, 0.5, 0.5, 0.5, 0.5, 0.5, 0.5, 0.5, 0.5, 0.5, 0.5, 0.5, 0.5, 0.5, 0.5, 0.5, 0.5, 0.5, 0.5, 0.5, 0.5, 0.5, 0.5, 0.5, 0.5, 0.5, 0.5, 0.5, 0.5], [0.5, 0.5, 0.5, 0.5, 0.5, 0.5, 0.5, 0.5, 0.5, 0.5, 0.5, 0.5, 0.5, 0.5, 0.5, 0.5, 0.5, 0.5, 0.5, 0.5, 0.5, 0.5, 0.5, 0.5, 0.5, 0.5, 0.5, 0.5, 0.5, 0.5, 0.5, 0.5, 0.5, 0.5, 0.5, 0.5, 0.5, 0.5, 0.5, 0.5, 0.5, 0.5, 0.5, 0.5, 0.5, 0.5, 0.5, 0.5, 0.5, 0.5, 0.5, 0.5, 0.5, 0.5, 0.5, 0.5, 0.5, 0.5, 0.5, 0.5]], "mean_accuracy": [0.5, 0.5, 0.5, 0.5, 0.5], "svc_accuracy": [[86.66666666666667, 100.0, 93.33333333333333, 73.33333333333333, 93.33333333333333, 86.66666666666667, 86.66666666666667, 93.33333333333333, 80.0, 73.33333333333333, 80.0, 86.66666666666667, 93.33333333333333, 86.66666666666667, 80.0, 93.33333333333333, 93.33333333333333, 86.66666666666667, 93.33333333333333, 80.0, 100.0, 86.66666666666667, 86.66666666666667, 80.0, 93.33333333333333, 86.66666666666667, 93.33333333333333, 86.66666666666667, 93.33333333333333, 100.0, 80.0, 100.0, 93.33333333333333, 93.33333333333333, 100.0, 80.0, 100.0, 93.33333333333333, 93.33333333333333, 93.33333333333333, 93.33333333333333, 93.33333333333333, 100.0, 93.33333333333333, 93.33333333333333, 93.33333333333333, 100.0, 93.33333333333333, 80.0, 86.66666666666667, 100.0, 93.33333333333333, 86.66666666666667, 93.33333333333333, 80.0, 80.0, 93.33333333333333, 86.66666666666667, 80.0, 93.33333333333333], [93.33333333333333, 100.0, 93.33333333333333, 93.33333333333333, 100.0, 93.33333333333333, 100.0, 93.33333333333333, 100.0, 93.33333333333333, 80.0, 86.66666666666667, 100.0, 86.66666666666667, 86.66666666666667, 100.0, 100.0, 93.33333333333333, 100.0, 86.66666666666667, 100.0, 86.66666666666667, 93.33333333333333, 86.66666666666667, 100.0, 93.33333333333333, 100.0, 93.33333333333333, 93.33333333333333, 100.0, 93.33333333333333, 93.33333333333333, 100.0, 100.0, 100.0, 100.0, 100.0, 100.0, 100.0, 100.0, 93.33333333333333, 100.0, 100.0, 100.0, 93.33333333333333, 100.0, 93.33333333333333, 100.0, 86.66666666666667, 100.0, 100.0, 100.0, 93.33333333333333, 86.66666666666667, 100.0, 80.0, 100.0, 100.0, 93.33333333333333, 100.0], [93.33333333333333, 100.0, 100.0, 93.33333333333333, 93.33333333333333, 93.33333333333333, 100.0, 86.66666666666667, 100.0, 100.0, 100.0, 80.0, 100.0, 100.0, 93.33333333333333, 100.0, 100.0, 93.33333333333333, 100.0, 86.66666666666667, 93.33333333333333, 100.0, 100.0, 86.66666666666667, 100.0, 100.0, 100.0, 100.0, 100.0, 100.0, 93.33333333333333, 93.33333333333333, 93.33333333333333, 100.0, 93.33333333333333, 100.0, 93.33333333333333, 100.0, 93.33333333333333, 100.0, 93.33333333333333, 100.0, 100.0, 93.33333333333333, 100.0, 100.0, 93.33333333333333, 100.0, 93.33333333333333, 100.0, 100.0, 100.0, 93.33333333333333, 86.66666666666667, 93.33333333333333, 80.0, 100.0, 100.0, 86.66666666666667, 100.0], [93.33333333333333, 100.0, 93.33333333333333, 86.66666666666667, 86.66666666666667, 100.0, 93.33333333333333, 86.66666666666667, 93.33333333333333, 100.0, 100.0, 80.0, 93.33333333333333, 100.0, 93.33333333333333, 100.0, 100.0, 93.33333333333333, 100.0, 93.33333333333333, 93.33333333333333, 100.0, 100.0, 93.33333333333333, 100.0, 100.0, 100.0, 93.33333333333333, 93.33333333333333, 93.33333333333333, 100.0, 100.0, 93.33333333333333, 100.0, 100.0, 100.0, 93.33333333333333, 100.0, 100.0, 100.0, 93.33333333333333, 100.0, 100.0, 100.0, 100.0, 100.0, 86.66666666666667, 100.0, 100.0, 100.0, 100.0, 100.0, 93.33333333333333, 93.33333333333333, 93.33333333333333, 80.0, 93.33333333333333, 100.0, 86.66666666666667, 100.0], [100.0, 100.0, 93.33333333333333, 86.66666666666667, 86.66666666666667, 100.0, 93.33333333333333, 86.66666666666667, 93.33333333333333, 93.33333333333333, 93.33333333333333, 93.33333333333333, 93.33333333333333, 100.0, 86.66666666666667, 100.0, 100.0, 100.0, 100.0, 80.0, 93.33333333333333, 100.0, 100.0, 86.66666666666667, 100.0, 100.0, 100.0, 93.33333333333333, 100.0, 93.33333333333333, 100.0, 100.0, 100.0, 93.33333333333333, 93.33333333333333, 93.33333333333333, 93.33333333333333, 93.33333333333333, 100.0, 100.0, 93.33333333333333, 93.33333333333333, 100.0, 100.0, 100.0, 100.0, 86.66666666666667, 100.0, 100.0, 100.0, 100.0, 100.0, 93.33333333333333, 86.66666666666667, 86.66666666666667, 80.0, 100.0, 100.0, 86.66666666666667, 100.0]], "mean_svc_accuracy": [89.77777777777779, 95.55555555555556, 96.11111111111111, 96.0, 95.33333333333333],